ticker,date,entry_date,exit_date,label,trade_return_pct,score,fold
AAPL,2022-08-26,2022-08-29,2022-09-01,0,-0.030000000000000138,0.379269378672861,1
AXTI,2022-08-26,2022-08-29,2022-08-30,0,-0.029999999999999916,0.4234724797464532,1
DSX,2022-08-26,2022-08-29,2022-08-30,0,-0.030000000000000027,0.3598968779510079,1
KODK,2022-08-26,2022-08-29,2022-08-30,0,-0.030000000000000027,0.39448194316570495,1
MRVL,2022-08-26,2022-08-29,2022-08-30,0,-0.030000000000000027,0.32812173987553017,1
MSFT,2022-08-26,2022-08-29,2022-09-01,0,-0.030000000000000027,0.3706836467265546,1
NVAX,2022-08-26,2022-08-29,2022-08-29,1,0.050000000000000044,0.5179839315734054,1
NVDA,2022-08-26,2022-08-29,2022-08-30,0,-0.030000000000000027,0.4734740511966613,1
QCOM,2022-08-26,2022-08-29,2022-08-30,0,-0.030000000000000027,0.4272545759305146,1
SEI,2022-08-26,2022-08-29,2022-08-30,0,-0.030000000000000027,0.23872543404064378,1
STX,2022-08-26,2022-08-29,2022-08-30,0,-0.030000000000000027,0.37613202490094155,1
AAPL,2022-08-29,2022-08-30,2022-08-31,0,-0.030000000000000027,0.34228893721038567,1
AXTI,2022-08-29,2022-08-30,2022-08-30,0,-0.029999999999999916,0.4549761410801883,1
DSX,2022-08-29,2022-08-30,2022-08-30,0,-0.030000000000000027,0.3475513411143947,1
KODK,2022-08-29,2022-08-30,2022-08-30,0,-0.030000000000000027,0.392250105910619,1
MRVL,2022-08-29,2022-08-30,2022-08-30,0,-0.030000000000000027,0.4128373609884715,1
MSFT,2022-08-29,2022-08-30,2022-09-01,0,-0.030000000000000027,0.37871119457415703,1
NVAX,2022-08-29,2022-08-30,2022-08-30,0,-0.030000000000000027,0.5061535101327533,1
NVDA,2022-08-29,2022-08-30,2022-08-30,0,-0.030000000000000027,0.2864655819093369,1
QCOM,2022-08-29,2022-08-30,2022-08-30,0,-0.030000000000000027,0.402460413594756,1
SEI,2022-08-29,2022-08-30,2022-08-30,0,-0.030000000000000027,0.22709581101044823,1
STX,2022-08-29,2022-08-30,2022-08-30,0,-0.030000000000000027,0.4817570860156962,1
AAPL,2022-08-30,2022-08-31,2022-09-01,0,-0.030000000000000027,0.3444684502489939,1
AXTI,2022-08-30,2022-08-31,2022-08-31,0,-0.030000000000000027,0.4188422843363937,1
DSX,2022-08-30,2022-08-31,2022-09-07,0,-0.030000000000000027,0.3768725400148676,1
KODK,2022-08-30,2022-08-31,2022-09-01,0,-0.031021911624498077,0.4099693907759236,1
MRVL,2022-08-30,2022-08-31,2022-09-01,0,-0.045205982445161386,0.319076738476712,1
MSFT,2022-08-30,2022-08-31,2022-09-01,0,-0.030000000000000027,0.41567848130416357,1
NVAX,2022-08-30,2022-08-31,2022-08-31,0,-0.029999999999999916,0.47666669628871516,1
NVDA,2022-08-30,2022-08-31,2022-09-01,0,-0.07637783005070842,0.402975845118736,1
QCOM,2022-08-30,2022-08-31,2022-09-01,0,-0.030000000000000027,0.24648612593877028,1
SEI,2022-08-30,2022-08-31,2022-08-31,1,0.050000000000000044,0.23962567971953475,1
STX,2022-08-30,2022-08-31,2022-09-09,1,0.050000000000000044,0.27029159473761394,1
AAPL,2022-08-31,2022-09-01,2022-09-15,0,-0.030000000000000027,0.3098984887310443,1
AXTI,2022-08-31,2022-09-01,2022-09-02,0,-0.030000000000000138,0.612685112960812,1
DSX,2022-08-31,2022-09-01,2022-09-06,0,-0.030000000000000027,0.3023247331133945,1
KODK,2022-08-31,2022-09-01,2022-09-06,0,-0.030000000000000027,0.3437696630857856,1
MRVL,2022-08-31,2022-09-01,2022-09-01,0,-0.030000000000000027,0.27122854983621697,1
MSFT,2022-08-31,2022-09-01,2022-09-14,0,-0.030000000000000027,0.33776045472227056,1
NVAX,2022-08-31,2022-09-01,2022-09-01,0,-0.030000000000000027,0.35374832998851324,1
NVDA,2022-08-31,2022-09-01,2022-09-01,0,-0.030000000000000027,0.49341253670015345,1
QCOM,2022-08-31,2022-09-01,2022-09-01,0,-0.030000000000000027,0.22566784340344095,1
SEI,2022-08-31,2022-09-01,2022-09-01,0,-0.030000000000000138,0.22891391082056992,1
STX,2022-08-31,2022-09-01,2022-09-09,1,0.050000000000000044,0.33990846410780684,1
AAPL,2022-09-01,2022-09-02,2022-09-06,0,-0.030000000000000027,0.2960195895395818,1
AXTI,2022-09-01,2022-09-02,2022-09-02,0,-0.030000000000000027,0.5631277956946198,1
DSX,2022-09-01,2022-09-02,2022-09-06,0,-0.030000000000000027,0.26819283573437613,1
KODK,2022-09-01,2022-09-02,2022-09-06,0,-0.030000000000000027,0.325783054932416,1
MRVL,2022-09-01,2022-09-02,2022-09-06,0,-0.030000000000000027,0.43128942808265364,1
MSFT,2022-09-01,2022-09-02,2022-09-06,0,-0.030000000000000027,0.39309715273410817,1
NVAX,2022-09-01,2022-09-02,2022-09-02,0,-0.030000000000000027,0.3445034451805451,1
NVDA,2022-09-01,2022-09-02,2022-09-02,0,-0.030000000000000027,0.29444657424292425,1
QCOM,2022-09-01,2022-09-02,2022-09-02,0,-0.030000000000000027,0.17631483732375736,1
SEI,2022-09-01,2022-09-02,2022-09-07,0,-0.03474884382114862,0.2509368855728989,1
STX,2022-09-01,2022-09-02,2022-09-06,0,-0.030000000000000027,0.3826523132815985,1
AAPL,2022-09-02,2022-09-06,2022-09-15,0,-0.030000000000000138,0.407867377227193,1
AXTI,2022-09-02,2022-09-06,2022-09-06,0,-0.030000000000000027,0.5153734478870041,1
DSX,2022-09-02,2022-09-06,2022-09-06,0,-0.030000000000000027,0.2489245018380677,1
KODK,2022-09-02,2022-09-06,2022-09-06,0,-0.030000000000000027,0.2870757035101053,1
MRVL,2022-09-02,2022-09-06,2022-09-08,1,0.050000000000000044,0.4430013107843273,1
MSFT,2022-09-02,2022-09-06,2022-09-15,0,-0.030000000000000027,0.39440215431931747,1
NVAX,2022-09-02,2022-09-06,2022-09-06,0,-0.030000000000000027,0.37648944146552205,1
NVDA,2022-09-02,2022-09-06,2022-09-09,1,0.050000000000000044,0.38689124877584774,1
QCOM,2022-09-02,2022-09-06,2022-09-13,0,-0.030000000000000027,0.2653203686048142,1
SEI,2022-09-02,2022-09-06,2022-09-06,0,-0.030000000000000027,0.28284417869396694,1
STX,2022-09-02,2022-09-06,2022-09-09,1,0.050000000000000044,0.4382485391355026,1
AAPL,2022-09-06,2022-09-07,2022-09-12,1,0.050000000000000044,0.40317748445948665,1
AXTI,2022-09-06,2022-09-07,2022-09-08,1,0.050000000000000044,0.603324763155602,1
DSX,2022-09-06,2022-09-07,2022-09-08,0,-0.030000000000000138,0.23033004790375303,1
KODK,2022-09-06,2022-09-07,2022-09-09,1,0.050000000000000044,0.2880613734509699,1
MRVL,2022-09-06,2022-09-07,2022-09-08,1,0.050000000000000044,0.4834199385625987,1
MSFT,2022-09-06,2022-09-07,2022-09-12,1,0.050000000000000044,0.19631396704152965,1
NVAX,2022-09-06,2022-09-07,2022-09-07,1,0.050000000000000044,0.3191041835119631,1
NVDA,2022-09-06,2022-09-07,2022-09-09,1,0.050000000000000044,0.3629765883056656,1
QCOM,2022-09-06,2022-09-07,2022-09-12,1,0.050000000000000044,0.335973743829119,1
SEI,2022-09-06,2022-09-07,2022-09-09,1,0.050000000000000044,0.2930560675201547,1
STX,2022-09-06,2022-09-07,2022-09-09,1,0.050000000000000044,0.4475322419767177,1
AAPL,2022-09-07,2022-09-08,2022-09-12,1,0.050000000000000044,0.4503734580201089,1
AXTI,2022-09-07,2022-09-08,2022-09-09,1,0.050000000000000044,0.5407501906309912,1
DSX,2022-09-07,2022-09-08,2022-09-08,1,0.050000000000000044,0.39749187996097374,1
KODK,2022-09-07,2022-09-08,2022-09-09,1,0.050000000000000044,0.2853347889188835,1
MRVL,2022-09-07,2022-09-08,2022-09-09,1,0.05442768227008554,0.33107899266590335,1
MSFT,2022-09-07,2022-09-08,2022-09-15,0,-0.03005691555502865,0.23093127899314814,1
NVAX,2022-09-07,2022-09-08,2022-09-09,1,0.050000000000000044,0.48314651506437195,1
NVDA,2022-09-07,2022-09-08,2022-09-09,1,0.05186101560676026,0.42751102865996105,1
QCOM,2022-09-07,2022-09-08,2022-09-12,1,0.050000000000000044,0.3270318362034081,1
SEI,2022-09-07,2022-09-08,2022-09-16,0,-0.030000000000000027,0.19533397435107255,1
STX,2022-09-07,2022-09-08,2022-09-09,1,0.050000000000000044,0.372080772920121,1
AAPL,2022-09-08,2022-09-09,2022-09-12,1,0.050000000000000044,0.3132956756742152,1
AXTI,2022-09-08,2022-09-09,2022-09-13,0,-0.030000000000000027,0.591309479857667,1
DSX,2022-09-08,2022-09-09,2022-09-14,1,0.050000000000000044,0.21185096365147094,1
KODK,2022-09-08,2022-09-09,2022-09-14,0,-0.030000000000000027,0.2765201841427278,1
MRVL,2022-09-08,2022-09-09,2022-09-13,0,-0.030000000000000027,0.3920242210902962,1
MSFT,2022-09-08,2022-09-09,2022-09-13,0,-0.030000000000000027,0.21776790781514635,1
NVAX,2022-09-08,2022-09-09,2022-09-12,1,0.050000000000000044,0.48314651506437195,1
NVDA,2022-09-08,2022-09-09,2022-09-13,0,-0.030000000000000027,0.40295410571447066,1
QCOM,2022-09-08,2022-09-09,2022-09-13,0,-0.030000000000000027,0.39312866809883384,1
SEI,2022-09-08,2022-09-09,2022-09-13,0,-0.030000000000000027,0.29267620432913327,1
STX,2022-09-08,2022-09-09,2022-09-13,0,-0.030000000000000027,0.3264541647018761,1
AAPL,2022-09-09,2022-09-12,2022-09-13,0,-0.030000000000000027,0.45796861526737465,1
AXTI,2022-09-09,2022-09-12,2022-09-13,0,-0.030000000000000138,0.7007671745509423,1
DSX,2022-09-09,2022-09-12,2022-09-16,0,-0.030000000000000027,0.16290629543641563,1
KODK,2022-09-09,2022-09-12,2022-09-13,0,-0.030000000000000027,0.2706609521766235,1
MRVL,2022-09-09,2022-09-12,2022-09-13,0,-0.04377362438270527,0.48981210235414147,1
MSFT,2022-09-09,2022-09-12,2022-09-13,0,-0.030000000000000027,0.22875268977559737,1
NVAX,2022-09-09,2022-09-12,2022-09-13,0,-0.03215731559636004,0.43399809667259415,1
NVDA,2022-09-09,2022-09-12,2022-09-13,0,-0.039459991903406766,0.2668153184401694,1
QCOM,2022-09-09,2022-09-12,2022-09-13,0,-0.03473671533238287,0.3073871556469842,1
SEI,2022-09-09,2022-09-12,2022-09-13,0,-0.030000000000000027,0.26382707465647187,1
STX,2022-09-09,2022-09-12,2022-09-13,0,-0.03351639367725767,0.2997484523511919,1
AAPL,2022-09-12,2022-09-13,2022-09-13,0,-0.030000000000000027,0.49457115756475634,1
AXTI,2022-09-12,2022-09-13,2022-09-13,0,-0.030000000000000027,0.6079955448460775,1
DSX,2022-09-12,2022-09-13,2022-09-16,0,-0.030000000000000027,0.20286486022460615,1
KODK,2022-09-12,2022-09-13,2022-09-14,0,-0.030000000000000027,0.23487327725337773,1
MRVL,2022-09-12,2022-09-13,2022-09-15,0,-0.030000000000000027,0.3609711616274897,1
MSFT,2022-09-12,2022-09-13,2022-09-14,0,-0.030000000000000027,0.3597176467916664,1
NVAX,2022-09-12,2022-09-13,2022-09-13,0,-0.030000000000000027,0.3992421530362372,1
NVDA,2022-09-12,2022-09-13,2022-09-13,0,-0.030000000000000027,0.2885084684093982,1
QCOM,2022-09-12,2022-09-13,2022-09-13,0,-0.030000000000000027,0.30362694606753743,1
SEI,2022-09-12,2022-09-13,2022-09-16,0,-0.030000000000000027,0.2510182646488995,1
STX,2022-09-12,2022-09-13,2022-09-13,0,-0.030000000000000027,0.2699558832679735,1
AAPL,2022-09-13,2022-09-14,2022-09-16,0,-0.030000000000000027,0.3835882073977722,1
AXTI,2022-09-13,2022-09-14,2022-09-15,0,-0.030000000000000027,0.5049044147717442,1
DSX,2022-09-13,2022-09-14,2022-09-15,0,-0.0315582482903225,0.24546082256418397,1
KODK,2022-09-13,2022-09-14,2022-09-16,0,-0.030000000000000027,0.2822426804281528,1
MRVL,2022-09-13,2022-09-14,2022-09-15,0,-0.030000000000000027,0.3844241563417962,1
MSFT,2022-09-13,2022-09-14,2022-09-15,0,-0.030000000000000027,0.3631275565275535,1
NVAX,2022-09-13,2022-09-14,2022-09-14,1,0.050000000000000044,0.5265325991049059,1
NVDA,2022-09-13,2022-09-14,2022-09-15,0,-0.030000000000000027,0.4429388067353524,1
QCOM,2022-09-13,2022-09-14,2022-09-22,0,-0.030000000000000027,0.4631282925769851,1
SEI,2022-09-13,2022-09-14,2022-09-14,1,0.050000000000000044,0.32282692343847186,1
STX,2022-09-13,2022-09-14,2022-09-14,0,-0.030000000000000027,0.4210951832448077,1
AAPL,2022-09-14,2022-09-15,2022-09-16,0,-0.030000000000000027,0.37237948949617794,1
AXTI,2022-09-14,2022-09-15,2022-09-16,0,-0.03221806219043988,0.4049625224476555,1
DSX,2022-09-14,2022-09-15,2022-09-16,0,-0.030000000000000027,0.17227816332718307,1
KODK,2022-09-14,2022-09-15,2022-09-16,0,-0.030000000000000138,0.22287681660382708,1
MRVL,2022-09-14,2022-09-15,2022-09-15,0,-0.030000000000000027,0.43992450732762933,1
MSFT,2022-09-14,2022-09-15,2022-09-16,0,-0.030000000000000027,0.36050271973375186,1
NVAX,2022-09-14,2022-09-15,2022-09-16,0,-0.030000000000000027,0.41031961765748365,1
NVDA,2022-09-14,2022-09-15,2022-09-16,0,-0.030000000000000027,0.43030433615829217,1
QCOM,2022-09-14,2022-09-15,2022-09-22,0,-0.030000000000000027,0.4563457147101767,1
SEI,2022-09-14,2022-09-15,2022-09-16,0,-0.030000000000000027,0.266545294539908,1
STX,2022-09-14,2022-09-15,2022-09-20,0,-0.030000000000000027,0.5400501521443524,1
AAPL,2022-09-15,2022-09-16,2022-09-28,0,-0.029999999999999916,0.5055816077495849,1
AXTI,2022-09-15,2022-09-16,2022-09-16,0,-0.030000000000000027,0.47743392006450014,1
DSX,2022-09-15,2022-09-16,2022-09-16,0,-0.030000000000000027,0.1655731398451473,1
KODK,2022-09-15,2022-09-16,2022-09-20,0,-0.029999999999999916,0.24004028124528135,1
MRVL,2022-09-15,2022-09-16,2022-09-21,1,0.050000000000000044,0.4393516201609746,1
MSFT,2022-09-15,2022-09-16,2022-09-23,0,-0.030000000000000027,0.42502357009821584,1
NVAX,2022-09-15,2022-09-16,2022-09-16,0,-0.030000000000000027,0.27970422325797206,1
NVDA,2022-09-15,2022-09-16,2022-09-19,1,0.050000000000000044,0.4847969599469544,1
QCOM,2022-09-15,2022-09-16,2022-09-23,0,-0.030000000000000027,0.4331232577055224,1
SEI,2022-09-15,2022-09-16,2022-09-19,0,-0.037182007624671276,0.271260034184803,1
STX,2022-09-15,2022-09-16,2022-09-20,0,-0.030000000000000027,0.5399571952336856,1
AAPL,2022-09-16,2022-09-19,2022-09-20,1,0.050000000000000044,0.344607638328932,1
AXTI,2022-09-16,2022-09-19,2022-09-21,0,-0.030000000000000027,0.28064421345205554,1
DSX,2022-09-16,2022-09-19,2022-09-19,0,-0.030000000000000027,0.31960662297185755,1
KODK,2022-09-16,2022-09-19,2022-09-21,0,-0.030000000000000138,0.2607465986691436,1
MRVL,2022-09-16,2022-09-19,2022-09-21,1,0.050000000000000044,0.3440916762447359,1
MSFT,2022-09-16,2022-09-19,2022-09-27,0,-0.030000000000000027,0.4135385893682082,1
NVAX,2022-09-16,2022-09-19,2022-09-19,0,-0.030000000000000027,0.41586319959446333,1
NVDA,2022-09-16,2022-09-19,2022-09-21,1,0.050000000000000044,0.45299539411594714,1
QCOM,2022-09-16,2022-09-19,2022-09-23,0,-0.030000000000000027,0.4908149963623284,1
SEI,2022-09-16,2022-09-19,2022-09-19,1,0.050000000000000044,0.25869323140030775,1
STX,2022-09-16,2022-09-19,2022-09-20,0,-0.030000000000000027,0.5972916123571229,1
AAPL,2022-09-19,2022-09-20,2022-09-23,0,-0.030000000000000027,0.27691808746937957,1
AXTI,2022-09-19,2022-09-20,2022-09-21,0,-0.030000000000000027,0.33109564370526384,1
DSX,2022-09-19,2022-09-20,2022-09-23,0,-0.030000000000000027,0.32350793535716776,1
KODK,2022-09-19,2022-09-20,2022-09-21,0,-0.030000000000000027,0.2462169374850868,1
MRVL,2022-09-19,2022-09-20,2022-09-21,1,0.050000000000000044,0.28388894541669396,1
MSFT,2022-09-19,2022-09-20,2022-09-27,0,-0.030000000000000027,0.438885211935643,1
NVAX,2022-09-19,2022-09-20,2022-09-20,1,0.050000000000000044,0.49817500927845365,1
NVDA,2022-09-19,2022-09-20,2022-09-21,1,0.050000000000000044,0.37555692469655194,1
QCOM,2022-09-19,2022-09-20,2022-09-23,0,-0.030000000000000027,0.49627359436898866,1
SEI,2022-09-19,2022-09-20,2022-09-20,0,-0.030000000000000027,0.30628294605124495,1
STX,2022-09-19,2022-09-20,2022-09-22,0,-0.030000000000000027,0.5400951369737735,1
AAPL,2022-09-20,2022-09-21,2022-09-22,0,-0.03152420778236231,0.48439592334157444,1
AXTI,2022-09-20,2022-09-21,2022-09-21,0,-0.030000000000000138,0.21694484291348068,1
DSX,2022-09-20,2022-09-21,2022-09-21,0,-0.030000000000000027,0.27241711198186236,1
KODK,2022-09-20,2022-09-21,2022-09-21,0,-0.030000000000000027,0.2171895902739801,1
MRVL,2022-09-20,2022-09-21,2022-09-21,1,0.050000000000000044,0.27830485291524243,1
MSFT,2022-09-20,2022-09-21,2022-09-23,0,-0.030000000000000027,0.43519712733365606,1
NVAX,2022-09-20,2022-09-21,2022-09-21,0,-0.030000000000000027,0.49817500927845365,1
NVDA,2022-09-20,2022-09-21,2022-09-21,1,0.050000000000000044,0.4469973847628689,1
QCOM,2022-09-20,2022-09-21,2022-09-23,0,-0.030000000000000027,0.4716741245472757,1
SEI,2022-09-20,2022-09-21,2022-09-22,0,-0.030000000000000138,0.3224299167058112,1
STX,2022-09-20,2022-09-21,2022-09-23,0,-0.03247841546649699,0.5409227947522647,1
AAPL,2022-09-21,2022-09-22,2022-09-28,0,-0.03110628826161188,0.45378410910646516,1
AXTI,2022-09-21,2022-09-22,2022-09-23,0,-0.029999999999999916,0.3508339748754166,1
DSX,2022-09-21,2022-09-22,2022-09-23,0,-0.030000000000000027,0.27487119880164546,1
KODK,2022-09-21,2022-09-22,2022-09-22,0,-0.030000000000000027,0.2771748336875644,1
MRVL,2022-09-21,2022-09-22,2022-09-22,0,-0.030000000000000027,0.4152451437864948,1
MSFT,2022-09-21,2022-09-22,2022-10-04,1,0.050000000000000044,0.44018278469308697,1
NVAX,2022-09-21,2022-09-22,2022-09-22,0,-0.030000000000000027,0.3191041835119631,1
NVDA,2022-09-21,2022-09-22,2022-09-22,0,-0.029999999999999916,0.3397280147933138,1
QCOM,2022-09-21,2022-09-22,2022-09-23,0,-0.030000000000000027,0.5057399825073082,1
SEI,2022-09-21,2022-09-22,2022-09-23,0,-0.05853186760559981,0.2683376108181173,1
STX,2022-09-21,2022-09-22,2022-09-23,0,-0.030000000000000138,0.4140647720604387,1
AAPL,2022-09-22,2022-09-23,2022-09-28,0,-0.030000000000000138,0.388466367176395,1
AXTI,2022-09-22,2022-09-23,2022-09-23,0,-0.030000000000000027,0.46619100159400984,1
DSX,2022-09-22,2022-09-23,2022-09-23,0,-0.030000000000000027,0.2856403468624687,1
KODK,2022-09-22,2022-09-23,2022-09-23,0,-0.029999999999999916,0.36095944615148995,1
MRVL,2022-09-22,2022-09-23,2022-10-03,1,0.050000000000000044,0.4769320849692077,1
MSFT,2022-09-22,2022-09-23,2022-10-06,0,0.03026630430979238,0.4855135260469488,1
NVAX,2022-09-22,2022-09-23,2022-09-23,0,-0.030000000000000027,0.3191041835119631,1
NVDA,2022-09-22,2022-09-23,2022-09-29,0,-0.030000000000000027,0.2770339953135367,1
QCOM,2022-09-22,2022-09-23,2022-09-28,0,-0.030734036952717148,0.44673150797989797,1
SEI,2022-09-22,2022-09-23,2022-09-23,0,-0.030000000000000027,0.3420541257030066,1
STX,2022-09-22,2022-09-23,2022-09-26,0,-0.030000000000000027,0.42731292272965327,1
AAPL,2022-09-23,2022-09-26,2022-09-28,0,-0.030000000000000138,0.42292343281039857,1
AXTI,2022-09-23,2022-09-26,2022-09-28,1,0.050000000000000044,0.37334137132840656,1
DSX,2022-09-23,2022-09-26,2022-09-26,0,-0.029999999999999916,0.5930943825286008,1
KODK,2022-09-23,2022-09-26,2022-09-29,0,-0.030000000000000027,0.4945283200030456,1
MRVL,2022-09-23,2022-09-26,2022-10-04,1,0.06678985012150185,0.4556061271245994,1
MSFT,2022-09-23,2022-09-26,2022-10-04,1,0.050000000000000044,0.5614905781911692,1
NVAX,2022-09-23,2022-09-26,2022-09-26,0,-0.030000000000000027,0.3191041835119631,1
NVDA,2022-09-23,2022-09-26,2022-09-29,0,-0.030000000000000138,0.2770339953135367,1
QCOM,2022-09-23,2022-09-26,2022-09-28,0,-0.030000000000000027,0.48254112452150083,1
SEI,2022-09-23,2022-09-26,2022-09-26,1,0.050000000000000044,0.28266681790878834,1
STX,2022-09-23,2022-09-26,2022-09-26,0,-0.030000000000000027,0.4071077611971772,1
AAPL,2022-09-26,2022-09-27,2022-09-28,0,-0.03338994362011449,0.395905298023348,1
AXTI,2022-09-26,2022-09-27,2022-09-28,1,0.050000000000000044,0.3651279429909954,1
DSX,2022-09-26,2022-09-27,2022-09-29,0,-0.033505241725338974,0.3391869153353351,1
KODK,2022-09-26,2022-09-27,2022-09-29,0,-0.030000000000000138,0.5485658675660713,1
MRVL,2022-09-26,2022-09-27,2022-09-29,0,-0.030000000000000027,0.46657585020114584,1
MSFT,2022-09-26,2022-09-27,2022-09-30,0,-0.030000000000000027,0.546523106697763,1
NVAX,2022-09-26,2022-09-27,2022-09-27,1,0.050000000000000044,0.3191041835119631,1
NVDA,2022-09-26,2022-09-27,2022-09-29,0,-0.030000000000000027,0.35686044940710154,1
QCOM,2022-09-26,2022-09-27,2022-09-28,0,-0.030000000000000138,0.477969050550796,1
SEI,2022-09-26,2022-09-27,2022-09-28,1,0.050000000000000044,0.4545138253899097,1
STX,2022-09-26,2022-09-27,2022-09-29,0,-0.030000000000000027,0.33559956382879097,1
AAPL,2022-09-27,2022-09-28,2022-09-29,0,-0.029999999999999916,0.40111453180755235,1
AXTI,2022-09-27,2022-09-28,2022-10-04,0,-0.09170307495422159,0.34743336709971884,1
DSX,2022-09-27,2022-09-28,2022-09-29,0,-0.03846167260547628,0.40549721818021195,1
KODK,2022-09-27,2022-09-28,2022-09-29,0,-0.029999999999999916,0.5854963524952347,1
MRVL,2022-09-27,2022-09-28,2022-09-28,1,0.050000000000000044,0.33183816012556616,1
MSFT,2022-09-27,2022-09-28,2022-10-04,1,0.050000000000000044,0.5191284150648673,1
NVAX,2022-09-27,2022-09-28,2022-09-28,0,-0.030000000000000027,0.3191041835119631,1
NVDA,2022-09-27,2022-09-28,2022-09-29,0,-0.030000000000000027,0.302949678762253,1
QCOM,2022-09-27,2022-09-28,2022-09-29,0,-0.030000000000000027,0.4369655451405262,1
SEI,2022-09-27,2022-09-28,2022-09-28,1,0.050000000000000044,0.4554668036896583,1
STX,2022-09-27,2022-09-28,2022-09-29,0,-0.030000000000000027,0.32693933887497817,1
AAPL,2022-09-28,2022-09-29,2022-09-29,0,-0.030000000000000027,0.39574257897915877,1
AXTI,2022-09-28,2022-09-29,2022-10-04,0,-0.08905111562145696,0.3519173634501966,1
DSX,2022-09-28,2022-09-29,2022-09-29,0,-0.030000000000000027,0.3834525104223129,1
KODK,2022-09-28,2022-09-29,2022-09-29,0,-0.030000000000000138,0.33369268526703694,1
MRVL,2022-09-28,2022-09-29,2022-09-29,0,-0.030000000000000027,0.2733788012020917,1
MSFT,2022-09-28,2022-09-29,2022-10-10,0,-0.030000000000000027,0.5317167327219563,1
NVAX,2022-09-28,2022-09-29,2022-09-29,0,-0.030000000000000027,0.3191041835119631,1
NVDA,2022-09-28,2022-09-29,2022-09-29,0,-0.030000000000000027,0.32212180662666384,1
QCOM,2022-09-28,2022-09-29,2022-09-29,0,-0.030000000000000027,0.47637715823306104,1
SEI,2022-09-28,2022-09-29,2022-09-29,0,-0.030000000000000027,0.31649170815007477,1
STX,2022-09-28,2022-09-29,2022-09-29,0,-0.030000000000000027,0.43012333716804446,1
AAPL,2022-09-29,2022-09-30,2022-10-13,0,-0.044521291197629154,0.25012985331983845,1
AXTI,2022-09-29,2022-09-30,2022-10-04,0,-0.08100150129967976,0.36599454188202446,1
DSX,2022-09-29,2022-09-30,2022-10-03,1,0.050000000000000044,0.27539414759595815,1
KODK,2022-09-29,2022-09-30,2022-09-30,1,0.050000000000000044,0.47325941471982674,1
MRVL,2022-09-29,2022-09-30,2022-09-30,1,0.050000000000000044,0.36016607920033084,1
MSFT,2022-09-29,2022-09-30,2022-10-04,1,0.050000000000000044,0.5478687833434114,1
NVAX,2022-09-29,2022-09-30,2022-09-30,1,0.050000000000000044,0.3191041835119631,1
NVDA,2022-09-29,2022-09-30,2022-10-04,1,0.06552482618682065,0.2673111908293455,1
QCOM,2022-09-29,2022-09-30,2022-10-04,1,0.05836853428471067,0.6324159387008133,1
SEI,2022-09-29,2022-09-30,2022-10-03,1,0.05411246316965679,0.305647567050786,1
STX,2022-09-29,2022-09-30,2022-10-04,1,0.050000000000000044,0.32930167835593216,1
AAPL,2022-09-30,2022-10-03,2022-10-04,1,0.050000000000000044,0.26500373204020555,1
AXTI,2022-09-30,2022-10-03,2022-10-04,0,-0.09170307495422159,0.49145370645149555,1
DSX,2022-09-30,2022-10-03,2022-10-03,1,0.050000000000000044,0.34364667544703115,1
KODK,2022-09-30,2022-10-03,2022-10-04,1,0.050000000000000044,0.4889890803437642,1
MRVL,2022-09-30,2022-10-03,2022-10-04,1,0.058472903825524725,0.4153697264628451,1
MSFT,2022-09-30,2022-10-03,2022-10-04,1,0.050000000000000044,0.5485546851024122,1
NVAX,2022-09-30,2022-10-03,2022-10-03,0,-0.030000000000000027,0.3191041835119631,1
NVDA,2022-09-30,2022-10-03,2022-10-04,1,0.050000000000000044,0.23205810183501874,1
QCOM,2022-09-30,2022-10-03,2022-10-04,1,0.050000000000000044,0.4499618927146277,1
SEI,2022-09-30,2022-10-03,2022-10-04,1,0.050000000000000044,0.2778128562707322,1
STX,2022-09-30,2022-10-03,2022-10-04,1,0.050000000000000044,0.33956097884820374,1
AAPL,2022-10-03,2022-10-04,2022-10-07,0,-0.030000000000000027,0.22121958196030408,1
AXTI,2022-10-03,2022-10-04,2022-10-04,0,-0.030000000000000027,0.28714343529132386,1
DSX,2022-10-03,2022-10-04,2022-10-07,1,0.050000000000000044,0.4897263982749589,1
KODK,2022-10-03,2022-10-04,2022-10-04,1,0.050000000000000044,0.5178588110929636,1
MRVL,2022-10-03,2022-10-04,2022-10-05,1,0.050000000000000044,0.3507104956753591,1
MSFT,2022-10-03,2022-10-04,2022-10-07,0,-0.030000000000000027,0.4677920551837199,1
NVAX,2022-10-03,2022-10-04,2022-10-05,0,-0.030000000000000138,0.37648944146552205,1
NVDA,2022-10-03,2022-10-04,2022-10-06,1,0.050000000000000044,0.2767751109718449,1
QCOM,2022-10-03,2022-10-04,2022-10-06,1,0.050000000000000044,0.4226248435069076,1
SEI,2022-10-03,2022-10-04,2022-10-05,1,0.050000000000000044,0.2783570835716886,1
STX,2022-10-03,2022-10-04,2022-10-07,0,-0.030000000000000027,0.33700491830015417,1
AAPL,2022-10-04,2022-10-05,2022-10-07,0,-0.029999999999999916,0.22554683531423145,1
AXTI,2022-10-04,2022-10-05,2022-10-05,0,-0.030000000000000138,0.28234721673061675,1
DSX,2022-10-04,2022-10-05,2022-10-11,0,-0.030000000000000027,0.3844984421952939,1
KODK,2022-10-04,2022-10-05,2022-10-07,0,-0.036290287692390844,0.4530942384983381,1
MRVL,2022-10-04,2022-10-05,2022-10-05,1,0.050000000000000044,0.34986322278844034,1
MSFT,2022-10-04,2022-10-05,2022-10-07,0,-0.030000000000000027,0.40702720092069605,1
NVAX,2022-10-04,2022-10-05,2022-10-05,0,-0.030000000000000138,0.5306723877150414,1
NVDA,2022-10-04,2022-10-05,2022-10-06,1,0.050000000000000044,0.5471546193682093,1
QCOM,2022-10-04,2022-10-05,2022-10-06,1,0.050000000000000044,0.5391312997548442,1
SEI,2022-10-04,2022-10-05,2022-10-07,1,0.050000000000000044,0.41785301394543595,1
STX,2022-10-04,2022-10-05,2022-10-07,0,-0.029999999999999916,0.35812612532194144,1
AAPL,2022-10-05,2022-10-06,2022-10-07,0,-0.030000000000000027,0.22554683531423145,1
AXTI,2022-10-05,2022-10-06,2022-10-07,0,-0.030000000000000027,0.34596764918701595,1
DSX,2022-10-05,2022-10-06,2022-10-10,0,-0.030000000000000027,0.24269962191849845,1
KODK,2022-10-05,2022-10-06,2022-10-06,0,-0.030000000000000027,0.3083691713009018,1
MRVL,2022-10-05,2022-10-06,2022-10-07,0,-0.044504370797158854,0.4006100791006062,1
MSFT,2022-10-05,2022-10-06,2022-10-07,0,-0.030000000000000027,0.4704535204471675,1
NVAX,2022-10-05,2022-10-06,2022-10-06,0,-0.030000000000000027,0.4868850511953444,1
NVDA,2022-10-05,2022-10-06,2022-10-07,0,-0.054084636213376225,0.4756617700842513,1
QCOM,2022-10-05,2022-10-06,2022-10-07,0,-0.030000000000000138,0.4063251478551082,1
SEI,2022-10-05,2022-10-06,2022-10-10,0,-0.030000000000000027,0.5220609737340246,1
STX,2022-10-05,2022-10-06,2022-10-06,0,-0.030000000000000027,0.42140019914618965,1
AAPL,2022-10-06,2022-10-07,2022-10-11,0,-0.030000000000000027,0.21762025306980032,1
AXTI,2022-10-06,2022-10-07,2022-10-10,0,-0.029999999999999916,0.3213892833870565,1
DSX,2022-10-06,2022-10-07,2022-10-07,1,0.050000000000000044,0.34996197683077535,1
KODK,2022-10-06,2022-10-07,2022-10-07,0,-0.029999999999999916,0.3328938874685959,1
MRVL,2022-10-06,2022-10-07,2022-10-07,0,-0.030000000000000027,0.5506090768367806,1
MSFT,2022-10-06,2022-10-07,2022-10-07,0,-0.030000000000000027,0.4012423549353268,1
NVAX,2022-10-06,2022-10-07,2022-10-07,0,-0.030000000000000027,0.48222649145307156,1
NVDA,2022-10-06,2022-10-07,2022-10-07,0,-0.030000000000000027,0.5193434201598637,1
QCOM,2022-10-06,2022-10-07,2022-10-10,0,-0.030000000000000027,0.416751791606172,1
SEI,2022-10-06,2022-10-07,2022-10-10,0,-0.030000000000000027,0.5387486502005552,1
STX,2022-10-06,2022-10-07,2022-10-10,0,-0.030000000000000027,0.457737888381732,1
AAPL,2022-10-07,2022-10-10,2022-10-13,0,-0.03866948144460369,0.2548735798682949,1
AXTI,2022-10-07,2022-10-10,2022-10-10,0,-0.030000000000000027,0.3213892833870565,1
DSX,2022-10-07,2022-10-10,2022-10-10,0,-0.030000000000000138,0.30156101736200874,1
KODK,2022-10-07,2022-10-10,2022-10-10,0,-0.030000000000000027,0.3697924422643191,1
MRVL,2022-10-07,2022-10-10,2022-10-10,0,-0.029999999999999916,0.5621774638926513,1
MSFT,2022-10-07,2022-10-10,2022-10-11,0,-0.030000000000000027,0.5841383155214059,1
NVAX,2022-10-07,2022-10-10,2022-10-10,1,0.050000000000000044,0.3191041835119631,1
NVDA,2022-10-07,2022-10-10,2022-10-10,0,-0.030000000000000027,0.4338500070643612,1
QCOM,2022-10-07,2022-10-10,2022-10-10,0,-0.029999999999999916,0.4565173770980723,1
SEI,2022-10-07,2022-10-10,2022-10-11,0,-0.04126692586228298,0.6278273142646947,1
STX,2022-10-07,2022-10-10,2022-10-10,0,-0.030000000000000138,0.37264053509169337,1
AAPL,2022-10-10,2022-10-11,2022-10-13,0,-0.03509640717372864,0.2900781083655924,1
AXTI,2022-10-10,2022-10-11,2022-10-11,0,-0.030000000000000027,0.31423785528908055,1
DSX,2022-10-10,2022-10-11,2022-10-13,1,0.050000000000000044,0.51087679324111,1
KODK,2022-10-10,2022-10-11,2022-10-11,0,-0.030000000000000027,0.44217279954968236,1
MRVL,2022-10-10,2022-10-11,2022-10-11,0,-0.030000000000000027,0.5229089856950511,1
MSFT,2022-10-10,2022-10-11,2022-10-13,0,-0.03413586934782653,0.48824689516487363,1
NVAX,2022-10-10,2022-10-11,2022-10-11,0,-0.029999999999999916,0.5306723877150414,1
NVDA,2022-10-10,2022-10-11,2022-10-13,0,-0.0510336759715424,0.40484543583794136,1
QCOM,2022-10-10,2022-10-11,2022-10-12,0,-0.030000000000000027,0.4141011222810988,1
SEI,2022-10-10,2022-10-11,2022-10-13,1,0.050000000000000044,0.5451630851061853,1
STX,2022-10-10,2022-10-11,2022-10-13,0,-0.030000000000000027,0.37086883725319125,1
AAPL,2022-10-11,2022-10-12,2022-10-13,0,-0.030000000000000027,0.4743662077145544,1
AXTI,2022-10-11,2022-10-12,2022-10-12,0,-0.029999999999999916,0.31423785528908055,1
DSX,2022-10-11,2022-10-12,2022-10-12,0,-0.030000000000000027,0.51087679324111,1
KODK,2022-10-11,2022-10-12,2022-10-13,1,0.050000000000000044,0.4640929189760859,1
MRVL,2022-10-11,2022-10-12,2022-10-13,0,-0.0603130888073754,0.3911382941310825,1
MSFT,2022-10-11,2022-10-12,2022-10-14,1,0.050000000000000044,0.42171641546449185,1
NVAX,2022-10-11,2022-10-12,2022-10-12,0,-0.030000000000000027,0.4453533108705478,1
NVDA,2022-10-11,2022-10-12,2022-10-13,0,-0.052509048757188204,0.4151637571030947,1
QCOM,2022-10-11,2022-10-12,2022-10-13,0,-0.044778739885462104,0.5132155805800855,1
SEI,2022-10-11,2022-10-12,2022-10-13,1,0.050000000000000044,0.4720406645932838,1
STX,2022-10-11,2022-10-12,2022-10-13,0,-0.030000000000000027,0.25569393784174826,1
AAPL,2022-10-12,2022-10-13,2022-10-13,1,0.050000000000000044,0.5156383735210299,1
AXTI,2022-10-12,2022-10-13,2022-10-13,0,-0.030000000000000138,0.29270371215927166,1
DSX,2022-10-12,2022-10-13,2022-10-13,1,0.050000000000000044,0.39868997814392604,1
KODK,2022-10-12,2022-10-13,2022-10-13,1,0.050000000000000044,0.49078257749875004,1
MRVL,2022-10-12,2022-10-13,2022-10-13,1,0.050000000000000044,0.4509533934115484,1
MSFT,2022-10-12,2022-10-13,2022-10-13,1,0.050000000000000044,0.45341961868170066,1
NVAX,2022-10-12,2022-10-13,2022-10-13,1,0.050000000000000044,0.28758977977459493,1
NVDA,2022-10-12,2022-10-13,2022-10-13,1,0.050000000000000044,0.30974761185391875,1
QCOM,2022-10-12,2022-10-13,2022-10-13,1,0.050000000000000044,0.5664061127112794,1
SEI,2022-10-12,2022-10-13,2022-10-13,1,0.050000000000000044,0.48239290618673347,1
STX,2022-10-12,2022-10-13,2022-10-13,1,0.050000000000000044,0.22064417133796987,1
AAPL,2022-10-13,2022-10-14,2022-10-14,0,-0.030000000000000027,0.4104661183787971,1
AXTI,2022-10-13,2022-10-14,2022-10-14,0,-0.030000000000000027,0.33793805661568965,1
DSX,2022-10-13,2022-10-14,2022-10-27,0,0.007246244347109521,0.2495500177634315,1
KODK,2022-10-13,2022-10-14,2022-10-14,0,-0.030000000000000138,0.29356799942712664,1
MRVL,2022-10-13,2022-10-14,2022-10-14,0,-0.029999999999999916,0.43346810097926886,1
MSFT,2022-10-13,2022-10-14,2022-10-14,0,-0.030000000000000027,0.5460672128894677,1
NVAX,2022-10-13,2022-10-14,2022-10-14,0,-0.030000000000000027,0.3397164776650336,1
NVDA,2022-10-13,2022-10-14,2022-10-14,0,-0.030000000000000138,0.3277494263463602,1
QCOM,2022-10-13,2022-10-14,2022-10-14,0,-0.030000000000000027,0.39446086054975654,1
SEI,2022-10-13,2022-10-14,2022-10-17,1,0.050000000000000044,0.29039104067834387,1
STX,2022-10-13,2022-10-14,2022-10-14,0,-0.030000000000000027,0.3771770903115235,1
AAPL,2022-10-14,2022-10-17,2022-10-24,1,0.050000000000000044,0.3958549479718504,1
AXTI,2022-10-14,2022-10-17,2022-10-18,1,0.050000000000000044,0.2837547198441313,1
DSX,2022-10-14,2022-10-17,2022-10-20,0,-0.029999999999999916,0.29120893772343825,1
KODK,2022-10-14,2022-10-17,2022-10-18,1,0.050000000000000044,0.43174511141912364,1
MRVL,2022-10-14,2022-10-17,2022-10-18,0,-0.030000000000000027,0.42884978094741943,1
MSFT,2022-10-14,2022-10-17,2022-10-24,1,0.050000000000000044,0.466453676818261,1
NVAX,2022-10-14,2022-10-17,2022-10-18,0,-0.030000000000000027,0.28869957227309223,1
NVDA,2022-10-14,2022-10-17,2022-10-18,1,0.07171387384350036,0.38338062770398584,1
QCOM,2022-10-14,2022-10-17,2022-10-18,0,-0.030000000000000027,0.3373508517546273,1
SEI,2022-10-14,2022-10-17,2022-10-18,1,0.050000000000000044,0.37282859218348,1
STX,2022-10-14,2022-10-17,2022-10-21,1,0.050000000000000044,0.35444362653910605,1
AAPL,2022-10-17,2022-10-18,2022-10-18,0,-0.030000000000000138,0.4002822581453333,1
AXTI,2022-10-17,2022-10-18,2022-10-18,0,-0.030000000000000027,0.35483913966925007,1
DSX,2022-10-17,2022-10-18,2022-10-20,0,-0.030000000000000138,0.2651666734256999,1
KODK,2022-10-17,2022-10-18,2022-10-19,1,0.050000000000000044,0.2841845513425033,1
MRVL,2022-10-17,2022-10-18,2022-10-18,0,-0.030000000000000027,0.38494084360614905,1
MSFT,2022-10-17,2022-10-18,2022-10-18,0,-0.030000000000000138,0.39735062958320017,1
NVAX,2022-10-17,2022-10-18,2022-10-18,0,-0.030000000000000027,0.38731565095538073,1
NVDA,2022-10-17,2022-10-18,2022-10-18,0,-0.029999999999999916,0.3417764088152258,1
QCOM,2022-10-17,2022-10-18,2022-10-18,0,-0.030000000000000027,0.34628844004509257,1
SEI,2022-10-17,2022-10-18,2022-10-18,0,-0.030000000000000027,0.37840933337787774,1
STX,2022-10-17,2022-10-18,2022-10-18,0,-0.030000000000000027,0.44376674666968763,1
AAPL,2022-10-18,2022-10-19,2022-10-24,1,0.050000000000000044,0.21537765453028088,1
AXTI,2022-10-18,2022-10-19,2022-10-26,1,0.050000000000000044,0.35039829034872577,1
DSX,2022-10-18,2022-10-19,2022-10-20,0,-0.030000000000000027,0.2707605810385194,1
KODK,2022-10-18,2022-10-19,2022-10-19,1,0.050000000000000044,0.28065849716514646,1
MRVL,2022-10-18,2022-10-19,2022-10-20,1,0.050000000000000044,0.4108135672659172,1
MSFT,2022-10-18,2022-10-19,2022-10-25,1,0.050000000000000044,0.4564221329675601,1
NVAX,2022-10-18,2022-10-19,2022-10-19,0,-0.030000000000000138,0.4499710134612841,1
NVDA,2022-10-18,2022-10-19,2022-10-20,1,0.050000000000000044,0.3680036628926964,1
QCOM,2022-10-18,2022-10-19,2022-10-24,1,0.050000000000000044,0.3258638247438298,1
SEI,2022-10-18,2022-10-19,2022-10-19,1,0.050000000000000044,0.39980361898283256,1
STX,2022-10-18,2022-10-19,2022-10-21,1,0.050000000000000044,0.4487192443032232,1
AAPL,2022-10-19,2022-10-20,2022-10-24,1,0.050000000000000044,0.3082081047280785,1
AXTI,2022-10-19,2022-10-20,2022-10-20,1,0.050000000000000044,0.35370336162404736,1
DSX,2022-10-19,2022-10-20,2022-10-20,0,-0.030000000000000027,0.3142513977615645,1
KODK,2022-10-19,2022-10-20,2022-10-20,1,0.050000000000000044,0.30608699373904785,1
MRVL,2022-10-19,2022-10-20,2022-10-24,0,-0.030000000000000138,0.40992543266289444,1
MSFT,2022-10-19,2022-10-20,2022-10-24,1,0.050000000000000044,0.30799637787229067,1
NVAX,2022-10-19,2022-10-20,2022-10-20,0,-0.029999999999999916,0.49317656319309394,1
NVDA,2022-10-19,2022-10-20,2022-10-20,1,0.050000000000000044,0.3631409401110037,1
QCOM,2022-10-19,2022-10-20,2022-10-25,1,0.050000000000000044,0.3241897299619158,1
SEI,2022-10-19,2022-10-20,2022-10-26,1,0.050000000000000044,0.3972752817039453,1
STX,2022-10-19,2022-10-20,2022-10-24,1,0.050046857530625655,0.4661254754663775,1
AAPL,2022-10-20,2022-10-21,2022-10-24,1,0.050000000000000044,0.24917445745124345,1
AXTI,2022-10-20,2022-10-21,2022-10-26,1,0.050000000000000044,0.501867729584525,1
DSX,2022-10-20,2022-10-21,2022-10-26,1,0.050000000000000044,0.3951610312116105,1
KODK,2022-10-20,2022-10-21,2022-10-25,1,0.050000000000000044,0.3328283481171159,1
MRVL,2022-10-20,2022-10-21,2022-10-21,1,0.050000000000000044,0.3702967826859509,1
MSFT,2022-10-20,2022-10-21,2022-10-24,1,0.050000000000000044,0.3285714897548047,1
NVAX,2022-10-20,2022-10-21,2022-10-21,1,0.050000000000000044,0.49239100572719247,1
NVDA,2022-10-20,2022-10-21,2022-10-24,1,0.050000000000000044,0.49135214506059816,1
QCOM,2022-10-20,2022-10-21,2022-10-25,1,0.050000000000000044,0.3241897299619158,1
SEI,2022-10-20,2022-10-21,2022-10-26,1,0.050000000000000044,0.34432514105474027,1
STX,2022-10-20,2022-10-21,2022-10-21,1,0.050000000000000044,0.4868545027564609,1
AAPL,2022-10-21,2022-10-24,2022-10-28,1,0.050000000000000044,0.30188402358435074,1
AXTI,2022-10-21,2022-10-24,2022-10-26,1,0.050000000000000044,0.5313307200846199,1
DSX,2022-10-21,2022-10-24,2022-10-27,0,-0.030000000000000027,0.28972992759289246,1
KODK,2022-10-21,2022-10-24,2022-10-24,0,-0.030000000000000027,0.34519598372199545,1
MRVL,2022-10-21,2022-10-24,2022-10-24,0,-0.030000000000000027,0.4310616917373453,1
MSFT,2022-10-21,2022-10-24,2022-10-26,0,-0.05164914322934899,0.3143015370505541,1
NVAX,2022-10-21,2022-10-24,2022-10-24,0,-0.029999999999999916,0.4009562114563973,1
NVDA,2022-10-21,2022-10-24,2022-10-24,0,-0.030000000000000027,0.49590718459923033,1
QCOM,2022-10-21,2022-10-24,2022-10-28,0,-0.030000000000000027,0.44627686552517726,1
SEI,2022-10-21,2022-10-24,2022-10-26,1,0.050000000000000044,0.4228683140989758,1
STX,2022-10-21,2022-10-24,2022-10-26,0,-0.053909378367288374,0.49240988710733374,1
AAPL,2022-10-24,2022-10-25,2022-10-27,0,-0.030000000000000027,0.4329325553614781,1
AXTI,2022-10-24,2022-10-25,2022-10-26,1,0.050000000000000044,0.32557759897840743,1
DSX,2022-10-24,2022-10-25,2022-11-01,1,0.050000000000000044,0.3189584874020498,1
KODK,2022-10-24,2022-10-25,2022-10-25,1,0.050000000000000044,0.3832740873461261,1
MRVL,2022-10-24,2022-10-25,2022-10-25,1,0.050000000000000044,0.3965167344868105,1
MSFT,2022-10-24,2022-10-25,2022-10-26,0,-0.06507317143362668,0.3602512282961632,1
NVAX,2022-10-24,2022-10-25,2022-10-25,1,0.050000000000000044,0.3133192748380631,1
NVDA,2022-10-24,2022-10-25,2022-10-26,1,0.050000000000000044,0.5311689743812348,1
QCOM,2022-10-24,2022-10-25,2022-10-28,0,-0.030000000000000027,0.4973447405725422,1
SEI,2022-10-24,2022-10-25,2022-10-26,1,0.050000000000000044,0.5631382156263292,1
STX,2022-10-24,2022-10-25,2022-10-26,0,-0.052894811019725596,0.5358465912138358,1
AAPL,2022-10-25,2022-10-26,2022-10-27,0,-0.030000000000000138,0.5339960155279281,1
AXTI,2022-10-25,2022-10-26,2022-10-26,1,0.050000000000000044,0.41411057735916207,1
DSX,2022-10-25,2022-10-26,2022-10-27,0,-0.030000000000000027,0.33613437886355757,1
KODK,2022-10-25,2022-10-26,2022-10-26,1,0.050000000000000044,0.40106352741322765,1
MRVL,2022-10-25,2022-10-26,2022-10-26,0,-0.029999999999999916,0.43442140996566697,1
MSFT,2022-10-25,2022-10-26,2022-11-02,0,-0.030000000000000027,0.3761399949270366,1
NVAX,2022-10-25,2022-10-26,2022-10-26,1,0.050000000000000044,0.35209939732914836,1
NVDA,2022-10-25,2022-10-26,2022-10-27,1,0.05913418610459553,0.5054490451319678,1
QCOM,2022-10-25,2022-10-26,2022-10-27,0,-0.030000000000000027,0.4137477162753738,1
SEI,2022-10-25,2022-10-26,2022-10-26,1,0.050000000000000044,0.5689989071823898,1
STX,2022-10-25,2022-10-26,2022-10-26,0,-0.029999999999999916,0.48900211509791636,1
AAPL,2022-10-26,2022-10-27,2022-10-28,1,0.050000000000000044,0.4240357058476358,1
AXTI,2022-10-26,2022-10-27,2022-10-27,0,-0.029999999999999916,0.3762418514089569,1
DSX,2022-10-26,2022-10-27,2022-10-27,0,-0.030000000000000027,0.3370120446056696,1
KODK,2022-10-26,2022-10-27,2022-10-27,0,-0.030000000000000138,0.4195663732229594,1
MRVL,2022-10-26,2022-10-27,2022-10-27,1,0.050000000000000044,0.5300098839676286,1
MSFT,2022-10-26,2022-10-27,2022-11-02,0,-0.030000000000000027,0.45481639470760404,1
NVAX,2022-10-26,2022-10-27,2022-10-27,0,-0.030000000000000027,0.2992907781380345,1
NVDA,2022-10-26,2022-10-27,2022-10-27,0,-0.029999999999999916,0.6425768494748347,1
QCOM,2022-10-26,2022-10-27,2022-10-27,0,-0.030000000000000027,0.40254086722965293,1
SEI,2022-10-26,2022-10-27,2022-10-27,0,-0.030000000000000027,0.5595812292240213,1
STX,2022-10-26,2022-10-27,2022-10-28,0,-0.030000000000000027,0.6342104060612017,1
AAPL,2022-10-27,2022-10-28,2022-10-28,1,0.050000000000000044,0.3580792157206154,1
AXTI,2022-10-27,2022-10-28,2022-10-28,0,-0.030000000000000138,0.24677106798378082,1
DSX,2022-10-27,2022-10-28,2022-10-31,1,0.050000000000000044,0.40682925321201524,1
KODK,2022-10-27,2022-10-28,2022-11-04,1,0.050000000000000044,0.3785751482548842,1
MRVL,2022-10-27,2022-10-28,2022-11-02,1,0.050000000000000044,0.43193484670486426,1
MSFT,2022-10-27,2022-10-28,2022-11-03,0,-0.030000000000000027,0.5401482126776174,1
NVAX,2022-10-27,2022-10-28,2022-10-31,1,0.050000000000000044,0.3593411968469467,1
NVDA,2022-10-27,2022-10-28,2022-10-28,1,0.050000000000000044,0.5485467448935135,1
QCOM,2022-10-27,2022-10-28,2022-11-01,1,0.050000000000000044,0.4815348000062149,1
SEI,2022-10-27,2022-10-28,2022-10-28,0,-0.030000000000000027,0.5148948739164698,1
STX,2022-10-27,2022-10-28,2022-10-31,0,-0.030000000000000138,0.631364761682118,1
AAPL,2022-10-28,2022-10-31,2022-11-02,0,-0.030000000000000138,0.6746224680947166,1
AXTI,2022-10-28,2022-10-31,2022-11-01,1,0.050000000000000044,0.31669373825965275,1
DSX,2022-10-28,2022-10-31,2022-11-03,0,-0.030000000000000027,0.3696768541974361,1
KODK,2022-10-28,2022-10-31,2022-11-03,0,-0.034482767573136064,0.3444230528647323,1
MRVL,2022-10-28,2022-10-31,2022-11-02,0,-0.030000000000000138,0.3410931516518007,1
MSFT,2022-10-28,2022-10-31,2022-11-02,0,-0.030000000000000027,0.4075023393236902,1
NVAX,2022-10-28,2022-10-31,2022-11-01,0,-0.029999999999999916,0.3273182886996672,1
NVDA,2022-10-28,2022-10-31,2022-10-31,0,-0.030000000000000027,0.2977548426789514,1
QCOM,2022-10-28,2022-10-31,2022-11-02,0,-0.030000000000000027,0.4830641110498807,1
SEI,2022-10-28,2022-10-31,2022-10-31,1,0.050000000000000044,0.45578189318552476,1
STX,2022-10-28,2022-10-31,2022-11-02,0,-0.030000000000000027,0.53427503055394,1
AAPL,2022-10-31,2022-11-01,2022-11-01,0,-0.030000000000000027,0.504010972579805,1
AXTI,2022-10-31,2022-11-01,2022-11-01,1,0.050000000000000044,0.3576699256148844,1
DSX,2022-10-31,2022-11-01,2022-11-02,0,-0.030000000000000027,0.29265086960060444,1
KODK,2022-10-31,2022-11-01,2022-11-07,1,0.05128200201738786,0.47447467414388905,1
MRVL,2022-10-31,2022-11-01,2022-11-01,0,-0.030000000000000027,0.45852061847262243,1
MSFT,2022-10-31,2022-11-01,2022-11-01,0,-0.030000000000000027,0.4764406629719497,1
NVAX,2022-10-31,2022-11-01,2022-11-01,0,-0.030000000000000027,0.37780690739358475,1
NVDA,2022-10-31,2022-11-01,2022-11-02,0,-0.030000000000000027,0.36911716880131074,1
QCOM,2022-10-31,2022-11-01,2022-11-02,0,-0.030000000000000027,0.36260381852889045,1
SEI,2022-10-31,2022-11-01,2022-11-01,0,-0.030000000000000027,0.34279583858244517,1
STX,2022-10-31,2022-11-01,2022-11-03,0,-0.03485162702956335,0.4435344900248096,1
AAPL,2022-11-01,2022-11-02,2022-11-03,0,-0.04625710553277429,0.3339159052984121,1
AXTI,2022-11-01,2022-11-02,2022-11-07,1,0.050000000000000044,0.2837888952183146,1
DSX,2022-11-01,2022-11-02,2022-11-02,0,-0.030000000000000027,0.2939426034427726,1
KODK,2022-11-01,2022-11-02,2022-11-03,0,-0.030000000000000138,0.4864019090323885,1
MRVL,2022-11-01,2022-11-02,2022-11-02,0,-0.030000000000000027,0.4501746152241526,1
MSFT,2022-11-01,2022-11-02,2022-11-02,0,-0.030000000000000027,0.5624443636931694,1
NVAX,2022-11-01,2022-11-02,2022-11-02,0,-0.030000000000000138,0.4015232585644293,1
NVDA,2022-11-01,2022-11-02,2022-11-02,0,-0.030000000000000027,0.3637997163085783,1
QCOM,2022-11-01,2022-11-02,2022-11-02,0,-0.030000000000000027,0.4672689197096395,1
SEI,2022-11-01,2022-11-02,2022-11-02,1,0.050000000000000044,0.3935385272755018,1
STX,2022-11-01,2022-11-02,2022-11-03,0,-0.04092895794268647,0.501700706947012,1
AAPL,2022-11-02,2022-11-03,2022-11-04,0,-0.030000000000000027,0.41662592834136786,1
AXTI,2022-11-02,2022-11-03,2022-11-07,1,0.050000000000000044,0.24266901120647794,1
DSX,2022-11-02,2022-11-03,2022-11-07,1,0.050000000000000044,0.19896333949396894,1
KODK,2022-11-02,2022-11-03,2022-11-04,1,0.050000000000000044,0.4103217155417696,1
MRVL,2022-11-02,2022-11-03,2022-11-08,1,0.06600586892669424,0.49904610866937454,1
MSFT,2022-11-02,2022-11-03,2022-11-04,0,-0.030000000000000027,0.49018866142027423,1
NVAX,2022-11-02,2022-11-03,2022-11-03,1,0.050000000000000044,0.37910238228437004,1
NVDA,2022-11-02,2022-11-03,2022-11-03,1,0.050000000000000044,0.3944946763815576,1
QCOM,2022-11-02,2022-11-03,2022-11-07,1,0.050000000000000044,0.47379322835831705,1
SEI,2022-11-02,2022-11-03,2022-11-03,1,0.050000000000000044,0.4166656563444502,1
STX,2022-11-02,2022-11-03,2022-11-04,1,0.050000000000000044,0.4050228523304253,1
AAPL,2022-11-03,2022-11-04,2022-11-04,0,-0.029999999999999916,0.4098714446238051,1
AXTI,2022-11-03,2022-11-04,2022-11-07,1,0.050000000000000044,0.3082989097960491,1
DSX,2022-11-03,2022-11-04,2022-11-07,1,0.050000000000000044,0.25195996839323603,1
KODK,2022-11-03,2022-11-04,2022-11-09,0,-0.030000000000000027,0.44936666240819195,1
MRVL,2022-11-03,2022-11-04,2022-11-08,1,0.06295543742642629,0.5042268190608599,1
MSFT,2022-11-03,2022-11-04,2022-11-08,1,0.05125240113130847,0.39791582477324844,1
NVAX,2022-11-03,2022-11-04,2022-11-04,0,-0.029999999999999916,0.40473242083797545,1
NVDA,2022-11-03,2022-11-04,2022-11-08,1,0.05827250057039124,0.4172395581589814,1
QCOM,2022-11-03,2022-11-04,2022-11-08,1,0.050000000000000044,0.49102053941348306,1
SEI,2022-11-03,2022-11-04,2022-11-08,1,0.050000000000000044,0.39081644845043517,1
STX,2022-11-03,2022-11-04,2022-11-07,1,0.050000000000000044,0.4209460944183389,1
AAPL,2022-11-04,2022-11-07,2022-11-10,1,0.050000000000000044,0.425135588727736,1
AXTI,2022-11-04,2022-11-07,2022-11-10,1,0.06517315307658067,0.5704012347272747,1
DSX,2022-11-04,2022-11-07,2022-11-07,1,0.050000000000000044,0.2584525136432995,1
KODK,2022-11-04,2022-11-07,2022-11-09,0,-0.030000000000000027,0.5985816037454756,1
MRVL,2022-11-04,2022-11-07,2022-11-09,0,-0.030000000000000027,0.5251200571037434,1
MSFT,2022-11-04,2022-11-07,2022-11-10,1,0.06054339982526735,0.43288031214677425,1
NVAX,2022-11-04,2022-11-07,2022-11-07,0,-0.030000000000000027,0.3805220039077219,1
NVDA,2022-11-04,2022-11-07,2022-11-09,0,-0.030000000000000027,0.313443631471296,1
QCOM,2022-11-04,2022-11-07,2022-11-08,1,0.050000000000000044,0.4799539684507126,1
SEI,2022-11-04,2022-11-07,2022-11-09,0,-0.030000000000000027,0.4014459345862697,1
STX,2022-11-04,2022-11-07,2022-11-08,1,0.050000000000000044,0.49751586187989627,1
AAPL,2022-11-07,2022-11-08,2022-11-09,0,-0.030000000000000027,0.2969362923241617,1
AXTI,2022-11-07,2022-11-08,2022-11-10,1,0.050000000000000044,0.5547975810072981,1
DSX,2022-11-07,2022-11-08,2022-11-09,0,-0.030000000000000027,0.4051076670746246,1
KODK,2022-11-07,2022-11-08,2022-11-09,0,-0.030000000000000027,0.5269425952102208,1
MRVL,2022-11-07,2022-11-08,2022-11-08,0,-0.030000000000000138,0.41917180690285194,1
MSFT,2022-11-07,2022-11-08,2022-11-10,1,0.050000000000000044,0.5985465902147519,1
NVAX,2022-11-07,2022-11-08,2022-11-08,1,0.050000000000000044,0.45932249577493367,1
NVDA,2022-11-07,2022-11-08,2022-11-08,0,-0.030000000000000027,0.3359787065249268,1
QCOM,2022-11-07,2022-11-08,2022-11-10,1,0.050000000000000044,0.3392919137161477,1
SEI,2022-11-07,2022-11-08,2022-11-08,0,-0.030000000000000027,0.3917897774244204,1
STX,2022-11-07,2022-11-08,2022-11-09,0,-0.030000000000000027,0.49910120213597137,1
AAPL,2022-11-08,2022-11-09,2022-11-10,1,0.050000000000000044,0.3633096849679187,1
AXTI,2022-11-08,2022-11-09,2022-11-11,1,0.050000000000000044,0.46610779022280624,1
DSX,2022-11-08,2022-11-09,2022-11-15,0,-0.030000000000000027,0.3539107399649388,1
KODK,2022-11-08,2022-11-09,2022-11-09,0,-0.030000000000000138,0.45571912757184957,1
MRVL,2022-11-08,2022-11-09,2022-11-09,0,-0.030000000000000027,0.36391925597897434,1
MSFT,2022-11-08,2022-11-09,2022-11-10,1,0.050000000000000044,0.33963868674980735,1
NVAX,2022-11-08,2022-11-09,2022-11-09,0,-0.030000000000000027,0.47793376428904444,1
NVDA,2022-11-08,2022-11-09,2022-11-10,1,0.050000000000000044,0.5193797155694294,1
QCOM,2022-11-08,2022-11-09,2022-11-10,1,0.050000000000000044,0.38394561851208364,1
SEI,2022-11-08,2022-11-09,2022-11-09,0,-0.030000000000000027,0.3057293239053889,1
STX,2022-11-08,2022-11-09,2022-11-09,0,-0.030000000000000027,0.5488555244338026,1
AAPL,2022-11-09,2022-11-10,2022-11-11,1,0.050000000000000044,0.34307314638579633,1
AXTI,2022-11-09,2022-11-10,2022-11-16,0,-0.030000000000000027,0.5946804751823118,1
DSX,2022-11-09,2022-11-10,2022-11-10,0,-0.030000000000000027,0.322534596748777,1
KODK,2022-11-09,2022-11-10,2022-11-10,0,-0.030000000000000027,0.3743065090363515,1
MRVL,2022-11-09,2022-11-10,2022-11-10,1,0.050000000000000044,0.5313525809693024,1
MSFT,2022-11-09,2022-11-10,2022-11-11,1,0.050000000000000044,0.4561410322197774,1
NVAX,2022-11-09,2022-11-10,2022-11-10,1,0.050000000000000044,0.3878529276062819,1
NVDA,2022-11-09,2022-11-10,2022-11-10,1,0.050000000000000044,0.3870198035616125,1
QCOM,2022-11-09,2022-11-10,2022-11-11,1,0.050000000000000044,0.3875701016538297,1
SEI,2022-11-09,2022-11-10,2022-11-10,0,-0.030000000000000138,0.3107283321903842,1
STX,2022-11-09,2022-11-10,2022-11-11,1,0.050000000000000044,0.6013439470855937,1
AAPL,2022-11-10,2022-11-11,2022-11-15,1,0.050000000000000044,0.3736016869437546,1
AXTI,2022-11-10,2022-11-11,2022-11-14,0,-0.029999999999999916,0.44698163505363725,1
DSX,2022-11-10,2022-11-11,2022-11-14,0,-0.030000000000000027,0.313035433414323,1
KODK,2022-11-10,2022-11-11,2022-11-14,1,0.050000000000000044,0.23127337693275632,1
MRVL,2022-11-10,2022-11-11,2022-11-15,1,0.08027472773557931,0.436514626470094,1
MSFT,2022-11-10,2022-11-11,2022-11-25,0,0.021389634084670428,0.32143068328276225,1
NVAX,2022-11-10,2022-11-11,2022-11-11,1,0.050000000000000044,0.40194471697243767,1
NVDA,2022-11-10,2022-11-11,2022-11-15,1,0.057885692238526465,0.36708379854216344,1
QCOM,2022-11-10,2022-11-11,2022-11-15,1,0.05597097299752685,0.3785828747382234,1
SEI,2022-11-10,2022-11-11,2022-11-14,0,-0.030000000000000138,0.2968969149513405,1
STX,2022-11-10,2022-11-11,2022-11-11,1,0.050000000000000044,0.6239097552405727,1
AAPL,2022-11-11,2022-11-14,2022-11-28,0,-0.030000000000000138,0.3519789111151935,1
AXTI,2022-11-11,2022-11-14,2022-11-14,0,-0.030000000000000027,0.43095019650220623,1
DSX,2022-11-11,2022-11-14,2022-11-14,0,-0.030000000000000027,0.33803039518060846,1
KODK,2022-11-11,2022-11-14,2022-11-14,1,0.050000000000000044,0.22147681101379346,1
MRVL,2022-11-11,2022-11-14,2022-11-15,1,0.06191801685876119,0.4104228457457016,1
MSFT,2022-11-11,2022-11-14,2022-11-28,0,0.0018649870974150051,0.2844702153296761,1
NVAX,2022-11-11,2022-11-14,2022-11-14,0,-0.030000000000000027,0.2398527028812837,1
NVDA,2022-11-11,2022-11-14,2022-11-17,0,-0.031015028286827118,0.37841305146805365,1
QCOM,2022-11-11,2022-11-14,2022-11-15,1,0.050000000000000044,0.3776431541140052,1
SEI,2022-11-11,2022-11-14,2022-11-14,0,-0.030000000000000027,0.34445990053502745,1
STX,2022-11-11,2022-11-14,2022-11-16,0,-0.030000000000000027,0.3374359124517294,1
AAPL,2022-11-14,2022-11-15,2022-11-16,0,-0.030000000000000027,0.3398933828769983,1
AXTI,2022-11-14,2022-11-15,2022-11-16,0,-0.029999999999999916,0.6475770979658275,1
DSX,2022-11-14,2022-11-15,2022-11-15,0,-0.030000000000000027,0.33480946518321464,1
KODK,2022-11-14,2022-11-15,2022-11-15,1,0.050000000000000044,0.28268463425899565,1
MRVL,2022-11-14,2022-11-15,2022-11-15,0,-0.030000000000000027,0.2881034557271643,1
MSFT,2022-11-14,2022-11-15,2022-11-29,0,-0.018939424698882434,0.37184855974580444,1
NVAX,2022-11-14,2022-11-15,2022-11-15,0,-0.029999999999999916,0.3560484319950674,1
NVDA,2022-11-14,2022-11-15,2022-11-16,0,-0.03348876948142965,0.2726624849420079,1
QCOM,2022-11-14,2022-11-15,2022-11-16,0,-0.030000000000000027,0.4236964259723204,1
SEI,2022-11-14,2022-11-15,2022-11-17,0,-0.0471294486108218,0.31045318198140326,1
STX,2022-11-14,2022-11-15,2022-11-15,0,-0.030000000000000138,0.4985099507090999,1
AAPL,2022-11-15,2022-11-16,2022-11-28,0,-0.030000000000000027,0.34737186477367354,1
AXTI,2022-11-15,2022-11-16,2022-11-17,0,-0.038684774303845426,0.5403660691931449,1
DSX,2022-11-15,2022-11-16,2022-11-16,0,-0.030000000000000138,0.3199232847351182,1
KODK,2022-11-15,2022-11-16,2022-11-16,0,-0.030000000000000027,0.3440950170034867,1
MRVL,2022-11-15,2022-11-16,2022-11-16,0,-0.029999999999999916,0.36243631646637936,1
MSFT,2022-11-15,2022-11-16,2022-11-30,1,0.050000000000000044,0.35304683793658026,1
NVAX,2022-11-15,2022-11-16,2022-11-16,0,-0.030000000000000027,0.3304397627378952,1
NVDA,2022-11-15,2022-11-16,2022-11-17,0,-0.030000000000000027,0.2450706103864133,1
QCOM,2022-11-15,2022-11-16,2022-11-17,0,-0.03449674062027264,0.38618869369363124,1
SEI,2022-11-15,2022-11-16,2022-11-16,0,-0.030000000000000027,0.27851439383967247,1
STX,2022-11-15,2022-11-16,2022-11-16,0,-0.030000000000000027,0.5871986572360737,1
AAPL,2022-11-16,2022-11-17,2022-11-29,0,-0.030000000000000027,0.3585846664656294,1
AXTI,2022-11-16,2022-11-17,2022-11-18,1,0.06036221396365393,0.5567298333023036,1
DSX,2022-11-16,2022-11-17,2022-11-17,0,-0.030000000000000027,0.3070092184590888,1
KODK,2022-11-16,2022-11-17,2022-11-21,0,-0.030000000000000027,0.34492902532328584,1
MRVL,2022-11-16,2022-11-17,2022-11-17,1,0.050000000000000044,0.4680612038059927,1
MSFT,2022-11-16,2022-11-17,2022-11-30,1,0.050000000000000044,0.37342152653493543,1
NVAX,2022-11-16,2022-11-17,2022-11-18,0,-0.030000000000000138,0.4652203333867605,1
NVDA,2022-11-16,2022-11-17,2022-11-18,0,-0.030000000000000027,0.40004583363770396,1
QCOM,2022-11-16,2022-11-17,2022-11-23,1,0.050000000000000044,0.4281226795041602,1
SEI,2022-11-16,2022-11-17,2022-11-21,0,-0.030000000000000027,0.3621837771679028,1
STX,2022-11-16,2022-11-17,2022-11-29,0,-0.030000000000000027,0.5583656358593717,1
AAPL,2022-11-17,2022-11-18,2022-11-21,0,-0.030000000000000027,0.3993611578701769,1
AXTI,2022-11-17,2022-11-18,2022-11-22,0,-0.030000000000000027,0.4256341793972949,1
DSX,2022-11-17,2022-11-18,2022-11-18,0,-0.030000000000000027,0.3945333425043908,1
KODK,2022-11-17,2022-11-18,2022-11-18,0,-0.030000000000000027,0.39627854948749286,1
MRVL,2022-11-17,2022-11-18,2022-11-21,0,-0.03924169259760024,0.46232520686343354,1
MSFT,2022-11-17,2022-11-18,2022-12-01,1,0.050000000000000044,0.2572223197442061,1
NVAX,2022-11-17,2022-11-18,2022-11-18,0,-0.030000000000000027,0.5350223305313138,1
NVDA,2022-11-17,2022-11-18,2022-11-18,0,-0.030000000000000027,0.3988760852240803,1
QCOM,2022-11-17,2022-11-18,2022-11-21,0,-0.030000000000000027,0.46365445457346066,1
SEI,2022-11-17,2022-11-18,2022-11-18,0,-0.030000000000000027,0.2693856699506097,1
STX,2022-11-17,2022-11-18,2022-11-21,0,-0.029999999999999916,0.4902839670483402,1
AAPL,2022-11-18,2022-11-21,2022-11-28,0,-0.03343079396318149,0.4386055931676344,1
AXTI,2022-11-18,2022-11-21,2022-11-21,0,-0.030000000000000027,0.5287767788933884,1
DSX,2022-11-18,2022-11-21,2022-11-25,0,-0.030000000000000027,0.37782088644142764,1
KODK,2022-11-18,2022-11-21,2022-11-22,0,-0.03146064550252525,0.3832244721838986,1
MRVL,2022-11-18,2022-11-21,2022-11-21,0,-0.030000000000000027,0.5566135057325007,1
MSFT,2022-11-18,2022-11-21,2022-11-30,1,0.050000000000000044,0.36273680523513224,1
NVAX,2022-11-18,2022-11-21,2022-11-21,0,-0.029999999999999916,0.37269927886649146,1
NVDA,2022-11-18,2022-11-21,2022-11-22,1,0.050000000000000044,0.48865972596242285,1
QCOM,2022-11-18,2022-11-21,2022-11-30,1,0.050000000000000044,0.43474233838263027,1
SEI,2022-11-18,2022-11-21,2022-11-21,0,-0.030000000000000027,0.25564997692102953,1
STX,2022-11-18,2022-11-21,2022-11-28,0,-0.030000000000000027,0.40985144885828734,1
AAPL,2022-11-21,2022-11-22,2022-11-28,0,-0.029999999999999916,0.39695120832851993,1
AXTI,2022-11-21,2022-11-22,2022-11-23,1,0.050000000000000044,0.33058223078706944,1
DSX,2022-11-21,2022-11-22,2022-11-25,0,-0.04077769215663252,0.3759899196318457,1
KODK,2022-11-21,2022-11-22,2022-11-29,0,-0.030000000000000027,0.34436103928593204,1
MRVL,2022-11-21,2022-11-22,2022-11-23,1,0.050000000000000044,0.4821130638442042,1
MSFT,2022-11-21,2022-11-22,2022-12-01,1,0.050000000000000044,0.34820405601597765,1
NVAX,2022-11-21,2022-11-22,2022-11-22,0,-0.030000000000000027,0.3426583621299241,1
NVDA,2022-11-21,2022-11-22,2022-11-23,1,0.05023515481249885,0.47568701855022033,1
QCOM,2022-11-21,2022-11-22,2022-11-23,1,0.050000000000000044,0.39028885440450267,1
SEI,2022-11-21,2022-11-22,2022-11-23,0,-0.030000000000000027,0.2049555152084878,1
STX,2022-11-21,2022-11-22,2022-11-28,0,-0.030000000000000027,0.5921779314451507,1
AAPL,2022-11-22,2022-11-23,2022-11-28,0,-0.030000000000000138,0.38280076020714554,1
AXTI,2022-11-22,2022-11-23,2022-11-28,0,-0.030000000000000027,0.45097874016567163,1
DSX,2022-11-22,2022-11-23,2022-11-25,0,-0.030000000000000027,0.3483814928927492,1
KODK,2022-11-22,2022-11-23,2022-11-28,0,-0.030000000000000027,0.3960326933773291,1
MRVL,2022-11-22,2022-11-23,2022-11-30,1,0.050000000000000044,0.5013008239097015,1
MSFT,2022-11-22,2022-11-23,2022-12-07,0,-0.0030191726557260434,0.34823195884588737,1
NVAX,2022-11-22,2022-11-23,2022-11-25,0,-0.030000000000000138,0.40607308742310816,1
NVDA,2022-11-22,2022-11-23,2022-11-29,0,-0.030000000000000027,0.4767324174788439,1
QCOM,2022-11-22,2022-11-23,2022-11-28,0,-0.030000000000000027,0.3355724873396271,1
SEI,2022-11-22,2022-11-23,2022-11-23,0,-0.029999999999999916,0.32506171454466026,1
STX,2022-11-22,2022-11-23,2022-11-28,0,-0.030000000000000138,0.6301911590029515,1
AAPL,2022-11-23,2022-11-25,2022-11-28,0,-0.030000000000000027,0.3601191000895443,1
AXTI,2022-11-23,2022-11-25,2022-11-28,0,-0.032846683889073414,0.5861409833082298,1
DSX,2022-11-23,2022-11-25,2022-11-28,0,-0.030000000000000027,0.2939753465056999,1
KODK,2022-11-23,2022-11-25,2022-11-28,0,-0.030000000000000138,0.45299723444015094,1
MRVL,2022-11-23,2022-11-25,2022-11-30,1,0.050000000000000044,0.48412545342830765,1
MSFT,2022-11-23,2022-11-25,2022-11-29,0,-0.030000000000000027,0.3186361368461347,1
NVAX,2022-11-23,2022-11-25,2022-11-29,1,0.050000000000000044,0.3986484496659229,1
NVDA,2022-11-23,2022-11-25,2022-11-28,0,-0.030000000000000027,0.45714924271110624,1
QCOM,2022-11-23,2022-11-25,2022-11-28,0,-0.030000000000000027,0.369968906181607,1
SEI,2022-11-23,2022-11-25,2022-11-28,0,-0.03254983766614994,0.2775558530646307,1
STX,2022-11-23,2022-11-25,2022-11-28,0,-0.030000000000000027,0.6301911590029515,1
AAPL,2022-11-25,2022-11-28,2022-11-29,0,-0.030000000000000027,0.3608249141467294,1
AXTI,2022-11-25,2022-11-28,2022-11-28,0,-0.030000000000000027,0.5304943927378615,1
DSX,2022-11-25,2022-11-28,2022-11-28,0,-0.030000000000000027,0.29771584519353683,1
KODK,2022-11-25,2022-11-28,2022-11-30,0,-0.030000000000000138,0.44964803273274817,1
MRVL,2022-11-25,2022-11-28,2022-11-30,1,0.050000000000000044,0.5432775209082784,1
MSFT,2022-11-25,2022-11-28,2022-11-29,0,-0.030000000000000027,0.24668380903754575,1
NVAX,2022-11-25,2022-11-28,2022-11-28,1,0.050000000000000044,0.42389243479076394,1
NVDA,2022-11-25,2022-11-28,2022-11-29,0,-0.030000000000000027,0.45757017793335986,1
QCOM,2022-11-25,2022-11-28,2022-11-29,0,-0.030000000000000027,0.3209448362095694,1
SEI,2022-11-25,2022-11-28,2022-12-05,0,-0.030000000000000138,0.20164411681011699,1
STX,2022-11-25,2022-11-28,2022-11-28,0,-0.030000000000000027,0.6342669350265395,1
AAPL,2022-11-28,2022-11-29,2022-12-12,0,0.0013862414018097624,0.35753436610511796,1
AXTI,2022-11-28,2022-11-29,2022-12-08,0,-0.030000000000000027,0.4653239318679861,1
DSX,2022-11-28,2022-11-29,2022-11-29,0,-0.030000000000000138,0.37967365740673686,1
KODK,2022-11-28,2022-11-29,2022-11-30,0,-0.030000000000000027,0.4349598031741923,1
MRVL,2022-11-28,2022-11-29,2022-11-30,1,0.050000000000000044,0.5539722221322733,1
MSFT,2022-11-28,2022-11-29,2022-11-30,1,0.050000000000000044,0.24256512131781657,1
NVAX,2022-11-28,2022-11-29,2022-11-29,0,-0.030000000000000027,0.4594165664991063,1
NVDA,2022-11-28,2022-11-29,2022-11-30,1,0.050000000000000044,0.45440346703497375,1
QCOM,2022-11-28,2022-11-29,2022-11-30,1,0.050000000000000044,0.3646685376298821,1
SEI,2022-11-28,2022-11-29,2022-11-30,0,-0.030000000000000027,0.2317696908605066,1
STX,2022-11-28,2022-11-29,2022-11-30,0,-0.030000000000000138,0.5824300225480682,1
AAPL,2022-11-29,2022-11-30,2022-11-30,1,0.050000000000000044,0.4203358964994767,1
AXTI,2022-11-29,2022-11-30,2022-11-30,1,0.050000000000000044,0.4973275019154357,1
DSX,2022-11-29,2022-11-30,2022-12-02,0,-0.030000000000000027,0.40271681555262034,1
KODK,2022-11-29,2022-11-30,2022-12-02,0,-0.030000000000000027,0.40250516657885377,1
MRVL,2022-11-29,2022-11-30,2022-11-30,1,0.050000000000000044,0.5356933283308316,1
MSFT,2022-11-29,2022-11-30,2022-11-30,1,0.050000000000000044,0.3294773703313088,1
NVAX,2022-11-29,2022-11-30,2022-11-30,0,-0.029999999999999916,0.4784264101985599,1
NVDA,2022-11-29,2022-11-30,2022-11-30,1,0.050000000000000044,0.5542420570401791,1
QCOM,2022-11-29,2022-11-30,2022-11-30,1,0.050000000000000044,0.4564433781613338,1
SEI,2022-11-29,2022-11-30,2022-11-30,0,-0.030000000000000027,0.20316488689460738,1
STX,2022-11-29,2022-11-30,2022-12-01,1,0.050000000000000044,0.665903801332134,1
AAPL,2022-11-30,2022-12-01,2022-12-06,0,-0.030000000000000027,0.42973146168464715,1
AXTI,2022-11-30,2022-12-01,2022-12-02,0,-0.030000000000000027,0.506648130019573,1
DSX,2022-11-30,2022-12-01,2022-12-02,0,-0.030000000000000138,0.5149604691634317,1
KODK,2022-11-30,2022-12-01,2022-12-01,0,-0.030000000000000027,0.3404774968860027,1
MRVL,2022-11-30,2022-12-01,2022-12-01,0,-0.030000000000000027,0.48552143909274587,1
MSFT,2022-11-30,2022-12-01,2022-12-06,0,-0.030000000000000027,0.36861837387717356,1
NVAX,2022-11-30,2022-12-01,2022-12-01,1,0.050000000000000044,0.42070382535604195,1
NVDA,2022-11-30,2022-12-01,2022-12-02,0,-0.029999999999999916,0.3853237377147706,1
QCOM,2022-11-30,2022-12-01,2022-12-05,0,-0.030000000000000027,0.41465539941956886,1
SEI,2022-11-30,2022-12-01,2022-12-05,0,-0.030000000000000138,0.17913476357174585,1
STX,2022-11-30,2022-12-01,2022-12-02,0,-0.030000000000000027,0.623173306702603,1
AAPL,2022-12-01,2022-12-02,2022-12-07,0,-0.030000000000000027,0.32058032363641,1
AXTI,2022-12-01,2022-12-02,2022-12-07,0,-0.030000000000000138,0.4112470879302865,1
DSX,2022-12-01,2022-12-02,2022-12-05,1,0.050000000000000044,0.5416182882037331,1
KODK,2022-12-01,2022-12-02,2022-12-06,0,-0.030000000000000027,0.35034922565207255,1
MRVL,2022-12-01,2022-12-02,2022-12-02,1,0.050000000000000044,0.5527992928327234,1
MSFT,2022-12-01,2022-12-02,2022-12-07,0,-0.030000000000000027,0.39646693063305843,1
NVAX,2022-12-01,2022-12-02,2022-12-02,0,-0.030000000000000027,0.41086250732388113,1
NVDA,2022-12-01,2022-12-02,2022-12-06,0,-0.030000000000000027,0.4278239566545498,1
QCOM,2022-12-01,2022-12-02,2022-12-06,0,-0.030000000000000027,0.3629718869750908,1
SEI,2022-12-01,2022-12-02,2022-12-05,0,-0.030000000000000138,0.202903517519516,1
STX,2022-12-01,2022-12-02,2022-12-08,1,0.050000000000000044,0.608059036729037,1
AAPL,2022-12-02,2022-12-05,2022-12-06,0,-0.029999999999999916,0.2986348951213354,1
AXTI,2022-12-02,2022-12-05,2022-12-05,0,-0.030000000000000027,0.33031321635555483,1
DSX,2022-12-02,2022-12-05,2022-12-06,0,-0.029999999999999916,0.4174847543692917,1
KODK,2022-12-02,2022-12-05,2022-12-06,0,-0.030000000000000027,0.35034922565207255,1
MRVL,2022-12-02,2022-12-05,2022-12-05,0,-0.030000000000000027,0.37016592665152726,1
MSFT,2022-12-02,2022-12-05,2022-12-06,0,-0.030000000000000027,0.42679642069358353,1
NVAX,2022-12-02,2022-12-05,2022-12-05,1,0.050000000000000044,0.41149658620265445,1
NVDA,2022-12-02,2022-12-05,2022-12-06,0,-0.030000000000000027,0.47708613768610536,1
QCOM,2022-12-02,2022-12-05,2022-12-06,0,-0.030000000000000027,0.24830968136991569,1
SEI,2022-12-02,2022-12-05,2022-12-05,0,-0.029999999999999916,0.21011713006025057,1
STX,2022-12-02,2022-12-05,2022-12-07,0,-0.030000000000000027,0.5994169397853786,1
AAPL,2022-12-05,2022-12-06,2022-12-06,0,-0.030000000000000027,0.3283152249175017,1
AXTI,2022-12-05,2022-12-06,2022-12-07,0,-0.030000000000000027,0.4707332752249307,1
DSX,2022-12-05,2022-12-06,2022-12-06,0,-0.030000000000000138,0.4623013430536691,1
KODK,2022-12-05,2022-12-06,2022-12-07,0,-0.030000000000000027,0.5343568621552619,1
MRVL,2022-12-05,2022-12-06,2022-12-06,0,-0.030000000000000027,0.5818175087153886,1
MSFT,2022-12-05,2022-12-06,2022-12-07,0,-0.030000000000000027,0.22664165485048676,1
NVAX,2022-12-05,2022-12-06,2022-12-06,0,-0.030000000000000138,0.34124584589974194,1
NVDA,2022-12-05,2022-12-06,2022-12-06,0,-0.030000000000000027,0.505250117349439,1
QCOM,2022-12-05,2022-12-06,2022-12-06,0,-0.030000000000000027,0.19534592194577724,1
SEI,2022-12-05,2022-12-06,2022-12-07,0,-0.029999999999999916,0.16913683262579277,1
STX,2022-12-05,2022-12-06,2022-12-08,1,0.050000000000000044,0.6056500228084799,1
AAPL,2022-12-06,2022-12-07,2022-12-13,1,0.05140996867264214,0.34754938206923713,1
AXTI,2022-12-06,2022-12-07,2022-12-08,0,-0.030000000000000027,0.5309895731164366,1
DSX,2022-12-06,2022-12-07,2022-12-12,1,0.050000000000000044,0.42418514255656353,1
KODK,2022-12-06,2022-12-07,2022-12-12,0,-0.030000000000000027,0.4966766357602224,1
MRVL,2022-12-06,2022-12-07,2022-12-09,1,0.050000000000000044,0.5315372563058617,1
MSFT,2022-12-06,2022-12-07,2022-12-13,1,0.06886393801687274,0.2904371746285278,1
NVAX,2022-12-06,2022-12-07,2022-12-07,1,0.050000000000000044,0.4050704825307525,1
NVDA,2022-12-06,2022-12-07,2022-12-08,1,0.050000000000000044,0.5495783756573682,1
QCOM,2022-12-06,2022-12-07,2022-12-13,1,0.07156107985789584,0.27798506640982706,1
SEI,2022-12-06,2022-12-07,2022-12-07,0,-0.030000000000000027,0.22239040829193438,1
STX,2022-12-06,2022-12-07,2022-12-08,1,0.050000000000000044,0.6391261755366708,1
AAPL,2022-12-07,2022-12-08,2022-12-13,1,0.05015452465159553,0.3881773034201313,1
AXTI,2022-12-07,2022-12-08,2022-12-13,1,0.050000000000000044,0.6203159117389582,1
DSX,2022-12-07,2022-12-08,2022-12-12,1,0.050000000000000044,0.505707317528544,1
KODK,2022-12-07,2022-12-08,2022-12-12,0,-0.030000000000000027,0.42731292272965327,1
MRVL,2022-12-07,2022-12-08,2022-12-09,1,0.050000000000000044,0.5620561556542804,1
MSFT,2022-12-07,2022-12-08,2022-12-13,1,0.06882034441234963,0.2437505823562435,1
NVAX,2022-12-07,2022-12-08,2022-12-08,0,-0.030000000000000138,0.30418611698829306,1
NVDA,2022-12-07,2022-12-08,2022-12-08,1,0.050000000000000044,0.5306444375067209,1
QCOM,2022-12-07,2022-12-08,2022-12-13,1,0.06723820368309363,0.4213165300746392,1
SEI,2022-12-07,2022-12-08,2022-12-08,0,-0.030000000000000138,0.3561738052722302,1
STX,2022-12-07,2022-12-08,2022-12-09,1,0.050000000000000044,0.6353909912122157,1
AAPL,2022-12-08,2022-12-09,2022-12-13,1,0.0503020117205466,0.3219147342627487,1
AXTI,2022-12-08,2022-12-09,2022-12-12,0,-0.030000000000000138,0.5069230968165445,1
DSX,2022-12-08,2022-12-09,2022-12-12,1,0.050000000000000044,0.47514309651999265,1
KODK,2022-12-08,2022-12-09,2022-12-12,0,-0.030000000000000027,0.3389931621960874,1
MRVL,2022-12-08,2022-12-09,2022-12-13,1,0.0870710261020542,0.5621924891083376,1
MSFT,2022-12-08,2022-12-09,2022-12-13,1,0.06943177231597653,0.2127918399004264,1
NVAX,2022-12-08,2022-12-09,2022-12-09,0,-0.030000000000000138,0.3996524457625185,1
NVDA,2022-12-08,2022-12-09,2022-12-13,1,0.07989525753432747,0.5770824877913128,1
QCOM,2022-12-08,2022-12-09,2022-12-12,0,-0.03612671301946346,0.33452874379036907,1
SEI,2022-12-08,2022-12-09,2022-12-09,0,-0.030000000000000027,0.4849476366651451,1
STX,2022-12-08,2022-12-09,2022-12-13,1,0.06331893992398019,0.612363661483561,1
AAPL,2022-12-09,2022-12-12,2022-12-13,1,0.050000000000000044,0.29310999704170637,1
AXTI,2022-12-09,2022-12-12,2022-12-13,1,0.050000000000000044,0.5378034009501871,1
DSX,2022-12-09,2022-12-12,2022-12-15,1,0.05649718592704289,0.40261562813694834,1
KODK,2022-12-09,2022-12-12,2022-12-12,0,-0.030000000000000027,0.42731292272965327,1
MRVL,2022-12-09,2022-12-12,2022-12-13,1,0.09204779787249784,0.5420390258036043,1
MSFT,2022-12-09,2022-12-12,2022-12-13,1,0.05754694821581219,0.2152956269921085,1
NVAX,2022-12-09,2022-12-12,2022-12-12,0,-0.030000000000000027,0.4178713553279243,1
NVDA,2022-12-09,2022-12-12,2022-12-13,1,0.08769136336776495,0.5537607797376968,1
QCOM,2022-12-09,2022-12-12,2022-12-13,1,0.09408930565250118,0.4360339874753163,1
SEI,2022-12-09,2022-12-12,2022-12-12,1,0.050000000000000044,0.46245857355831776,1
STX,2022-12-09,2022-12-12,2022-12-13,1,0.0666665172934493,0.6137161167311828,1
AAPL,2022-12-12,2022-12-13,2022-12-13,0,-0.030000000000000027,0.3115811507560079,1
AXTI,2022-12-12,2022-12-13,2022-12-13,0,-0.030000000000000138,0.5101638277900868,1
DSX,2022-12-12,2022-12-13,2022-12-21,1,0.050000000000000044,0.4331816573123014,1
KODK,2022-12-12,2022-12-13,2022-12-13,0,-0.030000000000000027,0.339815649620145,1
MRVL,2022-12-12,2022-12-13,2022-12-13,0,-0.030000000000000027,0.5772745237773806,1
MSFT,2022-12-12,2022-12-13,2022-12-13,0,-0.030000000000000027,0.27476096013763324,1
NVAX,2022-12-12,2022-12-13,2022-12-13,1,0.050000000000000044,0.41444374334547607,1
NVDA,2022-12-12,2022-12-13,2022-12-13,0,-0.030000000000000027,0.5567216234626989,1
QCOM,2022-12-12,2022-12-13,2022-12-13,0,-0.030000000000000027,0.34416201849796985,1
SEI,2022-12-12,2022-12-13,2022-12-15,0,-0.04233875966064371,0.3564629711408802,1
STX,2022-12-12,2022-12-13,2022-12-13,0,-0.030000000000000027,0.51772133777277,1
AAPL,2022-12-13,2022-12-14,2022-12-15,0,-0.030000000000000027,0.25565046043404965,1
AXTI,2022-12-13,2022-12-14,2022-12-14,1,0.050000000000000044,0.5418145268716393,1
DSX,2022-12-13,2022-12-14,2022-12-16,1,0.050000000000000044,0.4239601269262993,1
KODK,2022-12-13,2022-12-14,2022-12-14,0,-0.030000000000000027,0.33329724224271107,1
MRVL,2022-12-13,2022-12-14,2022-12-15,0,-0.03723414320523155,0.37600753707540935,1
MSFT,2022-12-13,2022-12-14,2022-12-15,0,-0.030000000000000027,0.3907192449488222,1
NVAX,2022-12-13,2022-12-14,2022-12-14,1,0.050000000000000044,0.40486000096338637,1
NVDA,2022-12-13,2022-12-14,2022-12-14,0,-0.029999999999999916,0.7540036151541847,1
QCOM,2022-12-13,2022-12-14,2022-12-14,0,-0.030000000000000027,0.26931598586045713,1
SEI,2022-12-13,2022-12-14,2022-12-15,0,-0.04040386072062341,0.23949187293851093,1
STX,2022-12-13,2022-12-14,2022-12-15,0,-0.03708373896053929,0.4434913846507992,1
AAPL,2022-12-14,2022-12-15,2022-12-15,0,-0.030000000000000138,0.27203853437578274,1
AXTI,2022-12-14,2022-12-15,2022-12-15,0,-0.030000000000000138,0.571433245983127,1
DSX,2022-12-14,2022-12-15,2022-12-21,1,0.050000000000000044,0.2869833722296379,1
KODK,2022-12-14,2022-12-15,2022-12-15,0,-0.030000000000000027,0.32638323390934865,1
MRVL,2022-12-14,2022-12-15,2022-12-15,0,-0.030000000000000138,0.43312765153786087,1
MSFT,2022-12-14,2022-12-15,2022-12-16,0,-0.030000000000000027,0.49758578625076183,1
NVAX,2022-12-14,2022-12-15,2022-12-15,0,-0.030000000000000027,0.30641018297736045,1
NVDA,2022-12-14,2022-12-15,2022-12-16,0,-0.029999999999999916,0.7791568512763316,1
QCOM,2022-12-14,2022-12-15,2022-12-15,0,-0.030000000000000027,0.20698009231629477,1
SEI,2022-12-14,2022-12-15,2022-12-21,1,0.06210504912300707,0.23195288784883533,1
STX,2022-12-14,2022-12-15,2022-12-16,0,-0.030099157986084313,0.44820524222223407,1
AAPL,2022-12-15,2022-12-16,2022-12-19,0,-0.030000000000000027,0.26666285745474455,1
AXTI,2022-12-15,2022-12-16,2022-12-19,0,-0.030000000000000027,0.6173283053504182,1
DSX,2022-12-15,2022-12-16,2022-12-19,0,-0.030000000000000138,0.3079071145469466,1
KODK,2022-12-15,2022-12-16,2022-12-16,0,-0.029999999999999916,0.2837141730222609,1
MRVL,2022-12-15,2022-12-16,2022-12-16,0,-0.030000000000000027,0.5172830243983623,1
MSFT,2022-12-15,2022-12-16,2022-12-19,0,-0.030000000000000027,0.35156021040124596,1
NVAX,2022-12-15,2022-12-16,2022-12-16,1,0.050000000000000044,0.3191041835119631,1
NVDA,2022-12-15,2022-12-16,2022-12-19,0,-0.029999999999999916,0.663454593863191,1
QCOM,2022-12-15,2022-12-16,2022-12-19,0,-0.030000000000000027,0.3472220544666415,1
SEI,2022-12-15,2022-12-16,2022-12-21,1,0.05765201390358876,0.24558710001932216,1
STX,2022-12-15,2022-12-16,2022-12-22,0,-0.03708935581279349,0.4529022476778062,1
AAPL,2022-12-16,2022-12-19,2022-12-20,0,-0.029999999999999916,0.42462583357586164,1
AXTI,2022-12-16,2022-12-19,2022-12-19,0,-0.030000000000000027,0.5786593082281097,1
DSX,2022-12-16,2022-12-19,2022-12-19,0,-0.030000000000000027,0.43280551243745335,1
KODK,2022-12-16,2022-12-19,2022-12-19,0,-0.030000000000000027,0.33789341988550564,1
MRVL,2022-12-16,2022-12-19,2022-12-20,0,-0.030000000000000027,0.4480636006312863,1
MSFT,2022-12-16,2022-12-19,2022-12-22,0,-0.030000000000000027,0.316532146557152,1
NVAX,2022-12-16,2022-12-19,2022-12-19,0,-0.030000000000000138,0.3191041835119631,1
NVDA,2022-12-16,2022-12-19,2022-12-20,0,-0.03065411248326899,0.6034228483883874,1
QCOM,2022-12-16,2022-12-19,2022-12-22,0,-0.030000000000000138,0.4463180480027073,1
SEI,2022-12-16,2022-12-19,2022-12-21,1,0.050000000000000044,0.3619960912835317,1
STX,2022-12-16,2022-12-19,2022-12-19,0,-0.030000000000000138,0.5269947225495306,1
AAPL,2022-12-19,2022-12-20,2022-12-28,0,-0.030000000000000027,0.4728710161919806,1
AXTI,2022-12-19,2022-12-20,2022-12-22,0,-0.030000000000000027,0.5509321320527455,1
DSX,2022-12-19,2022-12-20,2022-12-21,1,0.050000000000000044,0.5143513792802886,1
KODK,2022-12-19,2022-12-20,2022-12-21,1,0.050000000000000044,0.33789341988550564,1
MRVL,2022-12-19,2022-12-20,2022-12-22,0,-0.029999999999999916,0.42239323875204066,1
MSFT,2022-12-19,2022-12-20,2023-01-04,0,-0.030000000000000027,0.329460085691044,1
NVAX,2022-12-19,2022-12-20,2022-12-20,1,0.050000000000000044,0.3191041835119631,1
NVDA,2022-12-19,2022-12-20,2022-12-22,0,-0.030000000000000027,0.4147819969725216,1
QCOM,2022-12-19,2022-12-20,2022-12-22,0,-0.030000000000000138,0.4752445150117106,1
SEI,2022-12-19,2022-12-20,2022-12-21,1,0.056544268601962155,0.3034618070482927,1
STX,2022-12-19,2022-12-20,2022-12-29,1,0.050000000000000044,0.6181925573796229,1
AAPL,2022-12-20,2022-12-21,2022-12-27,0,-0.030000000000000027,0.4124606501618359,1
AXTI,2022-12-20,2022-12-21,2022-12-22,0,-0.030000000000000027,0.4228089962129106,1
DSX,2022-12-20,2022-12-21,2022-12-21,1,0.050000000000000044,0.38483987891542815,1
KODK,2022-12-20,2022-12-21,2022-12-22,0,-0.030000000000000027,0.30756897050811477,1
MRVL,2022-12-20,2022-12-21,2022-12-22,0,-0.030000000000000138,0.43996625976410253,1
MSFT,2022-12-20,2022-12-21,2022-12-22,0,-0.030000000000000027,0.26942984613737025,1
NVAX,2022-12-20,2022-12-21,2022-12-21,0,-0.030000000000000027,0.3191041835119631,1
NVDA,2022-12-20,2022-12-21,2022-12-22,0,-0.030000000000000027,0.36327413313611234,1
QCOM,2022-12-20,2022-12-21,2022-12-22,0,-0.030000000000000138,0.5202004147420802,1
SEI,2022-12-20,2022-12-21,2022-12-22,0,-0.030000000000000027,0.2968748507712669,1
STX,2022-12-20,2022-12-21,2022-12-22,0,-0.04367253003049587,0.6340203157383311,1
AAPL,2022-12-21,2022-12-22,2022-12-22,0,-0.030000000000000027,0.3690806678367214,1
AXTI,2022-12-21,2022-12-22,2022-12-22,0,-0.030000000000000027,0.5655616169595268,1
DSX,2022-12-21,2022-12-22,2022-12-22,0,-0.030000000000000027,0.3225098090704662,1
KODK,2022-12-21,2022-12-22,2022-12-22,0,-0.030000000000000138,0.3115555219894523,1
MRVL,2022-12-21,2022-12-22,2022-12-22,0,-0.029999999999999916,0.3883901666700667,1
MSFT,2022-12-21,2022-12-22,2022-12-22,0,-0.030000000000000027,0.23916657708071348,1
NVAX,2022-12-21,2022-12-22,2022-12-22,0,-0.030000000000000138,0.4594422114674339,1
NVDA,2022-12-21,2022-12-22,2022-12-22,0,-0.030000000000000027,0.4051428458445374,1
QCOM,2022-12-21,2022-12-22,2022-12-22,0,-0.029999999999999916,0.447827765056218,1
SEI,2022-12-21,2022-12-22,2022-12-22,0,-0.029999999999999916,0.28331418654372725,1
STX,2022-12-21,2022-12-22,2022-12-27,1,0.050000000000000044,0.5537003548826591,1
AAPL,2022-12-22,2022-12-23,2022-12-28,0,-0.030000000000000027,0.45849487218959956,1
AXTI,2022-12-22,2022-12-23,2022-12-27,0,-0.030000000000000027,0.5019081406496989,1
DSX,2022-12-22,2022-12-23,2022-12-28,0,-0.030000000000000138,0.3177184676719304,1
KODK,2022-12-22,2022-12-23,2022-12-27,0,-0.030000000000000027,0.3115555219894523,1
MRVL,2022-12-22,2022-12-23,2022-12-28,0,-0.030000000000000027,0.5529762989607189,1
MSFT,2022-12-22,2022-12-23,2023-01-04,0,-0.030000000000000027,0.2547346940565044,1
NVAX,2022-12-22,2022-12-23,2022-12-23,0,-0.030000000000000138,0.4594422114674339,1
NVDA,2022-12-22,2022-12-23,2022-12-27,0,-0.030000000000000027,0.4302912131952364,1
QCOM,2022-12-22,2022-12-23,2023-01-06,1,0.050000000000000044,0.479637036260556,1
SEI,2022-12-22,2022-12-23,2022-12-27,1,0.050000000000000044,0.20659096279704908,1
STX,2022-12-22,2022-12-23,2022-12-29,1,0.050000000000000044,0.5559169269020395,1
AAPL,2022-12-23,2022-12-27,2022-12-28,0,-0.030000000000000027,0.46911459204825895,1
AXTI,2022-12-23,2022-12-27,2022-12-27,0,-0.030000000000000027,0.48606049409404534,1
DSX,2022-12-23,2022-12-27,2022-12-27,0,-0.030000000000000027,0.34948903802081965,1
KODK,2022-12-23,2022-12-27,2022-12-27,0,-0.030000000000000027,0.3115555219894523,1
MRVL,2022-12-23,2022-12-27,2022-12-28,0,-0.029999999999999916,0.4997607110138875,1
MSFT,2022-12-23,2022-12-27,2023-01-04,0,-0.030000000000000027,0.24000017964682333,1
NVAX,2022-12-23,2022-12-27,2022-12-27,0,-0.030000000000000138,0.4594422114674339,1
NVDA,2022-12-23,2022-12-27,2022-12-27,0,-0.030000000000000027,0.3840344853792884,1
QCOM,2022-12-23,2022-12-27,2023-01-06,1,0.050000000000000044,0.4688061056092189,1
SEI,2022-12-23,2022-12-27,2022-12-28,0,-0.030000000000000027,0.21927276047226077,1
STX,2022-12-23,2022-12-27,2022-12-29,1,0.050000000000000044,0.5995341474320616,1
AAPL,2022-12-27,2022-12-28,2023-01-03,0,-0.030000000000000027,0.4939168219496405,1
AXTI,2022-12-27,2022-12-28,2022-12-29,1,0.050000000000000044,0.4628733698789729,1
DSX,2022-12-27,2022-12-28,2022-12-28,0,-0.030000000000000027,0.29057385266455205,1
KODK,2022-12-27,2022-12-28,2022-12-28,0,-0.030000000000000027,0.3115555219894523,1
MRVL,2022-12-27,2022-12-28,2023-01-03,1,0.059530552973766415,0.5074720505796465,1
MSFT,2022-12-27,2022-12-28,2023-01-04,0,-0.030000000000000027,0.26925261440195625,1
NVAX,2022-12-27,2022-12-28,2022-12-29,1,0.050000000000000044,0.3191041835119631,1
NVDA,2022-12-27,2022-12-28,2022-12-29,1,0.050000000000000044,0.3344174382323693,1
QCOM,2022-12-27,2022-12-28,2023-01-06,1,0.050000000000000044,0.39925833628037466,1
SEI,2022-12-27,2022-12-28,2022-12-28,0,-0.029999999999999916,0.21876893885360493,1
STX,2022-12-27,2022-12-28,2023-01-06,1,0.050000000000000044,0.6216636047699444,1
AAPL,2022-12-28,2022-12-29,2023-01-12,0,0.042347066621555074,0.48167588151735935,1
AXTI,2022-12-28,2022-12-29,2023-01-04,1,0.050000000000000044,0.3703771503670269,1
DSX,2022-12-28,2022-12-29,2023-01-04,0,-0.030000000000000027,0.30079163962146577,1
KODK,2022-12-28,2022-12-29,2022-12-29,1,0.050000000000000044,0.30756897050811477,1
MRVL,2022-12-28,2022-12-29,2023-01-03,1,0.050429498310161414,0.5795064470738008,1
MSFT,2022-12-28,2022-12-29,2023-01-04,0,-0.030000000000000027,0.32067567577572226,1
NVAX,2022-12-28,2022-12-29,2022-12-29,1,0.050000000000000044,0.4594422114674339,1
NVDA,2022-12-28,2022-12-29,2023-01-09,1,0.061241388322786694,0.3070082309908987,1
QCOM,2022-12-28,2022-12-29,2023-01-06,1,0.050000000000000044,0.323729408464743,1
SEI,2022-12-28,2022-12-29,2022-12-29,1,0.050000000000000044,0.2540807306768129,1
STX,2022-12-28,2022-12-29,2023-01-06,1,0.050000000000000044,0.5868161254181751,1
AAPL,2022-12-29,2022-12-30,2023-01-03,0,-0.030000000000000027,0.5213544235238966,1
AXTI,2022-12-29,2022-12-30,2023-01-04,1,0.050000000000000044,0.49482633324425324,1
DSX,2022-12-29,2022-12-30,2023-01-03,0,-0.030000000000000138,0.32510795859475106,1
KODK,2022-12-29,2022-12-30,2022-12-30,0,-0.029999999999999916,0.3971414695755333,1
MRVL,2022-12-29,2022-12-30,2023-01-03,1,0.05657768806353891,0.4342907926920491,1
MSFT,2022-12-29,2022-12-30,2023-01-04,0,-0.030000000000000027,0.2427292305384087,1
NVAX,2022-12-29,2022-12-30,2022-12-30,1,0.050000000000000044,0.5306723877150414,1
NVDA,2022-12-29,2022-12-30,2023-01-09,1,0.06627597892243342,0.3807301849911951,1
QCOM,2022-12-29,2022-12-30,2023-01-06,1,0.050000000000000044,0.36197751434317016,1
SEI,2022-12-29,2022-12-30,2023-01-03,0,-0.030000000000000027,0.2161788510714843,1
STX,2022-12-29,2022-12-30,2023-01-06,1,0.050000000000000044,0.5154261095134987,1
AAPL,2022-12-30,2023-01-03,2023-01-03,0,-0.030000000000000027,0.5307055045985736,1
AXTI,2022-12-30,2023-01-03,2023-01-06,1,0.050000000000000044,0.5096093596487162,1
DSX,2022-12-30,2023-01-03,2023-01-03,0,-0.030000000000000027,0.21231223442596123,1
KODK,2022-12-30,2023-01-03,2023-01-04,1,0.050000000000000044,0.3730136498424442,1
MRVL,2022-12-30,2023-01-03,2023-01-03,0,-0.030000000000000027,0.39061046450154785,1
MSFT,2022-12-30,2023-01-03,2023-01-04,0,-0.04442965900119489,0.22034822362533035,1
NVAX,2022-12-30,2023-01-03,2023-01-03,0,-0.029999999999999916,0.4419522728736686,1
NVDA,2022-12-30,2023-01-03,2023-01-03,0,-0.030000000000000027,0.38362238503737073,1
QCOM,2022-12-30,2023-01-03,2023-01-03,0,-0.030000000000000027,0.4182911943955764,1
SEI,2022-12-30,2023-01-03,2023-01-03,0,-0.030000000000000138,0.3159315711525675,1
STX,2022-12-30,2023-01-03,2023-01-03,0,-0.030000000000000027,0.5433391871594574,1
AAPL,2023-01-03,2023-01-04,2023-01-09,1,0.050000000000000044,0.5011319092731535,1
AXTI,2023-01-03,2023-01-04,2023-01-06,1,0.050000000000000044,0.5130523779601718,1
DSX,2023-01-03,2023-01-04,2023-01-05,0,-0.030000000000000027,0.2852434096757019,1
KODK,2023-01-03,2023-01-04,2023-01-05,1,0.050000000000000044,0.40113683135853306,1
MRVL,2023-01-03,2023-01-04,2023-01-04,0,-0.030000000000000027,0.4885714721514278,1
MSFT,2023-01-03,2023-01-04,2023-01-05,0,-0.030000000000000027,0.2165987459454631,1
NVAX,2023-01-03,2023-01-04,2023-01-04,1,0.050000000000000044,0.547508089458014,1
NVDA,2023-01-03,2023-01-04,2023-01-06,0,-0.030000000000000027,0.41443252107609146,1
QCOM,2023-01-03,2023-01-04,2023-01-06,1,0.050000000000000044,0.3182318176938656,1
SEI,2023-01-03,2023-01-04,2023-01-05,1,0.050000000000000044,0.35254602671151314,1
STX,2023-01-03,2023-01-04,2023-01-06,1,0.050000000000000044,0.4264018352519909,1
AAPL,2023-01-04,2023-01-05,2023-01-11,1,0.050000000000000044,0.47845795700129673,1
AXTI,2023-01-04,2023-01-05,2023-01-06,1,0.050000000000000044,0.5374934270083765,1
DSX,2023-01-04,2023-01-05,2023-01-06,1,0.050000000000000044,0.3453158504245811,1
KODK,2023-01-04,2023-01-05,2023-01-06,0,-0.030000000000000027,0.23264210334836735,1
MRVL,2023-01-04,2023-01-05,2023-01-06,0,-0.030000000000000027,0.3992517837547643,1
MSFT,2023-01-04,2023-01-05,2023-01-06,0,-0.030000000000000027,0.40100124616121385,1
NVAX,2023-01-04,2023-01-05,2023-01-05,0,-0.030000000000000138,0.3948930258409335,1
NVDA,2023-01-04,2023-01-05,2023-01-06,0,-0.030000000000000027,0.3561458353860825,1
QCOM,2023-01-04,2023-01-05,2023-01-06,1,0.050000000000000044,0.424196728183199,1
SEI,2023-01-04,2023-01-05,2023-01-06,1,0.050000000000000044,0.2823240628774798,1
STX,2023-01-04,2023-01-05,2023-01-06,1,0.050000000000000044,0.5432815228008433,1
AAPL,2023-01-05,2023-01-06,2023-01-09,1,0.050000000000000044,0.46777941500602715,1
AXTI,2023-01-05,2023-01-06,2023-01-06,1,0.050000000000000044,0.4032669128355368,1
DSX,2023-01-05,2023-01-06,2023-01-06,1,0.050000000000000044,0.4439374294989054,1
KODK,2023-01-05,2023-01-06,2023-01-06,0,-0.030000000000000027,0.2532802413242612,1
MRVL,2023-01-05,2023-01-06,2023-01-06,0,-0.030000000000000027,0.5313789972911723,1
MSFT,2023-01-05,2023-01-06,2023-01-11,1,0.050000000000000044,0.4536804781068895,1
NVAX,2023-01-05,2023-01-06,2023-01-06,0,-0.030000000000000027,0.3520871171375027,1
NVDA,2023-01-05,2023-01-06,2023-01-06,0,-0.030000000000000027,0.4026034902622951,1
QCOM,2023-01-05,2023-01-06,2023-01-09,1,0.052000790299032706,0.4372190624133487,1
SEI,2023-01-05,2023-01-06,2023-01-11,1,0.0510723639719326,0.31156262647317856,1
STX,2023-01-05,2023-01-06,2023-01-09,1,0.050000000000000044,0.36295156639172754,1
AAPL,2023-01-06,2023-01-09,2023-01-17,1,0.050000000000000044,0.5401842347244005,1
AXTI,2023-01-06,2023-01-09,2023-01-12,1,0.050000000000000044,0.40472924948470584,1
DSX,2023-01-06,2023-01-09,2023-01-09,0,-0.029999999999999916,0.36648182654553096,1
KODK,2023-01-06,2023-01-09,2023-01-09,1,0.050000000000000044,0.29624577547213365,1
MRVL,2023-01-06,2023-01-09,2023-01-12,1,0.050000000000000044,0.44022486330292565,1
MSFT,2023-01-06,2023-01-09,2023-01-12,1,0.050000000000000044,0.44152749483382064,1
NVAX,2023-01-06,2023-01-09,2023-01-09,0,-0.030000000000000027,0.36428301814371106,1
NVDA,2023-01-06,2023-01-09,2023-01-09,1,0.050000000000000044,0.4018399296702145,1
QCOM,2023-01-06,2023-01-09,2023-01-18,1,0.050000000000000044,0.5097873304545236,1
SEI,2023-01-06,2023-01-09,2023-01-11,1,0.050000000000000044,0.24642094974792975,1
STX,2023-01-06,2023-01-09,2023-01-18,1,0.050000000000000044,0.44962197048807867,1
AAPL,2023-01-09,2023-01-10,2023-01-17,1,0.050000000000000044,0.5678903798529182,1
AXTI,2023-01-09,2023-01-10,2023-01-11,1,0.050000000000000044,0.5546352442714045,1
DSX,2023-01-09,2023-01-10,2023-01-12,0,-0.030000000000000027,0.4027106191305417,1
KODK,2023-01-09,2023-01-10,2023-01-11,1,0.050000000000000044,0.5601643629939881,1
MRVL,2023-01-09,2023-01-10,2023-01-11,1,0.050000000000000044,0.42110206229832164,1
MSFT,2023-01-09,2023-01-10,2023-01-12,1,0.050000000000000044,0.39033530883455103,1
NVAX,2023-01-09,2023-01-10,2023-01-10,1,0.050000000000000044,0.37208010791747276,1
NVDA,2023-01-09,2023-01-10,2023-01-12,1,0.050000000000000044,0.3934102400911446,1
QCOM,2023-01-09,2023-01-10,2023-01-12,1,0.050000000000000044,0.4816449908462623,1
SEI,2023-01-09,2023-01-10,2023-01-11,1,0.050000000000000044,0.3509997702288208,1
STX,2023-01-09,2023-01-10,2023-01-12,1,0.050000000000000044,0.5238137545647128,1
AAPL,2023-01-10,2023-01-11,2023-01-18,1,0.050000000000000044,0.43110546536291516,2
AXTI,2023-01-10,2023-01-11,2023-01-17,1,0.050000000000000044,0.3067086221316138,2
DSX,2023-01-10,2023-01-11,2023-01-11,0,-0.030000000000000027,0.23682649406825942,2
KODK,2023-01-10,2023-01-11,2023-01-13,1,0.050000000000000044,0.4543199431917044,2
MRVL,2023-01-10,2023-01-11,2023-01-12,1,0.050000000000000044,0.3633186277007928,2
MSFT,2023-01-10,2023-01-11,2023-01-23,1,0.050000000000000044,0.2731201314096144,2
NVAX,2023-01-10,2023-01-11,2023-01-11,0,-0.030000000000000027,0.32996376805341937,2
NVDA,2023-01-10,2023-01-11,2023-01-12,1,0.050000000000000044,0.3290004256695649,2
QCOM,2023-01-10,2023-01-11,2023-01-18,1,0.050000000000000044,0.4252594958720468,2
SEI,2023-01-10,2023-01-11,2023-01-12,1,0.050000000000000044,0.31543516732268573,2
STX,2023-01-10,2023-01-11,2023-01-18,1,0.05461667203915921,0.6025801271033812,2
AAPL,2023-01-11,2023-01-12,2023-01-23,1,0.050000000000000044,0.2861503246730127,2
AXTI,2023-01-11,2023-01-12,2023-01-18,1,0.050000000000000044,0.18570555829475333,2
DSX,2023-01-11,2023-01-12,2023-01-12,0,-0.029999999999999916,0.3606993587497734,2
KODK,2023-01-11,2023-01-12,2023-01-13,1,0.050000000000000044,0.5223580432451719,2
MRVL,2023-01-11,2023-01-12,2023-01-13,1,0.050000000000000044,0.4245934867894624,2
MSFT,2023-01-11,2023-01-12,2023-01-26,1,0.050000000000000044,0.31102751114537386,2
NVAX,2023-01-11,2023-01-12,2023-01-12,0,-0.030000000000000027,0.342706775562654,2
NVDA,2023-01-11,2023-01-12,2023-01-12,0,-0.030000000000000027,0.3727517244423243,2
QCOM,2023-01-11,2023-01-12,2023-01-23,1,0.061220944589421844,0.40479696573368046,2
SEI,2023-01-11,2023-01-12,2023-01-12,1,0.050000000000000044,0.3464372718387372,2
STX,2023-01-11,2023-01-12,2023-01-17,0,-0.029999999999999916,0.6541470044298453,2
AAPL,2023-01-12,2023-01-13,2023-01-23,1,0.050000000000000044,0.29462543000963065,2
AXTI,2023-01-12,2023-01-13,2023-01-18,1,0.050000000000000044,0.463232756929,2
DSX,2023-01-12,2023-01-13,2023-01-17,1,0.050000000000000044,0.43985211784116174,2
KODK,2023-01-12,2023-01-13,2023-01-17,1,0.050000000000000044,0.45710840008870374,2
MRVL,2023-01-12,2023-01-13,2023-01-13,1,0.050000000000000044,0.4052482101152387,2
MSFT,2023-01-12,2023-01-13,2023-01-27,1,0.05059080703570129,0.3075511099256577,2
NVAX,2023-01-12,2023-01-13,2023-01-13,1,0.050000000000000044,0.3241155825414429,2
NVDA,2023-01-12,2023-01-13,2023-01-17,1,0.050000000000000044,0.3392801225156152,2
QCOM,2023-01-12,2023-01-13,2023-01-23,1,0.05608421475346148,0.3438388995791326,2
SEI,2023-01-12,2023-01-13,2023-01-18,0,-0.030000000000000138,0.3386715821985689,2
STX,2023-01-12,2023-01-13,2023-01-18,1,0.050000000000000044,0.6616463257411377,2
AAPL,2023-01-13,2023-01-17,2023-01-23,1,0.050000000000000044,0.33915691434452594,2
AXTI,2023-01-13,2023-01-17,2023-01-23,1,0.050000000000000044,0.5782691974933117,2
DSX,2023-01-13,2023-01-17,2023-01-18,1,0.050000000000000044,0.40755898889679576,2
KODK,2023-01-13,2023-01-17,2023-01-18,0,-0.030000000000000027,0.33581985630971084,2
MRVL,2023-01-13,2023-01-17,2023-01-19,0,-0.030000000000000027,0.35744016764188585,2
MSFT,2023-01-13,2023-01-17,2023-01-19,0,-0.030000000000000027,0.29488238018312585,2
NVAX,2023-01-13,2023-01-17,2023-01-17,0,-0.030000000000000027,0.356669976736907,2
NVDA,2023-01-13,2023-01-17,2023-01-18,1,0.050000000000000044,0.3738061317434616,2
QCOM,2023-01-13,2023-01-17,2023-01-23,1,0.0567894930478281,0.3926269996276982,2
SEI,2023-01-13,2023-01-17,2023-01-18,0,-0.030000000000000027,0.5007798786510115,2
STX,2023-01-13,2023-01-17,2023-01-18,1,0.050000000000000044,0.6478632855610155,2
AAPL,2023-01-17,2023-01-18,2023-01-26,1,0.050000000000000044,0.3376493237114478,2
AXTI,2023-01-17,2023-01-18,2023-01-23,1,0.050000000000000044,0.5746385588287973,2
DSX,2023-01-17,2023-01-18,2023-01-19,0,-0.029999999999999916,0.2608270604058148,2
KODK,2023-01-17,2023-01-18,2023-01-18,0,-0.030000000000000027,0.2294839279240849,2
MRVL,2023-01-17,2023-01-18,2023-01-18,0,-0.030000000000000027,0.2825432556534582,2
MSFT,2023-01-17,2023-01-18,2023-01-19,0,-0.03224749569224261,0.2870471115288221,2
NVAX,2023-01-17,2023-01-18,2023-01-18,1,0.050000000000000044,0.33384087444654914,2
NVDA,2023-01-17,2023-01-18,2023-01-19,0,-0.03571657691752572,0.4106701963607986,2
QCOM,2023-01-17,2023-01-18,2023-01-19,0,-0.030000000000000027,0.3717400969671606,2
SEI,2023-01-17,2023-01-18,2023-01-18,0,-0.030000000000000027,0.5416651049226783,2
STX,2023-01-17,2023-01-18,2023-01-18,0,-0.030000000000000027,0.5390688056460845,2
AAPL,2023-01-18,2023-01-19,2023-01-23,1,0.050000000000000044,0.3202653348103449,2
AXTI,2023-01-18,2023-01-19,2023-01-23,1,0.050000000000000044,0.7000559157151459,2
DSX,2023-01-18,2023-01-19,2023-01-19,0,-0.029999999999999916,0.3172467279368606,2
KODK,2023-01-18,2023-01-19,2023-01-19,0,-0.030000000000000027,0.35681446690790736,2
MRVL,2023-01-18,2023-01-19,2023-01-19,0,-0.030000000000000138,0.5488014086786647,2
MSFT,2023-01-18,2023-01-19,2023-01-26,1,0.050000000000000044,0.2065610697010972,2
NVAX,2023-01-18,2023-01-19,2023-01-19,0,-0.030000000000000027,0.38530355022560864,2
NVDA,2023-01-18,2023-01-19,2023-01-23,1,0.06034301946649845,0.33998210021568037,2
QCOM,2023-01-18,2023-01-19,2023-01-19,0,-0.030000000000000027,0.38062836383545434,2
SEI,2023-01-18,2023-01-19,2023-01-31,1,0.050000000000000044,0.6068754042407577,2
STX,2023-01-18,2023-01-19,2023-01-23,1,0.050000000000000044,0.5863732954926034,2
AAPL,2023-01-19,2023-01-20,2023-01-23,1,0.050000000000000044,0.3153727665433809,2
AXTI,2023-01-19,2023-01-20,2023-01-23,1,0.050000000000000044,0.5758987920750521,2
DSX,2023-01-19,2023-01-20,2023-01-23,0,-0.030000000000000027,0.2138265197799534,2
KODK,2023-01-19,2023-01-20,2023-01-20,0,-0.030000000000000027,0.35465419078943305,2
MRVL,2023-01-19,2023-01-20,2023-01-23,1,0.050000000000000044,0.6669733672547018,2
MSFT,2023-01-19,2023-01-20,2023-01-26,1,0.050000000000000044,0.3507927656245493,2
NVAX,2023-01-19,2023-01-20,2023-01-20,0,-0.030000000000000027,0.3599223057970186,2
NVDA,2023-01-19,2023-01-20,2023-01-23,1,0.06190115093362447,0.4426257895138888,2
QCOM,2023-01-19,2023-01-20,2023-01-23,1,0.06856946223388549,0.3628332575815903,2
SEI,2023-01-19,2023-01-20,2023-01-23,0,-0.030000000000000027,0.4197253289083639,2
STX,2023-01-19,2023-01-20,2023-01-23,1,0.050000000000000044,0.6065883565872165,2
AAPL,2023-01-20,2023-01-23,2023-01-27,1,0.050000000000000044,0.31244235277072385,2
AXTI,2023-01-20,2023-01-23,2023-01-26,1,0.050000000000000044,0.552711952261853,2
DSX,2023-01-20,2023-01-23,2023-01-23,0,-0.030000000000000027,0.27790047508851934,2
KODK,2023-01-20,2023-01-23,2023-01-25,0,-0.030000000000000027,0.41252252315671517,2
MRVL,2023-01-20,2023-01-23,2023-01-23,1,0.050000000000000044,0.6100601026799782,2
MSFT,2023-01-20,2023-01-23,2023-01-25,0,-0.030000000000000027,0.26896858684320685,2
NVAX,2023-01-20,2023-01-23,2023-01-23,1,0.050000000000000044,0.3577678737244792,2
NVDA,2023-01-20,2023-01-23,2023-01-23,1,0.050000000000000044,0.5150081162731646,2
QCOM,2023-01-20,2023-01-23,2023-01-24,1,0.050000000000000044,0.32846687747982517,2
SEI,2023-01-20,2023-01-23,2023-01-25,0,-0.030000000000000027,0.3139244102549724,2
STX,2023-01-20,2023-01-23,2023-01-23,1,0.050000000000000044,0.42071855964551125,2
AAPL,2023-01-23,2023-01-24,2023-02-02,1,0.06122148094903812,0.3437061656120576,2
AXTI,2023-01-23,2023-01-24,2023-01-27,1,0.050000000000000044,0.3681963659140796,2
DSX,2023-01-23,2023-01-24,2023-01-24,0,-0.030000000000000027,0.3893708719564848,2
KODK,2023-01-23,2023-01-24,2023-01-25,0,-0.030000000000000027,0.3097945036688929,2
MRVL,2023-01-23,2023-01-24,2023-01-25,0,-0.030000000000000138,0.6817374615668985,2
MSFT,2023-01-23,2023-01-24,2023-01-25,0,-0.03307207754975483,0.220910082141744,2
NVAX,2023-01-23,2023-01-24,2023-01-25,0,-0.04314714791666552,0.35764951682419277,2
NVDA,2023-01-23,2023-01-24,2023-01-26,1,0.050000000000000044,0.588390354776585,2
QCOM,2023-01-23,2023-01-24,2023-02-01,1,0.050000000000000044,0.40756320965870113,2
SEI,2023-01-23,2023-01-24,2023-01-31,1,0.050000000000000044,0.34018498915987583,2
STX,2023-01-23,2023-01-24,2023-01-24,0,-0.030000000000000027,0.48768060860437107,2
AAPL,2023-01-24,2023-01-25,2023-02-02,1,0.056852750384324136,0.3879043397602087,2
AXTI,2023-01-24,2023-01-25,2023-01-26,1,0.050000000000000044,0.4861312552714334,2
DSX,2023-01-24,2023-01-25,2023-01-27,1,0.050000000000000044,0.3950324700183616,2
KODK,2023-01-24,2023-01-25,2023-01-25,0,-0.030000000000000027,0.3400893348693768,2
MRVL,2023-01-24,2023-01-25,2023-01-26,1,0.050000000000000044,0.6040670078311126,2
MSFT,2023-01-24,2023-01-25,2023-01-26,1,0.050000000000000044,0.24478513532127738,2
NVAX,2023-01-24,2023-01-25,2023-01-25,0,-0.029999999999999916,0.3704175660980686,2
NVDA,2023-01-24,2023-01-25,2023-01-26,1,0.050000000000000044,0.5702333928789418,2
QCOM,2023-01-24,2023-01-25,2023-01-27,1,0.050000000000000044,0.3850473828784754,2
SEI,2023-01-24,2023-01-25,2023-02-02,0,-0.029999999999999916,0.3211577607562068,2
STX,2023-01-24,2023-01-25,2023-01-26,1,0.1267814309499724,0.42180328443317466,2
AAPL,2023-01-25,2023-01-26,2023-02-02,1,0.050000000000000044,0.3159699847327064,2
AXTI,2023-01-25,2023-01-26,2023-02-01,1,0.050000000000000044,0.38562446375972087,2
DSX,2023-01-25,2023-01-26,2023-01-30,1,0.06336063342987908,0.3817339782038343,2
KODK,2023-01-25,2023-01-26,2023-01-26,0,-0.030000000000000027,0.4626487944234463,2
MRVL,2023-01-25,2023-01-26,2023-01-30,0,-0.030000000000000027,0.4268937704652952,2
MSFT,2023-01-25,2023-01-26,2023-02-02,1,0.06226138780031931,0.17007137331330607,2
NVAX,2023-01-25,2023-01-26,2023-01-26,0,-0.029999999999999916,0.46794845440929156,2
NVDA,2023-01-25,2023-01-26,2023-01-31,0,-0.030000000000000027,0.5564798618905817,2
QCOM,2023-01-25,2023-01-26,2023-01-30,0,-0.030000000000000027,0.4322603267027781,2
SEI,2023-01-25,2023-01-26,2023-01-26,0,-0.030000000000000027,0.26966676571016013,2
STX,2023-01-25,2023-01-26,2023-01-26,0,-0.030000000000000027,0.3933778088066966,2
AAPL,2023-01-26,2023-01-27,2023-02-02,1,0.050000000000000044,0.3927244148192274,2
AXTI,2023-01-26,2023-01-27,2023-02-01,1,0.050000000000000044,0.36042560172781635,2
DSX,2023-01-26,2023-01-27,2023-01-30,1,0.050000000000000044,0.3441797074614858,2
KODK,2023-01-26,2023-01-27,2023-01-27,0,-0.029999999999999916,0.4588805886622473,2
MRVL,2023-01-26,2023-01-27,2023-01-30,0,-0.030000000000000027,0.4497895585502465,2
MSFT,2023-01-26,2023-01-27,2023-02-02,1,0.050000000000000044,0.28102948688182217,2
NVAX,2023-01-26,2023-01-27,2023-01-27,1,0.050000000000000044,0.46568275199065406,2
NVDA,2023-01-26,2023-01-27,2023-01-27,1,0.050000000000000044,0.5852550270765191,2
QCOM,2023-01-26,2023-01-27,2023-02-01,1,0.050000000000000044,0.4990610090861418,2
SEI,2023-01-26,2023-01-27,2023-01-27,0,-0.030000000000000027,0.3077074692294612,2
STX,2023-01-26,2023-01-27,2023-01-31,0,-0.03265969299035143,0.44174801334159064,2
AAPL,2023-01-27,2023-01-30,2023-02-03,1,0.050000000000000044,0.36200660087659914,2
AXTI,2023-01-27,2023-01-30,2023-02-01,1,0.050000000000000044,0.35710254526320645,2
DSX,2023-01-27,2023-01-30,2023-02-01,1,0.050000000000000044,0.23478041018961962,2
KODK,2023-01-27,2023-01-30,2023-01-30,0,-0.030000000000000027,0.46194315350979476,2
MRVL,2023-01-27,2023-01-30,2023-01-30,0,-0.030000000000000027,0.4263598338738275,2
MSFT,2023-01-27,2023-01-30,2023-02-02,1,0.05852528482997643,0.2964001718627772,2
NVAX,2023-01-27,2023-01-30,2023-01-30,0,-0.030000000000000027,0.4627898693075356,2
NVDA,2023-01-27,2023-01-30,2023-01-30,0,-0.030000000000000027,0.6441937242825072,2
QCOM,2023-01-27,2023-01-30,2023-02-01,1,0.050000000000000044,0.5426415479926179,2
SEI,2023-01-27,2023-01-30,2023-01-31,1,0.050000000000000044,0.25303155472820943,2
STX,2023-01-27,2023-01-30,2023-01-31,0,-0.030000000000000027,0.4990507832106898,2
AAPL,2023-01-30,2023-01-31,2023-02-02,1,0.050000000000000044,0.31855950294831414,2
AXTI,2023-01-30,2023-01-31,2023-02-01,1,0.050000000000000044,0.35996662598633755,2
DSX,2023-01-30,2023-01-31,2023-02-01,1,0.050000000000000044,0.33904674830305687,2
KODK,2023-01-30,2023-01-31,2023-01-31,1,0.050000000000000044,0.5431681864457698,2
MRVL,2023-01-30,2023-01-31,2023-02-01,1,0.050000000000000044,0.5852606383806165,2
MSFT,2023-01-30,2023-01-31,2023-02-02,1,0.06313400910736311,0.23534645821244085,2
NVAX,2023-01-30,2023-01-31,2023-02-01,0,-0.030000000000000027,0.45517010850418754,2
NVDA,2023-01-30,2023-01-31,2023-02-01,1,0.050000000000000044,0.5672194875845799,2
QCOM,2023-01-30,2023-01-31,2023-02-01,1,0.050000000000000044,0.45176137909761815,2
SEI,2023-01-30,2023-01-31,2023-02-02,0,-0.030000000000000027,0.25303155472820943,2
STX,2023-01-30,2023-01-31,2023-02-01,1,0.050000000000000044,0.5377848324521585,2
AAPL,2023-01-31,2023-02-01,2023-02-02,1,0.050000000000000044,0.31855950294831414,2
AXTI,2023-01-31,2023-02-01,2023-02-01,1,0.050000000000000044,0.36034396927271983,2
DSX,2023-01-31,2023-02-01,2023-02-02,1,0.050000000000000044,0.27785044616064686,2
KODK,2023-01-31,2023-02-01,2023-02-01,1,0.050000000000000044,0.40790459202104257,2
MRVL,2023-01-31,2023-02-01,2023-02-01,1,0.050000000000000044,0.534286873786368,2
MSFT,2023-01-31,2023-02-01,2023-02-02,1,0.050000000000000044,0.24128137286509826,2
NVAX,2023-01-31,2023-02-01,2023-02-01,0,-0.030000000000000027,0.46570670027880945,2
NVDA,2023-01-31,2023-02-01,2023-02-01,1,0.050000000000000044,0.5296256006560506,2
QCOM,2023-01-31,2023-02-01,2023-02-01,1,0.050000000000000044,0.5066984147550199,2
SEI,2023-01-31,2023-02-01,2023-02-01,0,-0.030000000000000138,0.28927995606836565,2
STX,2023-01-31,2023-02-01,2023-02-02,1,0.050065974561245286,0.5992001620225931,2
AAPL,2023-02-01,2023-02-02,2023-02-03,1,0.050000000000000044,0.2756566215441395,2
AXTI,2023-02-01,2023-02-02,2023-02-10,0,-0.030000000000000027,0.4872427038855141,2
DSX,2023-02-01,2023-02-02,2023-02-08,1,0.050000000000000044,0.30306836795765735,2
KODK,2023-02-01,2023-02-02,2023-02-02,1,0.050000000000000044,0.24029165335660607,2
MRVL,2023-02-01,2023-02-02,2023-02-02,1,0.050000000000000044,0.41942961925130967,2
MSFT,2023-02-01,2023-02-02,2023-02-08,1,0.055559806087748465,0.3073599431426247,2
NVAX,2023-02-01,2023-02-02,2023-02-02,1,0.050000000000000044,0.5057305695172585,2
NVDA,2023-02-01,2023-02-02,2023-02-07,1,0.050000000000000044,0.5838168247501038,2
QCOM,2023-02-01,2023-02-02,2023-02-03,0,-0.052723043225993305,0.4401495324060489,2
SEI,2023-02-01,2023-02-02,2023-02-02,0,-0.030000000000000027,0.3141338696552227,2
STX,2023-02-01,2023-02-02,2023-02-06,0,-0.030000000000000027,0.4912327290479441,2
AAPL,2023-02-02,2023-02-03,2023-02-03,1,0.050000000000000044,0.36703427564567004,2
AXTI,2023-02-02,2023-02-03,2023-02-10,0,-0.030000000000000138,0.44174801334159064,2
DSX,2023-02-02,2023-02-03,2023-02-08,1,0.050000000000000044,0.3653667749577003,2
KODK,2023-02-02,2023-02-03,2023-02-03,1,0.050000000000000044,0.22435798818180103,2
MRVL,2023-02-02,2023-02-03,2023-02-06,0,-0.029999999999999916,0.4156484667363387,2
MSFT,2023-02-02,2023-02-03,2023-02-08,1,0.0526314264556087,0.49018254675401846,2
NVAX,2023-02-02,2023-02-03,2023-02-03,0,-0.030000000000000027,0.36495138293898555,2
NVDA,2023-02-02,2023-02-03,2023-02-07,1,0.050000000000000044,0.4125878024984724,2
QCOM,2023-02-02,2023-02-03,2023-02-03,1,0.050000000000000044,0.40343423470803697,2
SEI,2023-02-02,2023-02-03,2023-02-06,0,-0.030000000000000138,0.2727027649952115,2
STX,2023-02-02,2023-02-03,2023-02-16,0,-0.0007088688205305615,0.6191228395195525,2
AAPL,2023-02-03,2023-02-06,2023-02-17,0,0.0013952654144542276,0.47893639407108246,2
AXTI,2023-02-03,2023-02-06,2023-02-10,0,-0.030000000000000138,0.5154670842904312,2
DSX,2023-02-03,2023-02-06,2023-02-08,1,0.050000000000000044,0.3707145697884441,2
KODK,2023-02-03,2023-02-06,2023-02-06,0,-0.030000000000000027,0.5731581584579951,2
MRVL,2023-02-03,2023-02-06,2023-02-10,0,-0.030000000000000138,0.3332149277121004,2
MSFT,2023-02-03,2023-02-06,2023-02-08,1,0.06121798357199104,0.41308908410603506,2
NVAX,2023-02-03,2023-02-06,2023-02-07,0,-0.030000000000000138,0.36080641227097277,2
NVDA,2023-02-03,2023-02-06,2023-02-07,1,0.050000000000000044,0.32392161826584476,2
QCOM,2023-02-03,2023-02-06,2023-02-10,0,-0.030000000000000138,0.32107597286528894,2
SEI,2023-02-03,2023-02-06,2023-02-06,0,-0.030000000000000027,0.2594860822712823,2
STX,2023-02-03,2023-02-06,2023-02-17,0,0.0064460335281280035,0.35833849460643397,2
AAPL,2023-02-06,2023-02-07,2023-02-21,0,-0.012833871576241496,0.4538742011356131,2
AXTI,2023-02-06,2023-02-07,2023-02-09,1,0.050000000000000044,0.5500441806886277,2
DSX,2023-02-06,2023-02-07,2023-02-10,0,-0.030000000000000027,0.37801344952013916,2
KODK,2023-02-06,2023-02-07,2023-02-09,0,-0.030000000000000027,0.5159552911813395,2
MRVL,2023-02-06,2023-02-07,2023-02-10,0,-0.030000000000000027,0.3517584477183669,2
MSFT,2023-02-06,2023-02-07,2023-02-08,1,0.050000000000000044,0.4013250830259565,2
NVAX,2023-02-06,2023-02-07,2023-02-07,0,-0.030000000000000138,0.36217214743665405,2
NVDA,2023-02-06,2023-02-07,2023-02-08,1,0.050000000000000044,0.28315451713918993,2
QCOM,2023-02-06,2023-02-07,2023-02-10,0,-0.030000000000000027,0.2888015272315012,2
SEI,2023-02-06,2023-02-07,2023-02-13,1,0.050000000000000044,0.30901528479894697,2
STX,2023-02-06,2023-02-07,2023-02-21,0,-0.030000000000000027,0.38529989397349035,2
AAPL,2023-02-07,2023-02-08,2023-02-21,0,-0.030000000000000027,0.505451098924554,2
AXTI,2023-02-07,2023-02-08,2023-02-10,0,-0.030000000000000138,0.6145966310454374,2
DSX,2023-02-07,2023-02-08,2023-02-09,1,0.050000000000000044,0.41278257487764797,2
KODK,2023-02-07,2023-02-08,2023-02-09,0,-0.030000000000000027,0.5361683621945526,2
MRVL,2023-02-07,2023-02-08,2023-02-08,0,-0.030000000000000138,0.27164260452803135,2
MSFT,2023-02-07,2023-02-08,2023-02-09,0,-0.030000000000000027,0.5004091740552116,2
NVAX,2023-02-07,2023-02-08,2023-02-08,0,-0.030000000000000138,0.36036404963975605,2
NVDA,2023-02-07,2023-02-08,2023-02-10,0,-0.031133927128270344,0.23459407337388216,2
QCOM,2023-02-07,2023-02-08,2023-02-09,0,-0.030000000000000027,0.3559622163986295,2
SEI,2023-02-07,2023-02-08,2023-02-09,0,-0.030000000000000027,0.27438695220743053,2
STX,2023-02-07,2023-02-08,2023-02-21,0,-0.030000000000000027,0.2979290380891603,2
AAPL,2023-02-08,2023-02-09,2023-02-21,0,-0.030000000000000027,0.39197659972325594,2
AXTI,2023-02-08,2023-02-09,2023-02-10,0,-0.030000000000000027,0.5360317919562911,2
DSX,2023-02-08,2023-02-09,2023-02-10,0,-0.03211008832933593,0.36971738798774495,2
KODK,2023-02-08,2023-02-09,2023-02-09,0,-0.030000000000000027,0.6414076201745874,2
MRVL,2023-02-08,2023-02-09,2023-02-10,0,-0.030000000000000027,0.45287628537996266,2
MSFT,2023-02-08,2023-02-09,2023-02-09,0,-0.029999999999999916,0.41110969372301204,2
NVAX,2023-02-08,2023-02-09,2023-02-09,0,-0.030000000000000027,0.36760460075031987,2
NVDA,2023-02-08,2023-02-09,2023-02-10,0,-0.04052004855802038,0.2520184590085154,2
QCOM,2023-02-08,2023-02-09,2023-02-10,0,-0.034356547844082486,0.2910024985425332,2
SEI,2023-02-08,2023-02-09,2023-02-09,0,-0.030000000000000027,0.2652064245622606,2
STX,2023-02-08,2023-02-09,2023-02-09,0,-0.030000000000000027,0.2921308485063512,2
AAPL,2023-02-09,2023-02-10,2023-02-24,0,-0.01839988690567307,0.3438507212135095,2
AXTI,2023-02-09,2023-02-10,2023-02-10,0,-0.030000000000000027,0.5715063203837898,2
DSX,2023-02-09,2023-02-10,2023-02-10,0,-0.030000000000000027,0.36985141302254004,2
KODK,2023-02-09,2023-02-10,2023-02-14,0,-0.030000000000000027,0.6467060065254213,2
MRVL,2023-02-09,2023-02-10,2023-02-14,1,0.050000000000000044,0.43890149479227797,2
MSFT,2023-02-09,2023-02-10,2023-02-14,1,0.050000000000000044,0.3464889094653424,2
NVAX,2023-02-09,2023-02-10,2023-02-13,1,0.050000000000000044,0.4375864407640001,2
NVDA,2023-02-09,2023-02-10,2023-02-10,0,-0.030000000000000027,0.22275965675694473,2
QCOM,2023-02-09,2023-02-10,2023-02-21,0,-0.030000000000000027,0.19754713597929904,2
SEI,2023-02-09,2023-02-10,2023-02-13,1,0.050000000000000044,0.26697402341751303,2
STX,2023-02-09,2023-02-10,2023-02-21,0,-0.030000000000000027,0.21502724398966344,2
AAPL,2023-02-10,2023-02-13,2023-02-24,0,-0.030000000000000027,0.2778466550748852,2
AXTI,2023-02-10,2023-02-13,2023-02-15,1,0.050000000000000044,0.34087482555803533,2
DSX,2023-02-10,2023-02-13,2023-02-21,1,0.050000000000000044,0.3028129617844663,2
KODK,2023-02-10,2023-02-13,2023-02-14,0,-0.030000000000000027,0.44213880209932427,2
MRVL,2023-02-10,2023-02-13,2023-02-14,1,0.050000000000000044,0.4571678291498894,2
MSFT,2023-02-10,2023-02-13,2023-02-17,0,-0.030000000000000027,0.3400098922026115,2
NVAX,2023-02-10,2023-02-13,2023-02-13,0,-0.030000000000000138,0.45107227551140505,2
NVDA,2023-02-10,2023-02-13,2023-02-14,1,0.050000000000000044,0.4179504067861773,2
QCOM,2023-02-10,2023-02-13,2023-02-21,0,-0.030897547566815953,0.22076711155638779,2
SEI,2023-02-10,2023-02-13,2023-02-15,0,-0.03500460237889058,0.21933571437571195,2
STX,2023-02-10,2023-02-13,2023-02-21,0,-0.030000000000000027,0.3296923900644582,2
AAPL,2023-02-13,2023-02-14,2023-02-22,0,-0.030000000000000027,0.3133730209534436,2
AXTI,2023-02-13,2023-02-14,2023-02-15,1,0.050000000000000044,0.34846327406247507,2
DSX,2023-02-13,2023-02-14,2023-02-22,1,0.050000000000000044,0.3304267349476802,2
KODK,2023-02-13,2023-02-14,2023-02-15,1,0.050000000000000044,0.4009823365086647,2
MRVL,2023-02-13,2023-02-14,2023-02-14,1,0.050000000000000044,0.3985448926779444,2
MSFT,2023-02-13,2023-02-14,2023-02-16,0,-0.029999999999999916,0.45122680928486014,2
NVAX,2023-02-13,2023-02-14,2023-02-15,1,0.050000000000000044,0.4309155710273945,2
NVDA,2023-02-13,2023-02-14,2023-02-14,1,0.050000000000000044,0.3742335416207533,2
QCOM,2023-02-13,2023-02-14,2023-02-21,0,-0.030000000000000027,0.20875170195760712,2
SEI,2023-02-13,2023-02-14,2023-02-14,0,-0.030000000000000138,0.3357507894057968,2
STX,2023-02-13,2023-02-14,2023-02-21,0,-0.030000000000000027,0.3674649472577118,2
AAPL,2023-02-14,2023-02-15,2023-02-21,0,-0.030000000000000138,0.23495210155878052,2
AXTI,2023-02-14,2023-02-15,2023-02-17,0,-0.14096191573710437,0.45087536427550845,2
DSX,2023-02-14,2023-02-15,2023-02-21,1,0.050000000000000044,0.3512902762846375,2
KODK,2023-02-14,2023-02-15,2023-02-15,1,0.050000000000000044,0.36465509518103734,2
MRVL,2023-02-14,2023-02-15,2023-02-17,0,-0.030000000000000138,0.3110305239392481,2
MSFT,2023-02-14,2023-02-15,2023-02-17,0,-0.03328129739124275,0.3939282811571223,2
NVAX,2023-02-14,2023-02-15,2023-02-21,0,-0.030000000000000027,0.42584162516208235,2
NVDA,2023-02-14,2023-02-15,2023-02-17,0,-0.04071129809977292,0.20060707175133327,2
QCOM,2023-02-14,2023-02-15,2023-02-21,0,-0.039356929680654296,0.2721595189326262,2
SEI,2023-02-14,2023-02-15,2023-02-17,0,-0.029999999999999916,0.34810882767891144,2
STX,2023-02-14,2023-02-15,2023-02-17,0,-0.030000000000000027,0.35572737820445466,2
AAPL,2023-02-15,2023-02-16,2023-02-21,0,-0.030000000000000027,0.3176176359305082,2
AXTI,2023-02-15,2023-02-16,2023-02-16,0,-0.030000000000000027,0.3750463656813875,2
DSX,2023-02-15,2023-02-16,2023-02-21,1,0.050000000000000044,0.28394207741586364,2
KODK,2023-02-15,2023-02-16,2023-02-17,0,-0.030000000000000027,0.3327148514035102,2
MRVL,2023-02-15,2023-02-16,2023-02-17,0,-0.030000000000000027,0.3358353752665387,2
MSFT,2023-02-15,2023-02-16,2023-02-17,0,-0.030000000000000027,0.37977942678815846,2
NVAX,2023-02-15,2023-02-16,2023-02-17,0,-0.030000000000000027,0.41231743611534377,2
NVDA,2023-02-15,2023-02-16,2023-02-17,0,-0.030000000000000138,0.1544372495842343,2
QCOM,2023-02-15,2023-02-16,2023-02-21,0,-0.04045881220968228,0.25140000545560265,2
SEI,2023-02-15,2023-02-16,2023-02-17,0,-0.030000000000000027,0.20571541981402033,2
STX,2023-02-15,2023-02-16,2023-02-21,0,-0.030000000000000027,0.38368476011459196,2
AAPL,2023-02-16,2023-02-17,2023-02-22,0,-0.030000000000000027,0.24222882350237998,2
AXTI,2023-02-16,2023-02-17,2023-02-17,0,-0.030000000000000027,0.33056057987389664,2
DSX,2023-02-16,2023-02-17,2023-02-22,1,0.050000000000000044,0.2051569911309388,2
KODK,2023-02-16,2023-02-17,2023-02-21,0,-0.030000000000000027,0.3813252271864102,2
MRVL,2023-02-16,2023-02-17,2023-02-17,0,-0.030000000000000027,0.43119200242043093,2
MSFT,2023-02-16,2023-02-17,2023-02-21,0,-0.030000000000000027,0.2679789079671086,2
NVAX,2023-02-16,2023-02-17,2023-02-17,0,-0.030000000000000138,0.46200260799247495,2
NVDA,2023-02-16,2023-02-17,2023-02-17,0,-0.029999999999999916,0.3058259300428512,2
QCOM,2023-02-16,2023-02-17,2023-02-21,0,-0.031196733657801734,0.23938025012509828,2
SEI,2023-02-16,2023-02-17,2023-02-17,0,-0.030000000000000138,0.31990116225022136,2
STX,2023-02-16,2023-02-17,2023-02-21,0,-0.030000000000000027,0.3489894483934929,2
AAPL,2023-02-17,2023-02-21,2023-03-01,0,-0.030000000000000027,0.1859768641754495,2
AXTI,2023-02-17,2023-02-21,2023-02-21,0,-0.030000000000000027,0.5199954163001537,2
DSX,2023-02-17,2023-02-21,2023-02-22,1,0.050000000000000044,0.21840402598569972,2
KODK,2023-02-17,2023-02-21,2023-02-21,0,-0.030000000000000138,0.3813252271864102,2
MRVL,2023-02-17,2023-02-21,2023-02-22,0,-0.029999999999999916,0.34809457516417547,2
MSFT,2023-02-17,2023-02-21,2023-03-01,0,-0.030000000000000027,0.21447967374662535,2
NVAX,2023-02-17,2023-02-21,2023-02-21,0,-0.029999999999999916,0.4476268532068298,2
NVDA,2023-02-17,2023-02-21,2023-02-23,1,0.11619058924342252,0.286430131308255,2
QCOM,2023-02-17,2023-02-21,2023-03-02,0,-0.030000000000000027,0.23986181937207823,2
SEI,2023-02-17,2023-02-21,2023-02-21,0,-0.030000000000000138,0.29593691731843524,2
STX,2023-02-17,2023-02-21,2023-02-21,0,-0.030000000000000027,0.3897396150713607,2
AAPL,2023-02-21,2023-02-22,2023-03-02,0,-0.03016035759854807,0.17488020686184003,2
AXTI,2023-02-21,2023-02-22,2023-02-22,1,0.050000000000000044,0.35057317787777875,2
DSX,2023-02-21,2023-02-22,2023-02-22,1,0.050000000000000044,0.2204060107873612,2
KODK,2023-02-21,2023-02-22,2023-02-28,0,-0.030000000000000027,0.47903613830404235,2
MRVL,2023-02-21,2023-02-22,2023-02-23,1,0.05134168607470846,0.4565316938540483,2
MSFT,2023-02-21,2023-02-22,2023-03-01,0,-0.030000000000000027,0.19466058669797814,2
NVAX,2023-02-21,2023-02-22,2023-02-22,0,-0.030000000000000027,0.4309155710273945,2
NVDA,2023-02-21,2023-02-22,2023-02-23,1,0.13198432757710665,0.24439054082532638,2
QCOM,2023-02-21,2023-02-22,2023-03-07,0,-0.030000000000000027,0.28238075293039727,2
SEI,2023-02-21,2023-02-22,2023-02-22,0,-0.029999999999999916,0.2759475882338745,2
STX,2023-02-21,2023-02-22,2023-02-24,0,-0.03434884730277088,0.3808655322329041,2
AAPL,2023-02-22,2023-02-23,2023-03-01,0,-0.029999999999999916,0.20175634420261704,2
AXTI,2023-02-22,2023-02-23,2023-02-23,0,-0.030000000000000027,0.3197173583543933,2
DSX,2023-02-22,2023-02-23,2023-02-23,1,0.050000000000000044,0.5233175918402702,2
KODK,2023-02-22,2023-02-23,2023-02-23,0,-0.030000000000000138,0.46978319572479665,2
MRVL,2023-02-22,2023-02-23,2023-02-23,0,-0.030000000000000027,0.4480836428431135,2
MSFT,2023-02-22,2023-02-23,2023-03-01,0,-0.030000000000000027,0.21699240534772843,2
NVAX,2023-02-22,2023-02-23,2023-02-23,0,-0.030000000000000027,0.4165268246857573,2
NVDA,2023-02-22,2023-02-23,2023-03-01,0,-0.029999999999999916,0.3243567768383608,2
QCOM,2023-02-22,2023-02-23,2023-03-02,0,-0.030000000000000027,0.2990530346436749,2
SEI,2023-02-22,2023-02-23,2023-02-23,0,-0.030000000000000027,0.24986482820727976,2
STX,2023-02-22,2023-02-23,2023-02-24,0,-0.04093736375187684,0.42245677167415036,2
AAPL,2023-02-23,2023-02-24,2023-03-06,1,0.050000000000000044,0.17963192359119612,2
AXTI,2023-02-23,2023-02-24,2023-02-28,0,-0.030000000000000027,0.3930354238482043,2
DSX,2023-02-23,2023-02-24,2023-02-28,0,-0.030000000000000027,0.5085205636434628,2
KODK,2023-02-23,2023-02-24,2023-03-02,1,0.050000000000000044,0.42711011216818745,2
MRVL,2023-02-23,2023-02-24,2023-03-03,0,-0.06990349801386853,0.40177961603550555,2
MSFT,2023-02-23,2023-02-24,2023-03-09,0,0.009441448493067384,0.21122657720440288,2
NVAX,2023-02-23,2023-02-24,2023-02-27,0,-0.029999999999999916,0.4309155710273945,2
NVDA,2023-02-23,2023-02-24,2023-03-01,0,-0.030000000000000027,0.17946113952480236,2
QCOM,2023-02-23,2023-02-24,2023-03-07,0,-0.030000000000000027,0.28363419593205624,2
SEI,2023-02-23,2023-02-24,2023-02-24,1,0.050000000000000044,0.3429025871276685,2
STX,2023-02-23,2023-02-24,2023-03-02,0,-0.030000000000000027,0.3089202384916601,2
AAPL,2023-02-24,2023-02-27,2023-03-06,1,0.050000000000000044,0.16961550009635298,2
AXTI,2023-02-24,2023-02-27,2023-02-28,0,-0.030000000000000027,0.42524433756823227,2
DSX,2023-02-24,2023-02-27,2023-02-27,0,-0.030000000000000027,0.5807413026857672,2
KODK,2023-02-24,2023-02-27,2023-02-28,0,-0.030000000000000027,0.5695503472171252,2
MRVL,2023-02-24,2023-02-27,2023-03-03,0,-0.07778040854471024,0.3960836342908134,2
MSFT,2023-02-24,2023-02-27,2023-03-10,0,-0.01532926331107276,0.24453269715628562,2
NVAX,2023-02-24,2023-02-27,2023-02-27,0,-0.029999999999999916,0.4296824156989809,2
NVDA,2023-02-24,2023-02-27,2023-03-01,0,-0.030000000000000027,0.16692607346359734,2
QCOM,2023-02-24,2023-02-27,2023-03-02,0,-0.030000000000000027,0.3154800440304886,2
SEI,2023-02-24,2023-02-27,2023-03-01,0,-0.030000000000000027,0.3333827561650366,2
STX,2023-02-24,2023-02-27,2023-02-27,0,-0.030000000000000027,0.3020384468155508,2
AAPL,2023-02-27,2023-02-28,2023-03-06,1,0.050000000000000044,0.21958255157973805,2
AXTI,2023-02-27,2023-02-28,2023-03-01,0,-0.030000000000000027,0.3868367832896478,2
DSX,2023-02-27,2023-02-28,2023-03-10,0,-0.030000000000000138,0.6042206961488428,2
KODK,2023-02-27,2023-02-28,2023-03-02,1,0.050000000000000044,0.5183869551667318,2
MRVL,2023-02-27,2023-02-28,2023-03-01,1,0.050000000000000044,0.37500709299978524,2
MSFT,2023-02-27,2023-02-28,2023-03-13,0,0.019472290185161834,0.24518152272961197,2
NVAX,2023-02-27,2023-02-28,2023-02-28,1,0.050000000000000044,0.38303557713908915,2
NVDA,2023-02-27,2023-02-28,2023-03-01,0,-0.030000000000000027,0.1760261922593432,2
QCOM,2023-02-27,2023-02-28,2023-03-07,0,-0.030000000000000027,0.3227157438651019,2
SEI,2023-02-27,2023-02-28,2023-03-02,1,0.050000000000000044,0.36090382429814205,2
STX,2023-02-27,2023-02-28,2023-03-07,0,-0.030000000000000027,0.2680602967046609,2
AAPL,2023-02-28,2023-03-01,2023-03-06,1,0.050000000000000044,0.23716154436489198,2
AXTI,2023-02-28,2023-03-01,2023-03-02,0,-0.030000000000000027,0.4159339589486741,2
DSX,2023-02-28,2023-03-01,2023-03-10,0,-0.03691132700344546,0.6173384692845618,2
KODK,2023-02-28,2023-03-01,2023-03-02,1,0.050000000000000044,0.5700439803917345,2
MRVL,2023-02-28,2023-03-01,2023-03-03,0,-0.08774268807645336,0.35553426315266273,2
MSFT,2023-02-28,2023-03-01,2023-03-14,0,0.039998198981363586,0.24940538611567206,2
NVAX,2023-02-28,2023-03-01,2023-03-02,1,0.050000000000000044,0.33902684949777667,2
NVDA,2023-02-28,2023-03-01,2023-03-02,0,-0.030355379735548582,0.18924812314954262,2
QCOM,2023-02-28,2023-03-01,2023-03-07,0,-0.030000000000000027,0.3227157438651019,2
SEI,2023-02-28,2023-03-01,2023-03-02,1,0.050000000000000044,0.3890254042216286,2
STX,2023-02-28,2023-03-01,2023-03-07,0,-0.030000000000000027,0.2758055892722143,2
AAPL,2023-03-01,2023-03-02,2023-03-06,1,0.06517508583576115,0.25600041370429166,2
AXTI,2023-03-01,2023-03-02,2023-03-06,0,-0.030000000000000138,0.4390721966450211,2
DSX,2023-03-01,2023-03-02,2023-03-02,0,-0.029999999999999916,0.5839831676221664,2
KODK,2023-03-01,2023-03-02,2023-03-02,1,0.050000000000000044,0.5467903964519344,2
MRVL,2023-03-01,2023-03-02,2023-03-03,0,-0.07654571668119692,0.33547801413952416,2
MSFT,2023-03-01,2023-03-02,2023-03-06,1,0.050000000000000044,0.26150969311853395,2
NVAX,2023-03-01,2023-03-02,2023-03-02,1,0.050000000000000044,0.27877216136190297,2
NVDA,2023-03-01,2023-03-02,2023-03-03,1,0.050000000000000044,0.45709177593565276,2
QCOM,2023-03-01,2023-03-02,2023-03-07,0,-0.030000000000000027,0.24200180673795244,2
SEI,2023-03-01,2023-03-02,2023-03-03,1,0.08662265754263232,0.34057347051270115,2
STX,2023-03-01,2023-03-02,2023-03-10,0,-0.030000000000000027,0.3520606577567495,2
AAPL,2023-03-02,2023-03-03,2023-03-06,1,0.050000000000000044,0.25222958808798546,2
AXTI,2023-03-02,2023-03-03,2023-03-06,0,-0.030000000000000027,0.4693292687496039,2
DSX,2023-03-02,2023-03-03,2023-03-10,0,-0.030000000000000027,0.5949572235803395,2
KODK,2023-03-02,2023-03-03,2023-03-06,0,-0.030000000000000027,0.4787075571981886,2
MRVL,2023-03-02,2023-03-03,2023-03-03,1,0.050000000000000044,0.32736605310732453,2
MSFT,2023-03-02,2023-03-03,2023-03-15,1,0.050000000000000044,0.2762527297709569,2
NVAX,2023-03-02,2023-03-03,2023-03-03,1,0.050000000000000044,0.28413373968881267,2
NVDA,2023-03-02,2023-03-03,2023-03-13,0,-0.030000000000000027,0.20740715990248546,2
QCOM,2023-03-02,2023-03-03,2023-03-07,0,-0.030000000000000027,0.1754071486760008,2
SEI,2023-03-02,2023-03-03,2023-03-09,0,-0.030000000000000138,0.3835658779605431,2
STX,2023-03-02,2023-03-03,2023-03-07,0,-0.03228792711459616,0.32994144061274827,2
AAPL,2023-03-03,2023-03-06,2023-03-10,0,-0.030000000000000138,0.28687233493516234,2
AXTI,2023-03-03,2023-03-06,2023-03-06,0,-0.030000000000000027,0.4083250073813994,2
DSX,2023-03-03,2023-03-06,2023-03-10,0,-0.03484453029194101,0.5988477529897408,2
KODK,2023-03-03,2023-03-06,2023-03-06,0,-0.030000000000000138,0.3808510966417783,2
MRVL,2023-03-03,2023-03-06,2023-03-06,0,-0.030000000000000027,0.3914040671158306,2
MSFT,2023-03-03,2023-03-06,2023-03-10,0,-0.030000000000000027,0.2104777757618387,2
NVAX,2023-03-03,2023-03-06,2023-03-06,0,-0.030000000000000027,0.4269489001774746,2
NVDA,2023-03-03,2023-03-06,2023-03-10,0,-0.030000000000000027,0.1975403480673477,2
QCOM,2023-03-03,2023-03-06,2023-03-07,0,-0.029999999999999916,0.1783587554278774,2
SEI,2023-03-03,2023-03-06,2023-03-09,0,-0.029999999999999916,0.4283989363070863,2
STX,2023-03-03,2023-03-06,2023-03-06,0,-0.030000000000000027,0.3158615490854795,2
AAPL,2023-03-06,2023-03-07,2023-03-10,0,-0.030000000000000027,0.2665081879030745,2
AXTI,2023-03-06,2023-03-07,2023-03-07,0,-0.030000000000000027,0.38070448917826843,2
DSX,2023-03-06,2023-03-07,2023-03-10,0,-0.030000000000000027,0.5157953399937788,2
KODK,2023-03-06,2023-03-07,2023-03-09,0,-0.030000000000000027,0.46793507512393817,2
MRVL,2023-03-06,2023-03-07,2023-03-10,0,-0.030000000000000027,0.38618476751425984,2
MSFT,2023-03-06,2023-03-07,2023-03-10,0,-0.030000000000000027,0.2747566815483331,2
NVAX,2023-03-06,2023-03-07,2023-03-07,0,-0.030000000000000027,0.4269489001774746,2
NVDA,2023-03-06,2023-03-07,2023-03-10,0,-0.029999999999999916,0.17228932363627011,2
QCOM,2023-03-06,2023-03-07,2023-03-07,0,-0.030000000000000138,0.2140026473967921,2
SEI,2023-03-06,2023-03-07,2023-03-09,0,-0.030000000000000138,0.4321215953545488,2
STX,2023-03-06,2023-03-07,2023-03-13,0,-0.03066409656801561,0.3094528111330877,2
AAPL,2023-03-07,2023-03-08,2023-03-10,0,-0.029999999999999916,0.27270706549924323,2
AXTI,2023-03-07,2023-03-08,2023-03-09,0,-0.030000000000000027,0.3707744883968302,2
DSX,2023-03-07,2023-03-08,2023-03-10,0,-0.03896900092370348,0.5334059190241425,2
KODK,2023-03-07,2023-03-08,2023-03-08,1,0.050000000000000044,0.5347133292966383,2
MRVL,2023-03-07,2023-03-08,2023-03-09,1,0.050000000000000044,0.4616808272656723,2
MSFT,2023-03-07,2023-03-08,2023-03-13,0,-0.030000000000000027,0.2651014940719177,2
NVAX,2023-03-07,2023-03-08,2023-03-09,0,-0.030000000000000027,0.415910030790147,2
NVDA,2023-03-07,2023-03-08,2023-03-10,0,-0.030000000000000138,0.32124518684810655,2
QCOM,2023-03-07,2023-03-08,2023-03-10,0,-0.030000000000000027,0.20504188804505266,2
SEI,2023-03-07,2023-03-08,2023-03-09,0,-0.029999999999999916,0.4439005267855092,2
STX,2023-03-07,2023-03-08,2023-03-13,0,-0.030000000000000027,0.2613757895657997,2
AAPL,2023-03-08,2023-03-09,2023-03-10,0,-0.030000000000000027,0.2850848876875135,2
AXTI,2023-03-08,2023-03-09,2023-03-10,0,-0.030000000000000027,0.39891074819247074,2
DSX,2023-03-08,2023-03-09,2023-03-09,0,-0.030000000000000027,0.5603848759327927,2
KODK,2023-03-08,2023-03-09,2023-03-09,0,-0.030000000000000027,0.45473804762226455,2
MRVL,2023-03-08,2023-03-09,2023-03-09,0,-0.030000000000000027,0.330211038282329,2
MSFT,2023-03-08,2023-03-09,2023-03-10,0,-0.030000000000000027,0.2470715097319827,2
NVAX,2023-03-08,2023-03-09,2023-03-09,0,-0.030000000000000027,0.415910030790147,2
NVDA,2023-03-08,2023-03-09,2023-03-09,0,-0.030000000000000138,0.1968347823672405,2
QCOM,2023-03-08,2023-03-09,2023-03-09,0,-0.030000000000000027,0.20321288085521672,2
SEI,2023-03-08,2023-03-09,2023-03-09,0,-0.030000000000000138,0.4575536449606919,2
STX,2023-03-08,2023-03-09,2023-03-13,0,-0.03358149529820598,0.23520261645464974,2
AAPL,2023-03-09,2023-03-10,2023-03-20,1,0.050000000000000044,0.18693012584196916,2
AXTI,2023-03-09,2023-03-10,2023-03-10,0,-0.030000000000000027,0.4457177256440686,2
DSX,2023-03-09,2023-03-10,2023-03-10,0,-0.030000000000000027,0.43539950976120667,2
KODK,2023-03-09,2023-03-10,2023-03-13,0,-0.034188001676673574,0.5276237766400399,2
MRVL,2023-03-09,2023-03-10,2023-03-10,0,-0.030000000000000027,0.3690288168520994,2
MSFT,2023-03-09,2023-03-10,2023-03-15,1,0.050000000000000044,0.24514851313226194,2
NVAX,2023-03-09,2023-03-10,2023-03-10,0,-0.030000000000000027,0.4390479379834685,2
NVDA,2023-03-09,2023-03-10,2023-03-13,0,-0.030000000000000027,0.3346093922764888,2
QCOM,2023-03-09,2023-03-10,2023-03-13,0,-0.032159273367440955,0.15958625978450663,2
SEI,2023-03-09,2023-03-10,2023-03-13,0,-0.04746603306297492,0.42945173382948554,2
STX,2023-03-09,2023-03-10,2023-03-10,0,-0.030000000000000027,0.25492666427930455,2
AAPL,2023-03-10,2023-03-13,2023-03-16,1,0.050000000000000044,0.19984056776941514,2
AXTI,2023-03-10,2023-03-13,2023-03-13,0,-0.030000000000000027,0.45005469363133804,2
DSX,2023-03-10,2023-03-13,2023-03-15,0,-0.030000000000000027,0.21740839243772372,2
KODK,2023-03-10,2023-03-13,2023-03-13,1,0.050000000000000044,0.5908270525623167,2
MRVL,2023-03-10,2023-03-13,2023-03-13,0,-0.030000000000000027,0.3271531752418207,2
MSFT,2023-03-10,2023-03-13,2023-03-14,1,0.050000000000000044,0.1908056260385563,2
NVAX,2023-03-10,2023-03-13,2023-03-13,1,0.050000000000000044,0.415910030790147,2
NVDA,2023-03-10,2023-03-13,2023-03-14,1,0.050000000000000044,0.39361579690438353,2
QCOM,2023-03-10,2023-03-13,2023-03-16,1,0.050000000000000044,0.15020040819077313,2
SEI,2023-03-10,2023-03-13,2023-03-13,1,0.050000000000000044,0.4724271722150968,2
STX,2023-03-10,2023-03-13,2023-03-15,0,-0.030000000000000027,0.2613757895657997,2
AAPL,2023-03-13,2023-03-14,2023-03-21,1,0.050000000000000044,0.2242821821564001,2
AXTI,2023-03-13,2023-03-14,2023-03-15,0,-0.030386712313068664,0.29228663904876245,2
DSX,2023-03-13,2023-03-14,2023-03-15,0,-0.029999999999999916,0.212017518973111,2
KODK,2023-03-13,2023-03-14,2023-03-14,0,-0.030000000000000138,0.5403032409581398,2
MRVL,2023-03-13,2023-03-14,2023-03-15,0,-0.030000000000000027,0.3195998613829492,2
MSFT,2023-03-13,2023-03-14,2023-03-16,1,0.050000000000000044,0.22233107752648887,2
NVAX,2023-03-13,2023-03-14,2023-03-14,0,-0.030000000000000027,0.43675408180535763,2
NVDA,2023-03-13,2023-03-14,2023-03-16,1,0.050000000000000044,0.47483399615948046,2
QCOM,2023-03-13,2023-03-14,2023-03-17,1,0.050000000000000044,0.15788769836107994,2
SEI,2023-03-13,2023-03-14,2023-03-15,0,-0.045901517734334485,0.438805593475593,2
STX,2023-03-13,2023-03-14,2023-03-15,0,-0.030000000000000027,0.2848266267654075,2
AAPL,2023-03-14,2023-03-15,2023-03-21,1,0.050000000000000044,0.30649247998068935,2
AXTI,2023-03-14,2023-03-15,2023-03-15,1,0.050000000000000044,0.29228663904876245,2
DSX,2023-03-14,2023-03-15,2023-03-15,0,-0.030000000000000027,0.2240799962998655,2
KODK,2023-03-14,2023-03-15,2023-03-17,1,0.050000000000000044,0.49357009489544396,2
MRVL,2023-03-14,2023-03-15,2023-03-15,0,-0.029999999999999916,0.3227991542753823,2
MSFT,2023-03-14,2023-03-15,2023-03-16,1,0.050000000000000044,0.2554132385717385,2
NVAX,2023-03-14,2023-03-15,2023-03-15,0,-0.030000000000000027,0.4390479379834685,2
NVDA,2023-03-14,2023-03-15,2023-03-16,1,0.050000000000000044,0.23722392112092966,2
QCOM,2023-03-14,2023-03-15,2023-03-17,1,0.050000000000000044,0.14675266758639363,2
SEI,2023-03-14,2023-03-15,2023-03-16,0,-0.03780092095009513,0.4383965891979959,2
STX,2023-03-14,2023-03-15,2023-03-21,1,0.052738519935683126,0.2684415254236543,2
AAPL,2023-03-15,2023-03-16,2023-03-22,1,0.050000000000000044,0.34494646969934245,2
AXTI,2023-03-15,2023-03-16,2023-03-17,1,0.050000000000000044,0.3656167181777882,2
DSX,2023-03-15,2023-03-16,2023-03-17,0,-0.030000000000000027,0.25549583756369065,2
KODK,2023-03-15,2023-03-16,2023-03-17,1,0.050000000000000044,0.48847339650814403,2
MRVL,2023-03-15,2023-03-16,2023-03-16,1,0.050000000000000044,0.4061730861413482,2
MSFT,2023-03-15,2023-03-16,2023-03-17,1,0.050000000000000044,0.3348422639818704,2
NVAX,2023-03-15,2023-03-16,2023-03-21,1,0.050000000000000044,0.3586549692369941,2
NVDA,2023-03-15,2023-03-16,2023-03-16,1,0.050000000000000044,0.09930356462554371,2
QCOM,2023-03-15,2023-03-16,2023-03-17,1,0.050000000000000044,0.1834067942114622,2
SEI,2023-03-15,2023-03-16,2023-03-16,0,-0.030000000000000027,0.43548551111425016,2
STX,2023-03-15,2023-03-16,2023-03-17,1,0.050000000000000044,0.20554146485495237,2
AAPL,2023-03-16,2023-03-17,2023-03-30,0,0.04023596975089205,0.40679774028587823,2
AXTI,2023-03-16,2023-03-17,2023-03-21,1,0.050000000000000044,0.38209227497068793,2
DSX,2023-03-16,2023-03-17,2023-03-21,1,0.050000000000000044,0.260815312047254,2
KODK,2023-03-16,2023-03-17,2023-03-17,1,0.050000000000000044,0.5181779566082423,2
MRVL,2023-03-16,2023-03-17,2023-03-23,1,0.050000000000000044,0.33394884006810654,2
MSFT,2023-03-16,2023-03-17,2023-03-20,0,-0.030000000000000027,0.3115663639040549,2
NVAX,2023-03-16,2023-03-17,2023-03-17,0,-0.030000000000000138,0.4390479379834685,2
NVDA,2023-03-16,2023-03-17,2023-03-20,0,-0.030000000000000027,0.12150863450739681,2
QCOM,2023-03-16,2023-03-17,2023-03-23,1,0.050000000000000044,0.1651021788138003,2
SEI,2023-03-16,2023-03-17,2023-03-17,0,-0.030000000000000027,0.4803673325370592,2
STX,2023-03-16,2023-03-17,2023-03-29,1,0.050000000000000044,0.19319210348459595,2
AAPL,2023-03-17,2023-03-20,2023-03-31,1,0.050000000000000044,0.288127302555173,2
AXTI,2023-03-17,2023-03-20,2023-03-22,1,0.050000000000000044,0.4317674493400052,2
DSX,2023-03-17,2023-03-20,2023-03-21,1,0.050000000000000044,0.27945547345923044,2
KODK,2023-03-17,2023-03-20,2023-03-24,1,0.050000000000000044,0.39562143253626947,2
MRVL,2023-03-17,2023-03-20,2023-03-22,1,0.050000000000000044,0.33732829752879756,2
MSFT,2023-03-17,2023-03-20,2023-03-31,0,0.04086919425875579,0.41269489811722143,2
NVAX,2023-03-17,2023-03-20,2023-03-21,1,0.050000000000000044,0.4390479379834685,2
NVDA,2023-03-17,2023-03-20,2023-03-22,1,0.050000000000000044,0.12773712146192442,2
QCOM,2023-03-17,2023-03-20,2023-03-23,1,0.050000000000000044,0.20113218279008505,2
SEI,2023-03-17,2023-03-20,2023-03-20,1,0.050000000000000044,0.5686849692002224,2
STX,2023-03-17,2023-03-20,2023-03-29,1,0.050000000000000044,0.19319210348459595,2
AAPL,2023-03-20,2023-03-21,2023-04-03,1,0.050000000000000044,0.45184219758242494,2
AXTI,2023-03-20,2023-03-21,2023-03-22,1,0.050000000000000044,0.40088823437453663,2
DSX,2023-03-20,2023-03-21,2023-03-21,1,0.050000000000000044,0.26132326195469446,2
KODK,2023-03-20,2023-03-21,2023-03-24,1,0.050000000000000044,0.49799553717330364,2
MRVL,2023-03-20,2023-03-21,2023-03-23,1,0.050000000000000044,0.42706461277350327,2
MSFT,2023-03-20,2023-03-21,2023-03-31,1,0.050000000000000044,0.4343522430384473,2
NVAX,2023-03-20,2023-03-21,2023-03-21,1,0.050000000000000044,0.4395312673181946,2
NVDA,2023-03-20,2023-03-21,2023-03-21,0,-0.030000000000000027,0.19114301986333357,2
QCOM,2023-03-20,2023-03-21,2023-04-03,0,0.014228834884865371,0.16370765795975137,2
SEI,2023-03-20,2023-03-21,2023-03-21,1,0.050000000000000044,0.5857174327856969,2
STX,2023-03-20,2023-03-21,2023-03-28,0,-0.03121490574528718,0.14278264726124823,2
AAPL,2023-03-21,2023-03-22,2023-04-04,0,0.03973620065985539,0.4706623707676527,2
AXTI,2023-03-21,2023-03-22,2023-03-23,0,-0.030000000000000027,0.461955503996577,2
DSX,2023-03-21,2023-03-22,2023-03-28,0,-0.030000000000000138,0.15537051584875927,2
KODK,2023-03-21,2023-03-22,2023-03-22,0,-0.030000000000000027,0.4945055094658829,2
MRVL,2023-03-21,2023-03-22,2023-03-23,1,0.050000000000000044,0.36375602658896167,2
MSFT,2023-03-21,2023-03-22,2023-03-31,1,0.050000000000000044,0.4317133319486121,2
NVAX,2023-03-21,2023-03-22,2023-03-22,0,-0.030000000000000027,0.41156190761992845,2
NVDA,2023-03-21,2023-03-22,2023-03-31,1,0.050000000000000044,0.19280693192364337,2
QCOM,2023-03-21,2023-03-22,2023-03-28,0,-0.030000000000000027,0.1937355179773403,2
SEI,2023-03-21,2023-03-22,2023-03-24,0,-0.030000000000000027,0.38993396638415523,2
STX,2023-03-21,2023-03-22,2023-03-28,0,-0.030000000000000027,0.1813817403459606,2
AAPL,2023-03-22,2023-03-23,2023-04-04,1,0.050000000000000044,0.43076025817667857,2
AXTI,2023-03-22,2023-03-23,2023-03-24,0,-0.030000000000000027,0.47302738319643933,2
DSX,2023-03-22,2023-03-23,2023-03-31,0,-0.030379789860671025,0.17804936690311046,2
KODK,2023-03-22,2023-03-23,2023-03-24,1,0.050000000000000044,0.5402718475918851,2
MRVL,2023-03-22,2023-03-23,2023-03-23,1,0.050000000000000044,0.36750148431235735,2
MSFT,2023-03-22,2023-03-23,2023-04-05,0,0.023026513566785756,0.49049282540292577,2
NVAX,2023-03-22,2023-03-23,2023-03-23,0,-0.030000000000000027,0.41382066269076,2
NVDA,2023-03-22,2023-03-23,2023-03-28,0,-0.029999999999999916,0.2645214094710471,2
QCOM,2023-03-22,2023-03-23,2023-03-28,0,-0.030000000000000138,0.21328293788409527,2
SEI,2023-03-22,2023-03-23,2023-03-28,1,0.050000000000000044,0.4158228994989658,2
STX,2023-03-22,2023-03-23,2023-03-29,1,0.050000000000000044,0.20431706576664938,2
AAPL,2023-03-23,2023-03-24,2023-04-04,1,0.050000000000000044,0.41244809425451223,2
AXTI,2023-03-23,2023-03-24,2023-03-30,1,0.050000000000000044,0.47302738319643933,2
DSX,2023-03-23,2023-03-24,2023-03-30,0,-0.029999999999999916,0.23384137561324478,2
KODK,2023-03-23,2023-03-24,2023-03-24,1,0.050000000000000044,0.5785344549781714,2
MRVL,2023-03-23,2023-03-24,2023-03-28,0,-0.030000000000000027,0.4466988995782783,2
MSFT,2023-03-23,2023-03-24,2023-04-06,1,0.050000000000000044,0.501917453715997,2
NVAX,2023-03-23,2023-03-24,2023-03-24,1,0.050000000000000044,0.4560836761644219,2
NVDA,2023-03-23,2023-03-24,2023-03-28,0,-0.030000000000000138,0.3357215123858687,2
QCOM,2023-03-23,2023-03-24,2023-04-06,0,-0.005095649280331904,0.22950073670881863,2
SEI,2023-03-23,2023-03-24,2023-03-27,1,0.050000000000000044,0.432026818310014,2
STX,2023-03-23,2023-03-24,2023-03-28,0,-0.030000000000000027,0.217320489345204,2
AAPL,2023-03-24,2023-03-27,2023-04-10,0,0.0130675809113594,0.41244809425451223,2
AXTI,2023-03-24,2023-03-27,2023-03-27,0,-0.030000000000000027,0.4380844779759235,2
DSX,2023-03-24,2023-03-27,2023-03-27,0,-0.030000000000000027,0.2149981623616693,2
KODK,2023-03-24,2023-03-27,2023-03-28,0,-0.03069056811853421,0.510627263204152,2
MRVL,2023-03-24,2023-03-27,2023-03-28,0,-0.029999999999999916,0.31930563110340776,2
MSFT,2023-03-24,2023-03-27,2023-03-28,0,-0.030000000000000138,0.5079289851279637,2
NVAX,2023-03-24,2023-03-27,2023-03-27,0,-0.029999999999999916,0.42955437169149363,2
NVDA,2023-03-24,2023-03-27,2023-03-28,0,-0.030000000000000027,0.2979021734198523,2
QCOM,2023-03-24,2023-03-27,2023-03-28,0,-0.030000000000000027,0.25424828947302275,2
SEI,2023-03-24,2023-03-27,2023-03-30,1,0.05314019879633469,0.4123421918370702,2
STX,2023-03-24,2023-03-27,2023-03-28,0,-0.03230482947536628,0.24014321752254428,2
AAPL,2023-03-27,2023-03-28,2023-04-03,1,0.050000000000000044,0.3213282322719651,2
AXTI,2023-03-27,2023-03-28,2023-03-30,1,0.050000000000000044,0.3888399647889507,2
DSX,2023-03-27,2023-03-28,2023-04-06,0,-0.030000000000000138,0.25123052383628564,2
KODK,2023-03-27,2023-03-28,2023-03-29,1,0.050000000000000044,0.5782825875147254,2
MRVL,2023-03-27,2023-03-28,2023-03-28,0,-0.030000000000000138,0.4659797033176503,2
MSFT,2023-03-27,2023-03-28,2023-04-04,1,0.050000000000000044,0.4476896164440348,2
NVAX,2023-03-27,2023-03-28,2023-03-29,1,0.050000000000000044,0.4252308762576729,2
NVDA,2023-03-27,2023-03-28,2023-03-31,1,0.050000000000000044,0.2550069616804611,2
QCOM,2023-03-27,2023-03-28,2023-04-11,0,-0.00024263605114571707,0.2403939115635625,2
SEI,2023-03-27,2023-03-28,2023-03-30,1,0.050000000000000044,0.21601676989206275,2
STX,2023-03-27,2023-03-28,2023-03-29,1,0.050000000000000044,0.2532473348513011,2
AAPL,2023-03-28,2023-03-29,2023-04-12,0,0.00458078573578069,0.31695053112253074,2
AXTI,2023-03-28,2023-03-29,2023-03-31,1,0.050000000000000044,0.40401146759364504,2
DSX,2023-03-28,2023-03-29,2023-04-12,0,0.04347817481073846,0.24708428996227189,2
KODK,2023-03-28,2023-03-29,2023-03-30,1,0.050000000000000044,0.40468295029357326,2
MRVL,2023-03-28,2023-03-29,2023-03-30,1,0.053675036995096015,0.4360633947949097,2
MSFT,2023-03-28,2023-03-29,2023-04-12,0,0.0162386589307415,0.39759539094296803,2
NVAX,2023-03-28,2023-03-29,2023-03-29,1,0.050000000000000044,0.32694375546989946,2
NVDA,2023-03-28,2023-03-29,2023-04-12,0,-0.012302017832914847,0.14036973037702055,2
QCOM,2023-03-28,2023-03-29,2023-04-12,0,-0.02552260301895426,0.20181175259559134,2
SEI,2023-03-28,2023-03-29,2023-03-31,0,-0.030000000000000027,0.22538415541173923,2
STX,2023-03-28,2023-03-29,2023-03-30,1,0.050000000000000044,0.26493342942380754,2
AAPL,2023-03-29,2023-03-30,2023-04-13,0,0.024948919708491113,0.39096843606639753,2
AXTI,2023-03-29,2023-03-30,2023-04-05,0,-0.030000000000000027,0.4546532395858215,2
DSX,2023-03-29,2023-03-30,2023-04-06,0,-0.030000000000000027,0.20120996041518774,2
KODK,2023-03-29,2023-03-30,2023-04-03,1,0.050000000000000044,0.5365097972695498,2
MRVL,2023-03-29,2023-03-30,2023-04-03,0,-0.030000000000000138,0.39803743087534776,2
MSFT,2023-03-29,2023-03-30,2023-04-13,0,0.019737508334987997,0.5004536071586756,2
NVAX,2023-03-29,2023-03-30,2023-03-30,0,-0.030000000000000027,0.29981044499582254,2
NVDA,2023-03-29,2023-03-30,2023-04-05,0,-0.030000000000000027,0.16124080965097579,2
QCOM,2023-03-29,2023-03-30,2023-04-04,0,-0.030000000000000027,0.19463241798472491,2
SEI,2023-03-29,2023-03-30,2023-03-30,0,-0.030000000000000027,0.25106096279691514,2
STX,2023-03-29,2023-03-30,2023-04-13,0,0.010202459644640172,0.2526279180265067,2
AAPL,2023-03-30,2023-03-31,2023-04-14,0,0.017052362086960038,0.32267739240492704,2
AXTI,2023-03-30,2023-03-31,2023-04-05,0,-0.030000000000000027,0.5502084844827435,2
DSX,2023-03-30,2023-03-31,2023-04-11,1,0.050000000000000044,0.2110548265750503,2
KODK,2023-03-30,2023-03-31,2023-03-31,0,-0.029999999999999916,0.448292840926277,2
MRVL,2023-03-30,2023-03-31,2023-04-03,0,-0.030000000000000138,0.36636398944771387,2
MSFT,2023-03-30,2023-03-31,2023-04-14,0,0.008493953603732507,0.5032738379644723,2
NVAX,2023-03-30,2023-03-31,2023-03-31,1,0.050000000000000044,0.3550573995024333,2
NVDA,2023-03-30,2023-03-31,2023-04-14,0,-0.030000000000000027,0.15667019534639948,2
QCOM,2023-03-30,2023-03-31,2023-04-04,0,-0.030000000000000027,0.2105565778357449,2
SEI,2023-03-30,2023-03-31,2023-04-03,1,0.09080198389568994,0.31323740828594326,2
STX,2023-03-30,2023-03-31,2023-04-14,0,-0.01509094461534155,0.2511608919198607,2
AAPL,2023-03-31,2023-04-03,2023-04-17,0,0.005844183407691883,0.35625007369686956,2
AXTI,2023-03-31,2023-04-03,2023-04-04,0,-0.030000000000000027,0.5881969370336176,2
DSX,2023-03-31,2023-04-03,2023-04-13,1,0.05115080981349163,0.179964837782935,2
KODK,2023-03-31,2023-04-03,2023-04-03,1,0.050000000000000044,0.43331429322558773,2
MRVL,2023-03-31,2023-04-03,2023-04-04,0,-0.030000000000000138,0.3721779183426341,2
MSFT,2023-03-31,2023-04-03,2023-04-17,0,0.007957662333304194,0.5394543868321168,2
NVAX,2023-03-31,2023-04-03,2023-04-03,1,0.050000000000000044,0.4259299357093947,2
NVDA,2023-03-31,2023-04-03,2023-04-05,0,-0.030000000000000027,0.15820468974496324,2
QCOM,2023-03-31,2023-04-03,2023-04-04,0,-0.030000000000000027,0.21870729443290385,2
SEI,2023-03-31,2023-04-03,2023-04-03,0,-0.029999999999999916,0.3293424832832057,2
STX,2023-03-31,2023-04-03,2023-04-05,0,-0.030000000000000027,0.3163410125971374,2
AAPL,2023-04-03,2023-04-04,2023-04-10,0,-0.031092339851569006,0.3777788095437605,2
AXTI,2023-04-03,2023-04-04,2023-04-05,0,-0.030000000000000027,0.5129871686769955,2
DSX,2023-04-03,2023-04-04,2023-04-04,0,-0.030000000000000027,0.16501744223015868,2
KODK,2023-04-03,2023-04-04,2023-04-04,0,-0.030000000000000027,0.41284716851840525,2
MRVL,2023-04-03,2023-04-04,2023-04-04,0,-0.030000000000000027,0.32626088035028805,2
MSFT,2023-04-03,2023-04-04,2023-04-18,0,0.003968981558067908,0.5106103345994085,2
NVAX,2023-04-03,2023-04-04,2023-04-04,0,-0.030000000000000027,0.27153523218631104,2
NVDA,2023-04-03,2023-04-04,2023-04-05,0,-0.04065631715948392,0.13968583327825357,2
QCOM,2023-04-03,2023-04-04,2023-04-06,0,-0.030000000000000027,0.19913550230073232,2
SEI,2023-04-03,2023-04-04,2023-04-04,0,-0.030000000000000027,0.3189136966503746,2
STX,2023-04-03,2023-04-04,2023-04-05,0,-0.030000000000000027,0.29773411119384346,2
AAPL,2023-04-04,2023-04-05,2023-04-12,0,-0.030000000000000027,0.4531211554091941,2
AXTI,2023-04-04,2023-04-05,2023-04-05,0,-0.030000000000000027,0.4837923593383311,2
DSX,2023-04-04,2023-04-05,2023-04-12,1,0.050000000000000044,0.2043428494205969,2
KODK,2023-04-04,2023-04-05,2023-04-05,0,-0.030000000000000027,0.40719944847828304,2
MRVL,2023-04-04,2023-04-05,2023-04-06,0,-0.030000000000000027,0.5524816901760128,2
MSFT,2023-04-04,2023-04-05,2023-04-19,0,0.009095769942690346,0.5055011667764042,2
NVAX,2023-04-04,2023-04-05,2023-04-05,0,-0.030000000000000027,0.2576287091311493,2
NVDA,2023-04-04,2023-04-05,2023-04-19,0,0.04107480201527691,0.1367291818026028,2
QCOM,2023-04-04,2023-04-05,2023-04-18,0,-0.030000000000000027,0.20362899299873125,2
SEI,2023-04-04,2023-04-05,2023-04-12,0,-0.030000000000000027,0.31432854927701315,2
STX,2023-04-04,2023-04-05,2023-04-19,0,-0.030000000000000027,0.2989753228080599,2
AAPL,2023-04-05,2023-04-06,2023-04-20,0,0.02598075555010726,0.31653257987608585,2
AXTI,2023-04-05,2023-04-06,2023-04-13,0,-0.030000000000000027,0.5589998278463915,2
DSX,2023-04-05,2023-04-06,2023-04-11,1,0.050000000000000044,0.23268451304685317,2
KODK,2023-04-05,2023-04-06,2023-04-10,0,-0.030534382172842545,0.5996911033872457,2
MRVL,2023-04-05,2023-04-06,2023-04-18,1,0.050000000000000044,0.5292686690426164,2
MSFT,2023-04-05,2023-04-06,2023-04-20,0,0.01023972599743539,0.40483610788235036,2
NVAX,2023-04-05,2023-04-06,2023-04-06,1,0.050000000000000044,0.23345851101985268,2
NVDA,2023-04-05,2023-04-06,2023-04-18,1,0.050000000000000044,0.12639859083562668,2
QCOM,2023-04-05,2023-04-06,2023-04-17,0,-0.030000000000000027,0.18358195333018454,2
SEI,2023-04-05,2023-04-06,2023-04-14,0,-0.030000000000000027,0.33631835569734353,2
STX,2023-04-05,2023-04-06,2023-04-12,1,0.0534328929910568,0.16881610501289762,2
AAPL,2023-04-06,2023-04-10,2023-04-21,0,0.02230213970955197,0.34679582613862386,2
AXTI,2023-04-06,2023-04-10,2023-04-12,0,-0.030000000000000027,0.5631407459144963,2
DSX,2023-04-06,2023-04-10,2023-04-11,1,0.050000000000000044,0.23343961031619423,2
KODK,2023-04-06,2023-04-10,2023-04-11,1,0.050000000000000044,0.6372767435442801,2
MRVL,2023-04-06,2023-04-10,2023-04-12,1,0.05112336021807318,0.44335388526794667,2
MSFT,2023-04-06,2023-04-10,2023-04-21,0,-0.011928634642425218,0.5795343312126002,2
NVAX,2023-04-06,2023-04-10,2023-04-10,0,-0.030000000000000027,0.11760835238909437,2
NVDA,2023-04-06,2023-04-10,2023-04-21,0,0.011035371220463608,0.12649861546414584,2
QCOM,2023-04-06,2023-04-10,2023-04-17,0,-0.030000000000000027,0.20151278154505334,2
SEI,2023-04-06,2023-04-10,2023-04-17,0,-0.030000000000000027,0.41460147160803484,2
STX,2023-04-06,2023-04-10,2023-04-12,1,0.05359656124123546,0.2529613994287648,2
AAPL,2023-04-10,2023-04-11,2023-04-24,0,0.018355354346174302,0.25782583948313686,2
AXTI,2023-04-10,2023-04-11,2023-04-13,0,-0.030000000000000027,0.5397644349434392,2
DSX,2023-04-10,2023-04-11,2023-04-13,1,0.050000000000000044,0.20449324749682227,2
KODK,2023-04-10,2023-04-11,2023-04-12,0,-0.030000000000000027,0.4023102147714361,2
MRVL,2023-04-10,2023-04-11,2023-04-18,1,0.050000000000000044,0.44036029745394195,2
MSFT,2023-04-10,2023-04-11,2023-04-24,0,-0.013928241507069394,0.43625027307742115,2
NVAX,2023-04-10,2023-04-11,2023-04-11,1,0.050000000000000044,0.20260435261961365,2
NVDA,2023-04-10,2023-04-11,2023-04-12,0,-0.030000000000000027,0.10248280286294283,2
QCOM,2023-04-10,2023-04-11,2023-04-12,0,-0.030000000000000027,0.23494089799684315,2
SEI,2023-04-10,2023-04-11,2023-04-14,0,-0.030000000000000027,0.44544708757219115,2
STX,2023-04-10,2023-04-11,2023-04-13,0,-0.030000000000000027,0.29278530333325425,2
AAPL,2023-04-11,2023-04-12,2023-04-25,0,0.015817009457118614,0.23283898441350256,2
AXTI,2023-04-11,2023-04-12,2023-04-13,0,-0.030000000000000027,0.47008761026680396,2
DSX,2023-04-11,2023-04-12,2023-04-25,0,-0.0024570068127758304,0.2759351454122689,2
KODK,2023-04-11,2023-04-12,2023-04-12,0,-0.030000000000000027,0.3482588337507335,2
MRVL,2023-04-11,2023-04-12,2023-04-12,0,-0.029999999999999916,0.45469478466495106,2
MSFT,2023-04-11,2023-04-12,2023-04-25,0,-0.030000000000000138,0.2929055755437313,2
NVAX,2023-04-11,2023-04-12,2023-04-12,0,-0.029999999999999916,0.1874040231943,2
NVDA,2023-04-11,2023-04-12,2023-04-12,0,-0.030000000000000027,0.1005881585908448,2
QCOM,2023-04-11,2023-04-12,2023-04-12,0,-0.030000000000000027,0.19471438110484712,2
SEI,2023-04-11,2023-04-12,2023-04-14,0,-0.030000000000000027,0.46065563932945497,2
STX,2023-04-11,2023-04-12,2023-04-13,0,-0.030000000000000027,0.39199737734890994,2
AAPL,2023-04-12,2023-04-13,2023-04-26,0,0.013177923036660655,0.19262819566476835,2
AXTI,2023-04-12,2023-04-13,2023-04-13,0,-0.030000000000000027,0.3865074254561305,2
DSX,2023-04-12,2023-04-13,2023-04-20,0,-0.030000000000000027,0.29803224809220863,2
KODK,2023-04-12,2023-04-13,2023-04-17,0,-0.03733336130777998,0.5548145456562199,2
MRVL,2023-04-12,2023-04-13,2023-04-18,1,0.050000000000000044,0.42620914872051463,2
MSFT,2023-04-12,2023-04-13,2023-04-26,1,0.050000000000000044,0.274831872533003,2
NVAX,2023-04-12,2023-04-13,2023-04-17,1,0.050000000000000044,0.22524295632455132,2
NVDA,2023-04-12,2023-04-13,2023-04-18,1,0.050000000000000044,0.08653955335379623,2
QCOM,2023-04-12,2023-04-13,2023-04-25,0,-0.030000000000000027,0.2000150873147237,2
SEI,2023-04-12,2023-04-13,2023-04-18,0,-0.030000000000000027,0.4259122916819345,2
STX,2023-04-12,2023-04-13,2023-04-13,0,-0.030000000000000027,0.3048666781177544,2
AAPL,2023-04-13,2023-04-14,2023-04-27,0,0.023209045675320894,0.25488877484472544,2
AXTI,2023-04-13,2023-04-14,2023-04-17,0,-0.030000000000000027,0.291196582365878,2
DSX,2023-04-13,2023-04-14,2023-04-20,0,-0.030000000000000027,0.31713387383071373,2
KODK,2023-04-13,2023-04-14,2023-04-17,0,-0.03733336130777998,0.5366198707245886,2
MRVL,2023-04-13,2023-04-14,2023-04-18,1,0.050000000000000044,0.4180617009940085,2
MSFT,2023-04-13,2023-04-14,2023-04-25,0,-0.030000000000000027,0.3138729192826122,2
NVAX,2023-04-13,2023-04-14,2023-04-14,0,-0.030000000000000027,0.3944169184283271,2
NVDA,2023-04-13,2023-04-14,2023-04-18,1,0.050000000000000044,0.1350589691801228,2
QCOM,2023-04-13,2023-04-14,2023-04-19,0,-0.030000000000000027,0.210926526171563,2
SEI,2023-04-13,2023-04-14,2023-04-17,0,-0.030000000000000027,0.42458460534907616,2
STX,2023-04-13,2023-04-14,2023-04-19,0,-0.030000000000000027,0.17234514416533023,2
AAPL,2023-04-14,2023-04-17,2023-04-28,0,0.027802965368854293,0.2595035226361961,2
AXTI,2023-04-14,2023-04-17,2023-04-17,0,-0.030000000000000027,0.291196582365878,2
DSX,2023-04-14,2023-04-17,2023-04-19,0,-0.030000000000000027,0.3515911191091811,2
KODK,2023-04-14,2023-04-17,2023-04-20,0,-0.030000000000000138,0.5426602046235712,2
MRVL,2023-04-14,2023-04-17,2023-04-18,1,0.050000000000000044,0.4180011653644084,2
MSFT,2023-04-14,2023-04-17,2023-04-24,0,-0.029999999999999916,0.2669929472652878,2
NVAX,2023-04-14,2023-04-17,2023-04-17,0,-0.030000000000000027,0.5648441703953545,2
NVDA,2023-04-14,2023-04-17,2023-04-18,1,0.050000000000000044,0.12468474565812229,2
QCOM,2023-04-14,2023-04-17,2023-04-25,0,-0.030000000000000027,0.20170264804232696,2
SEI,2023-04-14,2023-04-17,2023-04-18,0,-0.030000000000000027,0.4874497097903843,2
STX,2023-04-14,2023-04-17,2023-04-19,0,-0.030000000000000027,0.24936316449457532,2
AAPL,2023-04-17,2023-04-18,2023-05-01,0,0.021011471214738453,0.2595035226361961,2
AXTI,2023-04-17,2023-04-18,2023-04-19,0,-0.030000000000000027,0.3007481244259035,2
DSX,2023-04-17,2023-04-18,2023-04-20,0,-0.030000000000000027,0.2098265739889279,2
KODK,2023-04-17,2023-04-18,2023-04-19,0,-0.030000000000000027,0.4948852875702209,2
MRVL,2023-04-17,2023-04-18,2023-04-20,0,-0.030000000000000027,0.36237910472366364,2
MSFT,2023-04-17,2023-04-18,2023-04-24,0,-0.032513553388813676,0.22453285520525934,2
NVAX,2023-04-17,2023-04-18,2023-04-18,0,-0.030000000000000138,0.5440149558745941,2
NVDA,2023-04-17,2023-04-18,2023-04-24,0,-0.030000000000000027,0.11363071803798537,2
QCOM,2023-04-17,2023-04-18,2023-04-19,0,-0.030000000000000027,0.20602124419683884,2
SEI,2023-04-17,2023-04-18,2023-04-19,0,-0.030000000000000027,0.44508739837558087,2
STX,2023-04-17,2023-04-18,2023-04-19,0,-0.030000000000000027,0.20453255806975223,2
AAPL,2023-04-18,2023-04-19,2023-05-02,0,0.016526002265546902,0.31314332680671436,2
AXTI,2023-04-18,2023-04-19,2023-04-19,0,-0.030000000000000027,0.3092463772574991,2
DSX,2023-04-18,2023-04-19,2023-04-20,0,-0.030000000000000027,0.2820545113740926,2
KODK,2023-04-18,2023-04-19,2023-04-21,0,-0.030000000000000027,0.44262051128813673,2
MRVL,2023-04-18,2023-04-19,2023-04-20,0,-0.036127261962034196,0.358678215881592,2
MSFT,2023-04-18,2023-04-19,2023-04-25,0,-0.030000000000000138,0.273728353811408,2
NVAX,2023-04-18,2023-04-19,2023-04-19,0,-0.029999999999999916,0.46855333810658883,2
NVDA,2023-04-18,2023-04-19,2023-04-25,0,-0.030000000000000027,0.21796527353687867,2
QCOM,2023-04-18,2023-04-19,2023-04-25,0,-0.030000000000000027,0.2130470465338817,2
SEI,2023-04-18,2023-04-19,2023-04-20,0,-0.029999999999999916,0.4964830298061928,2
STX,2023-04-18,2023-04-19,2023-04-20,0,-0.06993347201932687,0.29321889514871274,2
AAPL,2023-04-19,2023-04-20,2023-05-03,0,0.008188125826493087,0.3880550899292799,2
AXTI,2023-04-19,2023-04-20,2023-04-20,0,-0.030000000000000027,0.296457289687669,2
DSX,2023-04-19,2023-04-20,2023-04-20,0,-0.030000000000000027,0.3127782939956069,2
KODK,2023-04-19,2023-04-20,2023-04-21,0,-0.030000000000000027,0.35163810465164885,2
MRVL,2023-04-19,2023-04-20,2023-04-21,0,-0.030000000000000138,0.4182975754794911,2
MSFT,2023-04-19,2023-04-20,2023-04-25,0,-0.030000000000000138,0.21982069491286008,2
NVAX,2023-04-19,2023-04-20,2023-04-20,0,-0.030000000000000138,0.4020836610773045,2
NVDA,2023-04-19,2023-04-20,2023-04-21,0,-0.030000000000000027,0.22138680856814155,2
QCOM,2023-04-19,2023-04-20,2023-04-25,0,-0.030000000000000027,0.2130470465338817,2
SEI,2023-04-19,2023-04-20,2023-04-26,0,-0.030000000000000027,0.48162313904032555,2
STX,2023-04-19,2023-04-20,2023-04-20,0,-0.030000000000000027,0.2075836094844814,2
AAPL,2023-04-20,2023-04-21,2023-05-04,0,0.004483544884105628,0.29485195762217153,2
AXTI,2023-04-20,2023-04-21,2023-04-21,0,-0.029999999999999916,0.24997656525755269,2
DSX,2023-04-20,2023-04-21,2023-05-01,0,-0.030000000000000027,0.1994622771395467,2
KODK,2023-04-20,2023-04-21,2023-04-21,0,-0.030000000000000027,0.29816642444961083,2
MRVL,2023-04-20,2023-04-21,2023-04-21,0,-0.029999999999999916,0.390823586548625,2
MSFT,2023-04-20,2023-04-21,2023-04-25,0,-0.030000000000000138,0.2469400550518076,2
NVAX,2023-04-20,2023-04-21,2023-04-21,1,0.050000000000000044,0.5422456404007828,2
NVDA,2023-04-20,2023-04-21,2023-05-01,1,0.050000000000000044,0.16273878214343504,2
QCOM,2023-04-20,2023-04-21,2023-04-25,0,-0.030000000000000027,0.21767363903618087,2
SEI,2023-04-20,2023-04-21,2023-04-24,1,0.050000000000000044,0.5388313032916142,2
STX,2023-04-20,2023-04-21,2023-04-21,0,-0.030000000000000027,0.28017917489811733,2
AAPL,2023-04-21,2023-04-24,2023-05-05,1,0.050000000000000044,0.2516446136003596,2
AXTI,2023-04-21,2023-04-24,2023-04-26,1,0.050000000000000044,0.24567901946483514,2
DSX,2023-04-21,2023-04-24,2023-05-01,0,-0.030000000000000027,0.21740574560354223,2
KODK,2023-04-21,2023-04-24,2023-04-24,0,-0.030000000000000027,0.2787804509998452,2
MRVL,2023-04-21,2023-04-24,2023-04-25,0,-0.030000000000000027,0.3930772221036636,2
MSFT,2023-04-21,2023-04-24,2023-04-26,1,0.05179233772642,0.2469400550518076,2
NVAX,2023-04-21,2023-04-24,2023-04-24,0,-0.030000000000000027,0.569371103647756,2
NVDA,2023-04-21,2023-04-24,2023-05-01,1,0.050000000000000044,0.17760706612115837,2
QCOM,2023-04-21,2023-04-24,2023-04-25,0,-0.029999999999999916,0.18512185768746522,2
SEI,2023-04-21,2023-04-24,2023-04-24,1,0.050000000000000044,0.5388313032916142,2
STX,2023-04-21,2023-04-24,2023-05-04,0,-0.029999999999999916,0.22770787186721064,2
AAPL,2023-04-24,2023-04-25,2023-05-05,1,0.050000000000000044,0.22759824068808793,2
AXTI,2023-04-24,2023-04-25,2023-04-25,1,0.050000000000000044,0.2501381850394625,2
DSX,2023-04-24,2023-04-25,2023-04-25,0,-0.030000000000000027,0.2279094785448366,2
KODK,2023-04-24,2023-04-25,2023-05-04,0,-0.030000000000000027,0.3362015039555421,2
MRVL,2023-04-24,2023-04-25,2023-04-25,0,-0.030000000000000027,0.3785953005641956,2
MSFT,2023-04-24,2023-04-25,2023-04-26,1,0.06150091895801357,0.22028745107437048,2
NVAX,2023-04-24,2023-04-25,2023-04-25,0,-0.029999999999999916,0.5426944046423339,2
NVDA,2023-04-24,2023-04-25,2023-04-25,0,-0.030000000000000027,0.19120847327092075,2
QCOM,2023-04-24,2023-04-25,2023-04-26,0,-0.030000000000000027,0.18512185768746522,2
SEI,2023-04-24,2023-04-25,2023-04-25,0,-0.030000000000000027,0.5417182048563424,2
STX,2023-04-24,2023-04-25,2023-05-04,0,-0.030000000000000027,0.1804949306301365,2
AAPL,2023-04-25,2023-04-26,2023-05-05,1,0.050000000000000044,0.26594557886087583,2
AXTI,2023-04-25,2023-04-26,2023-04-27,0,-0.029999999999999916,0.23164366135357106,2
DSX,2023-04-25,2023-04-26,2023-04-27,0,-0.030000000000000027,0.18628511631310052,2
KODK,2023-04-25,2023-04-26,2023-05-04,0,-0.030000000000000027,0.4579452392143504,2
MRVL,2023-04-25,2023-04-26,2023-05-01,1,0.05251953835741974,0.3729643916893979,2
MSFT,2023-04-25,2023-04-26,2023-05-05,1,0.050000000000000044,0.21077919715998233,2
NVAX,2023-04-25,2023-04-26,2023-04-26,0,-0.030000000000000027,0.2434138707473618,2
NVDA,2023-04-25,2023-04-26,2023-05-01,1,0.050000000000000044,0.1366497594457174,2
QCOM,2023-04-25,2023-04-26,2023-05-04,0,-0.08977165241898022,0.22576262495766508,2
SEI,2023-04-25,2023-04-26,2023-04-26,0,-0.030000000000000027,0.5388313032916142,2
STX,2023-04-25,2023-04-26,2023-05-04,0,-0.030000000000000027,0.2630483165163417,2
AAPL,2023-04-26,2023-04-27,2023-05-05,1,0.050000000000000044,0.26594557886087583,2
AXTI,2023-04-26,2023-04-27,2023-04-27,0,-0.030000000000000027,0.231993095521768,2
DSX,2023-04-26,2023-04-27,2023-05-01,0,-0.030000000000000027,0.19858815928695334,2
KODK,2023-04-26,2023-04-27,2023-05-01,0,-0.030000000000000027,0.3830796544350304,2
MRVL,2023-04-26,2023-04-27,2023-05-01,1,0.050000000000000044,0.3503899164350927,2
MSFT,2023-04-26,2023-04-27,2023-05-05,1,0.050000000000000044,0.37302709533371436,2
NVAX,2023-04-26,2023-04-27,2023-04-27,0,-0.030000000000000027,0.26247163307570665,2
NVDA,2023-04-26,2023-04-27,2023-05-01,1,0.050000000000000044,0.19735386813866054,2
QCOM,2023-04-26,2023-04-27,2023-05-04,0,-0.08649462351490578,0.17907717009977903,2
SEI,2023-04-26,2023-04-27,2023-05-01,1,0.050000000000000044,0.5352572249008071,2
STX,2023-04-26,2023-04-27,2023-05-04,0,-0.030000000000000027,0.3049154455360884,2
AAPL,2023-04-27,2023-04-28,2023-05-11,0,0.031218376097830403,0.27956765138768974,2
AXTI,2023-04-27,2023-04-28,2023-04-28,0,-0.029999999999999916,0.22563038446730824,2
DSX,2023-04-27,2023-04-28,2023-05-02,0,-0.030000000000000027,0.2105426158710085,2
KODK,2023-04-27,2023-04-28,2023-05-04,0,-0.030000000000000027,0.3830796544350304,2
MRVL,2023-04-27,2023-04-28,2023-05-05,1,0.050000000000000044,0.3392622738238464,2
MSFT,2023-04-27,2023-04-28,2023-05-11,0,0.02006501387440318,0.47774238754594933,2
NVAX,2023-04-27,2023-04-28,2023-05-02,0,-0.030000000000000027,0.3202615678730405,2
NVDA,2023-04-27,2023-04-28,2023-05-01,1,0.050000000000000044,0.20530278408399993,2
QCOM,2023-04-27,2023-04-28,2023-05-04,0,-0.09617719713464601,0.2194606579312405,2
SEI,2023-04-27,2023-04-28,2023-05-01,1,0.050000000000000044,0.5186305326761961,2
STX,2023-04-27,2023-04-28,2023-05-04,0,-0.030000000000000027,0.2992699504716165,2
AAPL,2023-04-28,2023-05-01,2023-05-12,0,0.02084542022277658,0.26537692591934625,2
AXTI,2023-04-28,2023-05-01,2023-05-01,0,-0.030000000000000027,0.33137174346002896,2
DSX,2023-04-28,2023-05-01,2023-05-02,0,-0.030000000000000027,0.17404579026782327,2
KODK,2023-04-28,2023-05-01,2023-05-04,0,-0.030000000000000027,0.3830796544350304,2
MRVL,2023-04-28,2023-05-01,2023-05-12,0,0.011088852166072583,0.4200751506252671,2
MSFT,2023-04-28,2023-05-01,2023-05-12,0,0.006515452690545986,0.5517485482946095,2
NVAX,2023-04-28,2023-05-01,2023-05-01,0,-0.030000000000000027,0.38848994451150404,2
NVDA,2023-04-28,2023-05-01,2023-05-12,0,0.01795975478851819,0.26778145197994724,2
QCOM,2023-04-28,2023-05-01,2023-05-03,0,-0.030000000000000027,0.1622641144307774,2
SEI,2023-04-28,2023-05-01,2023-05-01,1,0.050000000000000044,0.3904966872858407,2
STX,2023-04-28,2023-05-01,2023-05-02,0,-0.030000000000000027,0.16114955160660918,2
AAPL,2023-05-01,2023-05-02,2023-05-04,0,-0.030571950695023054,0.22124956261955564,2
AXTI,2023-05-01,2023-05-02,2023-05-02,0,-0.030000000000000138,0.33137174346002896,2
DSX,2023-05-01,2023-05-02,2023-05-02,0,-0.029999999999999916,0.2910642404116912,2
KODK,2023-05-01,2023-05-02,2023-05-09,1,0.050000000000000044,0.40661294907348816,2
MRVL,2023-05-01,2023-05-02,2023-05-15,1,0.050000000000000044,0.46954612807968266,2
MSFT,2023-05-01,2023-05-02,2023-05-15,0,0.005523661686315462,0.5754587813327073,2
NVAX,2023-05-01,2023-05-02,2023-05-02,0,-0.030000000000000027,0.3673612122898504,2
NVDA,2023-05-01,2023-05-02,2023-05-03,0,-0.030000000000000027,0.2682136749905521,2
QCOM,2023-05-01,2023-05-02,2023-05-03,0,-0.030000000000000027,0.2943567168117391,2
SEI,2023-05-01,2023-05-02,2023-05-02,0,-0.030000000000000027,0.3777326817849201,2
STX,2023-05-01,2023-05-02,2023-05-02,0,-0.029999999999999916,0.21824974772139416,2
AAPL,2023-05-02,2023-05-03,2023-05-04,0,-0.030000000000000027,0.2510020527238547,2
AXTI,2023-05-02,2023-05-03,2023-05-03,1,0.050000000000000044,0.32491875919407187,2
DSX,2023-05-02,2023-05-03,2023-05-04,0,-0.030000000000000027,0.26056843832131205,2
KODK,2023-05-02,2023-05-03,2023-05-04,0,-0.030000000000000027,0.3991255243909297,2
MRVL,2023-05-02,2023-05-03,2023-05-05,1,0.050000000000000044,0.3687030661255177,2
MSFT,2023-05-02,2023-05-03,2023-05-16,0,0.016698534223314354,0.6885388571021295,2
NVAX,2023-05-02,2023-05-03,2023-05-04,1,0.050000000000000044,0.3418974234727184,2
NVDA,2023-05-02,2023-05-03,2023-05-16,1,0.050000000000000044,0.3062334419024366,2
QCOM,2023-05-02,2023-05-03,2023-05-03,0,-0.030000000000000027,0.2884717793096057,2
SEI,2023-05-02,2023-05-03,2023-05-05,1,0.05547853622445764,0.4540918882765371,2
STX,2023-05-02,2023-05-03,2023-05-04,0,-0.030000000000000027,0.24528465260093693,2
AAPL,2023-05-03,2023-05-04,2023-05-05,1,0.050000000000000044,0.24678144686893766,2
AXTI,2023-05-03,2023-05-04,2023-05-05,1,0.050000000000000044,0.32839082193641994,2
DSX,2023-05-03,2023-05-04,2023-05-04,0,-0.030000000000000027,0.23569152473472046,2
KODK,2023-05-03,2023-05-04,2023-05-09,1,0.050000000000000044,0.3924144290567012,2
MRVL,2023-05-03,2023-05-04,2023-05-05,1,0.050000000000000044,0.3222484683787488,2
MSFT,2023-05-03,2023-05-04,2023-05-17,0,0.027581177596925466,0.6628733379816406,2
NVAX,2023-05-03,2023-05-04,2023-05-04,1,0.050000000000000044,0.35271672874850485,2
NVDA,2023-05-03,2023-05-04,2023-05-08,1,0.050000000000000044,0.1901108306401326,2
QCOM,2023-05-03,2023-05-04,2023-05-05,1,0.050000000000000044,0.2754786250679682,2
SEI,2023-05-03,2023-05-04,2023-05-05,1,0.05401670837360162,0.4199146533747904,2
STX,2023-05-03,2023-05-04,2023-05-15,1,0.05564551680542151,0.23296375963824217,2
AAPL,2023-05-04,2023-05-05,2023-05-18,0,0.025220276641212624,0.25957915229248585,2
AXTI,2023-05-04,2023-05-05,2023-05-08,1,0.050000000000000044,0.44556654070052526,2
DSX,2023-05-04,2023-05-05,2023-05-05,1,0.050000000000000044,0.36368575634332667,2
KODK,2023-05-04,2023-05-05,2023-05-09,1,0.050000000000000044,0.42278759525213655,2
MRVL,2023-05-04,2023-05-05,2023-05-15,1,0.050000000000000044,0.394562099822147,2
MSFT,2023-05-04,2023-05-05,2023-05-18,0,0.04414571640145315,0.6018579222563218,2
NVAX,2023-05-04,2023-05-05,2023-05-05,1,0.050000000000000044,0.3089419024915499,2
NVDA,2023-05-04,2023-05-05,2023-05-08,1,0.050000000000000044,0.16716878465919593,2
QCOM,2023-05-04,2023-05-05,2023-05-11,0,-0.030000000000000138,0.5276457195347104,2
SEI,2023-05-04,2023-05-05,2023-05-18,0,0.038107751628884357,0.4752927044092277,2
STX,2023-05-04,2023-05-05,2023-05-15,1,0.05186928272483793,0.3096639879796481,2
AAPL,2023-05-05,2023-05-08,2023-05-19,0,0.0169428683370072,0.2873822088262266,2
AXTI,2023-05-05,2023-05-08,2023-05-08,1,0.050000000000000044,0.41220610921776357,2
DSX,2023-05-05,2023-05-08,2023-05-12,0,-0.030000000000000027,0.25824337170485356,2
KODK,2023-05-05,2023-05-08,2023-05-09,1,0.050000000000000044,0.3607010248265223,2
MRVL,2023-05-05,2023-05-08,2023-05-11,0,-0.030000000000000027,0.43915589473371536,2
MSFT,2023-05-05,2023-05-08,2023-05-19,0,0.028716708404747493,0.42678597056449397,2
NVAX,2023-05-05,2023-05-08,2023-05-08,0,-0.030000000000000027,0.2967508170533437,2
NVDA,2023-05-05,2023-05-08,2023-05-17,1,0.050000000000000044,0.25574267944311296,2
QCOM,2023-05-05,2023-05-08,2023-05-11,0,-0.030000000000000027,0.32104409663099476,2
SEI,2023-05-05,2023-05-08,2023-05-19,0,0.023195863378999704,0.4080142745599013,2
STX,2023-05-05,2023-05-08,2023-05-15,1,0.05413176211766246,0.2839952323035137,2
AAPL,2023-05-08,2023-05-09,2023-05-22,0,0.008037825435277535,0.26592976597560497,2
AXTI,2023-05-08,2023-05-09,2023-05-09,0,-0.029999999999999916,0.3145518373486511,2
DSX,2023-05-08,2023-05-09,2023-05-22,0,-0.0027173240605701254,0.27700668884286356,2
KODK,2023-05-08,2023-05-09,2023-05-09,1,0.050000000000000044,0.333608143705438,2
MRVL,2023-05-08,2023-05-09,2023-05-16,1,0.050000000000000044,0.44158469507723347,2
MSFT,2023-05-08,2023-05-09,2023-05-22,0,0.04507180936292943,0.5962186004887552,2
NVAX,2023-05-08,2023-05-09,2023-05-09,1,0.050000000000000044,0.3207445198554491,2
NVDA,2023-05-08,2023-05-09,2023-05-18,1,0.05228556818142249,0.2837256240785977,2
QCOM,2023-05-08,2023-05-09,2023-05-11,0,-0.030000000000000027,0.3203678963997246,2
SEI,2023-05-08,2023-05-09,2023-05-19,1,0.05804748561525175,0.40298087655236675,2
STX,2023-05-08,2023-05-09,2023-05-15,1,0.05868608348049298,0.25315888102743783,2
AAPL,2023-05-09,2023-05-10,2023-05-23,0,-0.007066959590233957,0.3221843459640915,2
AXTI,2023-05-09,2023-05-10,2023-05-15,1,0.050000000000000044,0.2830161180854935,2
DSX,2023-05-09,2023-05-10,2023-05-23,0,0.00802131913751758,0.26448796669391955,2
KODK,2023-05-09,2023-05-10,2023-05-10,0,-0.030000000000000027,0.3419647613761399,2
MRVL,2023-05-09,2023-05-10,2023-05-11,0,-0.030000000000000138,0.36476817914395143,2
MSFT,2023-05-09,2023-05-10,2023-05-23,0,0.02374836788031054,0.5358230021752627,2
NVAX,2023-05-09,2023-05-10,2023-05-10,0,-0.030000000000000027,0.24499801727013726,2
NVDA,2023-05-09,2023-05-10,2023-05-12,0,-0.030000000000000027,0.19041065802083884,2
QCOM,2023-05-09,2023-05-10,2023-05-11,0,-0.029999999999999916,0.49572590552671797,2
SEI,2023-05-09,2023-05-10,2023-05-22,1,0.050000000000000044,0.31003186092382556,2
STX,2023-05-09,2023-05-10,2023-05-11,0,-0.029999999999999916,0.19399753918253093,2
AAPL,2023-05-10,2023-05-11,2023-05-24,0,-0.010194334403096583,0.27605132026262025,2
AXTI,2023-05-10,2023-05-11,2023-05-15,1,0.050000000000000044,0.295299349609313,2
DSX,2023-05-10,2023-05-11,2023-05-24,0,-0.0026955424726661237,0.2578527535121511,2
KODK,2023-05-10,2023-05-11,2023-05-15,1,0.050000000000000044,0.3010235949274377,2
MRVL,2023-05-10,2023-05-11,2023-05-16,1,0.050000000000000044,0.33036873424943053,2
MSFT,2023-05-10,2023-05-11,2023-05-24,0,0.01430558661607173,0.3698906924309148,2
NVAX,2023-05-10,2023-05-11,2023-05-11,0,-0.029999999999999916,0.3291069782632749,2
NVDA,2023-05-10,2023-05-11,2023-05-18,1,0.05239478367137651,0.29176085063696905,2
QCOM,2023-05-10,2023-05-11,2023-05-12,0,-0.029999999999999916,0.4534076387613013,2
SEI,2023-05-10,2023-05-11,2023-05-19,1,0.050000000000000044,0.37852647464239564,2
STX,2023-05-10,2023-05-11,2023-05-15,1,0.050000000000000044,0.20565844194412317,2
AAPL,2023-05-11,2023-05-12,2023-05-25,0,-0.003628560336510489,0.2813198516595727,2
AXTI,2023-05-11,2023-05-12,2023-05-15,1,0.050000000000000044,0.5249832734193318,2
DSX,2023-05-11,2023-05-12,2023-05-25,0,-0.030000000000000027,0.25657698842073906,2
KODK,2023-05-11,2023-05-12,2023-05-15,1,0.050000000000000044,0.4052949635194718,2
MRVL,2023-05-11,2023-05-12,2023-05-15,1,0.050000000000000044,0.475988433090279,2
MSFT,2023-05-11,2023-05-12,2023-05-25,1,0.050000000000000044,0.4632029666586626,2
NVAX,2023-05-11,2023-05-12,2023-05-12,0,-0.029999999999999916,0.6181049712775708,2
NVDA,2023-05-11,2023-05-12,2023-05-17,1,0.050000000000000044,0.16672512260221242,2
QCOM,2023-05-11,2023-05-12,2023-05-25,0,-0.00430729873752389,0.5986202235698229,2
SEI,2023-05-11,2023-05-12,2023-05-19,1,0.055263241574561306,0.3843749041784065,2
STX,2023-05-11,2023-05-12,2023-05-15,1,0.050000000000000044,0.2895283197343396,2
AAPL,2023-05-12,2023-05-15,2023-05-26,0,0.013109151045841205,0.2381483503700332,2
AXTI,2023-05-12,2023-05-15,2023-05-15,1,0.050000000000000044,0.43232024819669823,2
DSX,2023-05-12,2023-05-15,2023-05-25,0,-0.029999999999999916,0.34995193212476294,2
KODK,2023-05-12,2023-05-15,2023-05-15,1,0.050000000000000044,0.4775080506346272,2
MRVL,2023-05-12,2023-05-15,2023-05-17,1,0.050000000000000044,0.49634136547736574,2
MSFT,2023-05-12,2023-05-15,2023-05-25,1,0.050000000000000044,0.34393992066898976,2
NVAX,2023-05-12,2023-05-15,2023-05-15,0,-0.030000000000000027,0.6007448143416836,2
NVDA,2023-05-12,2023-05-15,2023-05-17,1,0.050000000000000044,0.14295373450965407,2
QCOM,2023-05-12,2023-05-15,2023-05-26,1,0.050000000000000044,0.5485952629162518,2
SEI,2023-05-12,2023-05-15,2023-05-19,1,0.050000000000000044,0.4123698148937895,2
STX,2023-05-12,2023-05-15,2023-05-17,1,0.050000000000000044,0.32897318145884563,2
AAPL,2023-05-15,2023-05-16,2023-05-30,0,0.030873867286846268,0.2694160732799705,2
AXTI,2023-05-15,2023-05-16,2023-05-17,1,0.050000000000000044,0.4794882726384283,2
DSX,2023-05-15,2023-05-16,2023-05-25,0,-0.029999999999999916,0.3166011509426347,2
KODK,2023-05-15,2023-05-16,2023-05-17,1,0.05026456578268257,0.5001867580662082,2
MRVL,2023-05-15,2023-05-16,2023-05-17,1,0.050000000000000044,0.2609983487600684,2
MSFT,2023-05-15,2023-05-16,2023-05-25,1,0.050000000000000044,0.3538181369694018,2
NVAX,2023-05-15,2023-05-16,2023-05-16,0,-0.030000000000000027,0.6520958941985617,2
NVDA,2023-05-15,2023-05-16,2023-05-18,1,0.05440164726175367,0.23606895644493886,2
QCOM,2023-05-15,2023-05-16,2023-05-24,0,-0.03397365960093124,0.4720304776033976,2
SEI,2023-05-15,2023-05-16,2023-05-19,1,0.050000000000000044,0.40237430164190585,2
STX,2023-05-15,2023-05-16,2023-05-30,0,-0.0009827069087132712,0.31180323196753507,2
AAPL,2023-05-16,2023-05-17,2023-05-31,0,0.03226362290232121,0.2510020527238547,2
AXTI,2023-05-16,2023-05-17,2023-05-18,1,0.050000000000000044,0.4979759344950467,2
DSX,2023-05-16,2023-05-17,2023-05-25,0,-0.029999999999999916,0.3166011509426347,2
KODK,2023-05-16,2023-05-17,2023-05-17,1,0.050000000000000044,0.4044463310389887,2
MRVL,2023-05-16,2023-05-17,2023-05-18,1,0.050000000000000044,0.3136685307781783,2
MSFT,2023-05-16,2023-05-17,2023-05-26,1,0.050000000000000044,0.2428271454130432,2
NVAX,2023-05-16,2023-05-17,2023-05-17,0,-0.030000000000000027,0.5946874111807093,2
NVDA,2023-05-16,2023-05-17,2023-05-18,1,0.050000000000000044,0.2634509809512779,2
QCOM,2023-05-16,2023-05-17,2023-05-26,1,0.050000000000000044,0.5031383855787558,2
SEI,2023-05-16,2023-05-17,2023-05-19,1,0.050000000000000044,0.428908679024385,2
STX,2023-05-16,2023-05-17,2023-05-31,0,-0.030000000000000027,0.4484707969275875,2
AAPL,2023-05-17,2023-05-18,2023-06-01,0,0.04098256651438481,0.1926957719970227,2
AXTI,2023-05-17,2023-05-18,2023-05-24,0,-0.030000000000000027,0.5347233001046379,2
DSX,2023-05-17,2023-05-18,2023-05-25,0,-0.030000000000000027,0.35919254861959,2
KODK,2023-05-17,2023-05-18,2023-05-22,1,0.050000000000000044,0.3248762173688661,2
MRVL,2023-05-17,2023-05-18,2023-05-22,1,0.050000000000000044,0.32734373162259145,2
MSFT,2023-05-17,2023-05-18,2023-05-26,1,0.050000000000000044,0.18352921108059783,2
NVAX,2023-05-17,2023-05-18,2023-05-18,0,-0.030000000000000027,0.5392095993405439,2
NVDA,2023-05-17,2023-05-18,2023-05-25,1,0.2667873282325295,0.278516973668181,2
QCOM,2023-05-17,2023-05-18,2023-05-24,0,-0.030000000000000027,0.47403918384940397,2
SEI,2023-05-17,2023-05-18,2023-05-22,1,0.050000000000000044,0.4917623696453349,2
STX,2023-05-17,2023-05-18,2023-05-31,0,-0.030000000000000027,0.32265764037493455,2
AAPL,2023-05-18,2023-05-19,2023-05-24,0,-0.03004681291870348,0.38271311224681925,2
AXTI,2023-05-18,2023-05-19,2023-05-22,0,-0.030000000000000027,0.41651220395256994,2
DSX,2023-05-18,2023-05-19,2023-05-25,0,-0.029999999999999916,0.44821045445199265,2
KODK,2023-05-18,2023-05-19,2023-05-22,1,0.050000000000000044,0.23187980267056002,2
MRVL,2023-05-18,2023-05-19,2023-05-23,1,0.050000000000000044,0.4487472962913375,2
MSFT,2023-05-18,2023-05-19,2023-05-26,1,0.050000000000000044,0.16169502253393464,2
NVAX,2023-05-18,2023-05-19,2023-05-19,0,-0.030000000000000027,0.5434153761432103,2
NVDA,2023-05-18,2023-05-19,2023-05-24,0,-0.042047071420637905,0.22496731468950049,2
QCOM,2023-05-18,2023-05-19,2023-05-22,0,-0.030668673820731795,0.3266170881699544,2
SEI,2023-05-18,2023-05-19,2023-05-24,1,0.050000000000000044,0.37857144461602643,2
STX,2023-05-18,2023-05-19,2023-05-25,0,-0.030000000000000027,0.32403329144604787,2
AAPL,2023-05-19,2023-05-22,2023-06-05,1,0.050000000000000044,0.38880743965549935,2
AXTI,2023-05-19,2023-05-22,2023-05-24,0,-0.029999999999999916,0.2742706380556182,2
DSX,2023-05-19,2023-05-22,2023-05-25,0,-0.030000000000000027,0.3795016850824879,2
KODK,2023-05-19,2023-05-22,2023-05-22,1,0.050000000000000044,0.2783119723325892,2
MRVL,2023-05-19,2023-05-22,2023-05-23,1,0.050000000000000044,0.5258069147961767,2
MSFT,2023-05-19,2023-05-22,2023-05-30,1,0.052196940605750086,0.15354255094918987,2
NVAX,2023-05-19,2023-05-22,2023-05-22,1,0.050000000000000044,0.5574997024475028,2
NVDA,2023-05-19,2023-05-22,2023-05-24,0,-0.030000000000000027,0.17627082636149755,2
QCOM,2023-05-19,2023-05-22,2023-05-26,1,0.050000000000000044,0.36503799452805097,2
SEI,2023-05-19,2023-05-22,2023-05-23,1,0.050000000000000044,0.3970727848423285,2
STX,2023-05-19,2023-05-22,2023-05-25,0,-0.030000000000000027,0.31165504621282264,2
AAPL,2023-05-22,2023-05-23,2023-06-05,1,0.054872181864669134,0.22489720752501577,2
AXTI,2023-05-22,2023-05-23,2023-05-24,0,-0.029999999999999916,0.339317617678181,2
DSX,2023-05-22,2023-05-23,2023-05-25,0,-0.030000000000000138,0.3794234264514504,2
KODK,2023-05-22,2023-05-23,2023-05-23,1,0.050000000000000044,0.597101787313379,2
MRVL,2023-05-22,2023-05-23,2023-05-25,1,0.0715064985904117,0.5835338812533806,2
MSFT,2023-05-22,2023-05-23,2023-06-02,1,0.050000000000000044,0.1792497054639872,2
NVAX,2023-05-22,2023-05-23,2023-05-23,1,0.050000000000000044,0.3395630152333588,2
NVDA,2023-05-22,2023-05-23,2023-05-24,0,-0.030000000000000027,0.20602022136153358,2
QCOM,2023-05-22,2023-05-23,2023-05-26,1,0.050000000000000044,0.29753754467042515,2
SEI,2023-05-22,2023-05-23,2023-05-26,0,-0.030000000000000027,0.334799280272299,2
STX,2023-05-22,2023-05-23,2023-05-24,0,-0.030000000000000027,0.3235886802170823,2
AAPL,2023-05-23,2023-05-24,2023-06-01,1,0.050000000000000044,0.21903932672537346,2
AXTI,2023-05-23,2023-05-24,2023-05-24,0,-0.030000000000000027,0.39729959822195404,2
DSX,2023-05-23,2023-05-24,2023-05-25,0,-0.030000000000000027,0.3947968017781911,2
KODK,2023-05-23,2023-05-24,2023-05-25,1,0.050000000000000044,0.5971807358179728,2
MRVL,2023-05-23,2023-05-24,2023-05-25,1,0.07692288441686057,0.4599797579548142,2
MSFT,2023-05-23,2023-05-24,2023-05-26,1,0.050000000000000044,0.18601210776746188,2
NVAX,2023-05-23,2023-05-24,2023-05-24,0,-0.029999999999999916,0.5503820294007453,2
NVDA,2023-05-23,2023-05-24,2023-05-25,1,0.27517386441546554,0.15905511670596711,2
QCOM,2023-05-23,2023-05-24,2023-05-26,1,0.050000000000000044,0.31639676127244554,2
SEI,2023-05-23,2023-05-24,2023-05-25,0,-0.030000000000000027,0.2634058607291482,2
STX,2023-05-23,2023-05-24,2023-05-25,0,-0.030000000000000027,0.31477137927925686,2
AAPL,2023-05-24,2023-05-25,2023-06-02,1,0.050000000000000044,0.15939257660848008,3
AXTI,2023-05-24,2023-05-25,2023-05-25,0,-0.029999999999999916,0.2998129205336401,3
DSX,2023-05-24,2023-05-25,2023-05-25,0,-0.030000000000000138,0.31728334282873355,3
KODK,2023-05-24,2023-05-25,2023-05-30,1,0.050000000000000044,0.6145760450480976,3
MRVL,2023-05-24,2023-05-25,2023-05-25,0,-0.030000000000000027,0.4307024366769681,3
MSFT,2023-05-24,2023-05-25,2023-06-08,0,0.006249229846315485,0.14575374003894428,3
NVAX,2023-05-24,2023-05-25,2023-05-25,0,-0.030000000000000027,0.30553415075407153,3
NVDA,2023-05-24,2023-05-25,2023-05-25,0,-0.030000000000000027,0.21150806596254593,3
QCOM,2023-05-24,2023-05-25,2023-05-26,1,0.050000000000000044,0.5316973229925709,3
SEI,2023-05-24,2023-05-25,2023-05-26,0,-0.030000000000000138,0.4725514137619503,3
STX,2023-05-24,2023-05-25,2023-05-25,0,-0.030000000000000027,0.2848183715744688,3
AAPL,2023-05-25,2023-05-26,2023-06-05,1,0.053715588305506934,0.25201683015445603,3
AXTI,2023-05-25,2023-05-26,2023-05-26,1,0.050000000000000044,0.2504619035608573,3
DSX,2023-05-25,2023-05-26,2023-06-02,1,0.050000000000000044,0.41949664848390467,3
KODK,2023-05-25,2023-05-26,2023-05-26,1,0.050000000000000044,0.5816142822645416,3
MRVL,2023-05-25,2023-05-26,2023-05-26,1,0.050000000000000044,0.5827868293928418,3
MSFT,2023-05-25,2023-05-26,2023-06-09,0,0.008548904881671149,0.14928826308356147,3
NVAX,2023-05-25,2023-05-26,2023-05-26,1,0.050000000000000044,0.3748179046885704,3
NVDA,2023-05-25,2023-05-26,2023-05-30,1,0.0713910187859852,0.32295349650301863,3
QCOM,2023-05-25,2023-05-26,2023-05-26,1,0.050000000000000044,0.5326825240716132,3
SEI,2023-05-25,2023-05-26,2023-05-30,0,-0.030000000000000027,0.4417996613114626,3
STX,2023-05-25,2023-05-26,2023-06-07,0,-0.029999999999999916,0.21304422342243776,3
AAPL,2023-05-26,2023-05-30,2023-06-12,0,0.03859619266937431,0.18360875070032784,3
AXTI,2023-05-26,2023-05-30,2023-05-30,0,-0.030000000000000027,0.39833046794279525,3
DSX,2023-05-26,2023-05-30,2023-05-31,0,-0.030000000000000138,0.30020016958713436,3
KODK,2023-05-26,2023-05-30,2023-05-31,0,-0.030000000000000138,0.6300062838421238,3
MRVL,2023-05-26,2023-05-30,2023-05-30,0,-0.030000000000000027,0.4509847057992766,3
MSFT,2023-05-26,2023-05-30,2023-06-01,0,-0.030000000000000027,0.17462607293526677,3
NVAX,2023-05-26,2023-05-30,2023-05-31,1,0.050000000000000044,0.35190078070343994,3
NVDA,2023-05-26,2023-05-30,2023-05-31,0,-0.030000000000000138,0.27743235679208206,3
QCOM,2023-05-26,2023-05-30,2023-06-09,1,0.050000000000000044,0.4723613546512607,3
SEI,2023-05-26,2023-05-30,2023-05-30,0,-0.030000000000000027,0.47412138929204023,3
STX,2023-05-26,2023-05-30,2023-05-30,0,-0.030000000000000138,0.178138176444568,3
AAPL,2023-05-30,2023-05-31,2023-06-13,0,0.03372234674448871,0.1946907513323752,3
AXTI,2023-05-30,2023-05-31,2023-05-31,0,-0.030000000000000027,0.31249285960175904,3
DSX,2023-05-30,2023-05-31,2023-05-31,0,-0.030000000000000027,0.2899012156064932,3
KODK,2023-05-30,2023-05-31,2023-06-06,1,0.050000000000000044,0.5359830452299039,3
MRVL,2023-05-30,2023-05-31,2023-05-31,0,-0.030000000000000027,0.24991413153718312,3
MSFT,2023-05-30,2023-05-31,2023-06-13,0,0.00601870762941159,0.16242472860071766,3
NVAX,2023-05-30,2023-05-31,2023-05-31,1,0.050000000000000044,0.3476041051070946,3
NVDA,2023-05-30,2023-05-31,2023-05-31,0,-0.030000000000000027,0.2878073254868626,3
QCOM,2023-05-30,2023-05-31,2023-06-09,1,0.050000000000000044,0.3161301643230337,3
SEI,2023-05-30,2023-05-31,2023-06-01,0,-0.030000000000000027,0.3763673058616036,3
STX,2023-05-30,2023-05-31,2023-06-07,0,-0.030000000000000138,0.23304295183032323,3
AAPL,2023-05-31,2023-06-01,2023-06-14,0,0.035171757164145445,0.19461796349054464,3
AXTI,2023-05-31,2023-06-01,2023-06-06,1,0.050000000000000044,0.31484684634564175,3
DSX,2023-05-31,2023-06-01,2023-06-02,1,0.050000000000000044,0.24949072766799718,3
KODK,2023-05-31,2023-06-01,2023-06-02,1,0.050000000000000044,0.4946181385204078,3
MRVL,2023-05-31,2023-06-01,2023-06-02,1,0.050000000000000044,0.20719207039186302,3
MSFT,2023-05-31,2023-06-01,2023-06-14,0,0.03500778065115617,0.1434194495002578,3
NVAX,2023-05-31,2023-06-01,2023-06-01,0,-0.030000000000000027,0.5297029616352459,3
NVDA,2023-05-31,2023-06-01,2023-06-02,1,0.050000000000000044,0.2602961621913402,3
QCOM,2023-05-31,2023-06-01,2023-06-09,1,0.050000000000000044,0.5362947513538473,3
SEI,2023-05-31,2023-06-01,2023-06-02,1,0.050000000000000044,0.5188124867065008,3
STX,2023-05-31,2023-06-01,2023-06-06,0,-0.030000000000000138,0.19854946784010233,3
AAPL,2023-06-01,2023-06-02,2023-06-15,0,0.027509183186679165,0.2110319494943207,3
AXTI,2023-06-01,2023-06-02,2023-06-06,0,-0.030000000000000027,0.32822643102406396,3
DSX,2023-06-01,2023-06-02,2023-06-06,1,0.050000000000000044,0.3081029827366335,3
KODK,2023-06-01,2023-06-02,2023-06-06,1,0.050000000000000044,0.4293765074274563,3
MRVL,2023-06-01,2023-06-02,2023-06-02,0,-0.030000000000000027,0.12910245794570877,3
MSFT,2023-06-01,2023-06-02,2023-06-07,0,-0.030000000000000027,0.1368649181198271,3
NVAX,2023-06-01,2023-06-02,2023-06-02,0,-0.030000000000000027,0.24394342342319195,3
NVDA,2023-06-01,2023-06-02,2023-06-05,0,-0.030000000000000027,0.3026462171743733,3
QCOM,2023-06-01,2023-06-02,2023-06-05,0,-0.030000000000000027,0.4393157492686163,3
SEI,2023-06-01,2023-06-02,2023-06-02,1,0.050000000000000044,0.4929310605368754,3
STX,2023-06-01,2023-06-02,2023-06-06,0,-0.041559140476800205,0.19990535191057748,3
AAPL,2023-06-02,2023-06-05,2023-06-16,0,0.012539126229384578,0.2594034047195613,3
AXTI,2023-06-02,2023-06-05,2023-06-05,0,-0.030000000000000027,0.30622075602500004,3
DSX,2023-06-02,2023-06-05,2023-06-12,0,-0.030000000000000027,0.3562997499630678,3
KODK,2023-06-02,2023-06-05,2023-06-06,1,0.050000000000000044,0.44511491911556905,3
MRVL,2023-06-02,2023-06-05,2023-06-05,0,-0.030000000000000027,0.2168548482742483,3
MSFT,2023-06-02,2023-06-05,2023-06-07,0,-0.030000000000000027,0.16397728529611127,3
NVAX,2023-06-02,2023-06-05,2023-06-06,0,-0.030000000000000027,0.24914750957902826,3
NVDA,2023-06-02,2023-06-05,2023-06-07,0,-0.030000000000000138,0.2515682910108461,3
QCOM,2023-06-02,2023-06-05,2023-06-12,1,0.050000000000000044,0.4806995514416029,3
SEI,2023-06-02,2023-06-05,2023-06-05,0,-0.030000000000000027,0.4975435516329223,3
STX,2023-06-02,2023-06-05,2023-06-06,0,-0.0387722349143278,0.16649665012249676,3
AAPL,2023-06-05,2023-06-06,2023-06-20,0,0.028004816103209373,0.26902608998940514,3
AXTI,2023-06-05,2023-06-06,2023-06-06,1,0.050000000000000044,0.3339508693160305,3
DSX,2023-06-05,2023-06-06,2023-06-12,0,-0.029999999999999916,0.43696561118301713,3
KODK,2023-06-05,2023-06-06,2023-06-06,1,0.050000000000000044,0.32352344017169365,3
MRVL,2023-06-05,2023-06-06,2023-06-07,1,0.071600634233278,0.3972510010613184,3
MSFT,2023-06-05,2023-06-06,2023-06-07,0,-0.030000000000000027,0.1536998193494896,3
NVAX,2023-06-05,2023-06-06,2023-06-06,0,-0.030000000000000027,0.38986880787121114,3
NVDA,2023-06-05,2023-06-06,2023-06-07,0,-0.030000000000000027,0.22066780389915286,3
QCOM,2023-06-05,2023-06-06,2023-06-09,1,0.050000000000000044,0.5705580537276635,3
SEI,2023-06-05,2023-06-06,2023-06-07,1,0.050000000000000044,0.45785698711181894,3
STX,2023-06-05,2023-06-06,2023-06-07,0,-0.030000000000000027,0.24105739062035933,3
AAPL,2023-06-06,2023-06-07,2023-06-21,0,0.030934808860869856,0.21446376793989347,3
AXTI,2023-06-06,2023-06-07,2023-06-07,1,0.050000000000000044,0.3671031531718394,3
DSX,2023-06-06,2023-06-07,2023-06-09,0,-0.030000000000000027,0.4552600351010458,3
KODK,2023-06-06,2023-06-07,2023-06-08,0,-0.030000000000000027,0.32982695137056145,3
MRVL,2023-06-06,2023-06-07,2023-06-07,0,-0.030000000000000027,0.18165385816584953,3
MSFT,2023-06-06,2023-06-07,2023-06-15,1,0.050000000000000044,0.15318904324107324,3
NVAX,2023-06-06,2023-06-07,2023-06-07,1,0.050000000000000044,0.3325924572148372,3
NVDA,2023-06-06,2023-06-07,2023-06-07,0,-0.030000000000000027,0.2190953413088158,3
QCOM,2023-06-06,2023-06-07,2023-06-13,1,0.06559197980415088,0.3943751894828184,3
SEI,2023-06-06,2023-06-07,2023-06-07,1,0.050000000000000044,0.32387037403272356,3
STX,2023-06-06,2023-06-07,2023-06-07,0,-0.030000000000000027,0.1916113945706815,3
AAPL,2023-06-07,2023-06-08,2023-06-16,1,0.050000000000000044,0.17463091541758527,3
AXTI,2023-06-07,2023-06-08,2023-06-08,0,-0.030000000000000027,0.4815978623805961,3
DSX,2023-06-07,2023-06-08,2023-06-09,0,-0.030000000000000027,0.5081797720183957,3
KODK,2023-06-07,2023-06-08,2023-06-12,0,-0.030000000000000027,0.3322876001870183,3
MRVL,2023-06-07,2023-06-08,2023-06-12,1,0.050000000000000044,0.19374364488887594,3
MSFT,2023-06-07,2023-06-08,2023-06-15,1,0.050000000000000044,0.14267874135318873,3
NVAX,2023-06-07,2023-06-08,2023-06-08,0,-0.030000000000000027,0.4242190614368467,3
NVDA,2023-06-07,2023-06-08,2023-06-09,1,0.050000000000000044,0.34453201714305226,3
QCOM,2023-06-07,2023-06-08,2023-06-12,1,0.050000000000000044,0.44016836104469903,3
SEI,2023-06-07,2023-06-08,2023-06-12,0,-0.035294158260521735,0.44241050244818375,3
STX,2023-06-07,2023-06-08,2023-06-12,1,0.050000000000000044,0.26200816389969944,3
AAPL,2023-06-08,2023-06-09,2023-06-23,0,0.028539920542983266,0.22283692371203698,3
AXTI,2023-06-08,2023-06-09,2023-06-09,1,0.050000000000000044,0.4627965689175506,3
DSX,2023-06-08,2023-06-09,2023-06-09,0,-0.030000000000000027,0.45073050115152147,3
KODK,2023-06-08,2023-06-09,2023-06-12,0,-0.030000000000000138,0.2660573002414827,3
MRVL,2023-06-08,2023-06-09,2023-06-21,0,-0.030000000000000027,0.23959156077132437,3
MSFT,2023-06-08,2023-06-09,2023-06-15,1,0.050000000000000044,0.14740960552905216,3
NVAX,2023-06-08,2023-06-09,2023-06-09,0,-0.030000000000000027,0.26995206653164006,3
NVDA,2023-06-08,2023-06-09,2023-06-13,1,0.050000000000000044,0.23297832000802698,3
QCOM,2023-06-08,2023-06-09,2023-06-13,1,0.05779205189966863,0.42599241513019354,3
SEI,2023-06-08,2023-06-09,2023-06-12,0,-0.03301864839718005,0.4964943161702668,3
STX,2023-06-08,2023-06-09,2023-06-12,1,0.050000000000000044,0.2274150952030233,3
AAPL,2023-06-09,2023-06-12,2023-06-26,0,0.02206639341072858,0.24847745148986974,3
AXTI,2023-06-09,2023-06-12,2023-06-14,1,0.050000000000000044,0.3763857805260829,3
DSX,2023-06-09,2023-06-12,2023-06-12,0,-0.030000000000000138,0.5296600684714061,3
KODK,2023-06-09,2023-06-12,2023-06-20,0,-0.042553242511074285,0.3477804204885404,3
MRVL,2023-06-09,2023-06-12,2023-06-21,0,-0.030000000000000027,0.2206425174328094,3
MSFT,2023-06-09,2023-06-12,2023-06-15,1,0.050000000000000044,0.15335780441178243,3
NVAX,2023-06-09,2023-06-12,2023-06-13,1,0.050000000000000044,0.29624199686591146,3
NVDA,2023-06-09,2023-06-12,2023-06-14,1,0.050000000000000044,0.21005069256565875,3
QCOM,2023-06-09,2023-06-12,2023-06-21,0,-0.030000000000000027,0.4754529062412969,3
SEI,2023-06-09,2023-06-12,2023-06-13,1,0.050000000000000044,0.4350426600687539,3
STX,2023-06-09,2023-06-12,2023-06-13,1,0.050000000000000044,0.26384964565230684,3
AAPL,2023-06-12,2023-06-13,2023-06-27,0,0.028774701260751545,0.22573008590053167,3
AXTI,2023-06-12,2023-06-13,2023-06-13,0,-0.030000000000000027,0.5133644836719998,3
DSX,2023-06-12,2023-06-13,2023-06-15,1,0.050000000000000044,0.2802499379454612,3
KODK,2023-06-12,2023-06-13,2023-06-14,0,-0.030000000000000027,0.27614724204045094,3
MRVL,2023-06-12,2023-06-13,2023-06-14,0,-0.030000000000000027,0.1710028273447998,3
MSFT,2023-06-12,2023-06-13,2023-06-16,1,0.05037853655752089,0.1045980321916025,3
NVAX,2023-06-12,2023-06-13,2023-06-13,1,0.050000000000000044,0.4164650513388107,3
NVDA,2023-06-12,2023-06-13,2023-06-14,1,0.050000000000000044,0.16725305443892238,3
QCOM,2023-06-12,2023-06-13,2023-06-20,0,-0.030000000000000027,0.5072540087648354,3
SEI,2023-06-12,2023-06-13,2023-06-20,0,-0.030000000000000027,0.5885383570974878,3
STX,2023-06-12,2023-06-13,2023-06-21,0,-0.030000000000000027,0.27813310482997144,3
AAPL,2023-06-13,2023-06-14,2023-06-28,0,0.032066278298616746,0.21677980126290192,3
AXTI,2023-06-13,2023-06-14,2023-06-14,1,0.050000000000000044,0.6403989779504293,3
DSX,2023-06-13,2023-06-14,2023-06-16,1,0.05191244680488616,0.31495471520575186,3
KODK,2023-06-13,2023-06-14,2023-06-14,0,-0.030000000000000027,0.24328358887266047,3
MRVL,2023-06-13,2023-06-14,2023-06-14,0,-0.030000000000000027,0.1902687943655693,3
MSFT,2023-06-13,2023-06-14,2023-06-16,1,0.050786716053244474,0.15708971323987309,3
NVAX,2023-06-13,2023-06-14,2023-06-14,0,-0.030000000000000027,0.24794334488694136,3
NVDA,2023-06-13,2023-06-14,2023-06-14,1,0.050000000000000044,0.23804645943372585,3
QCOM,2023-06-13,2023-06-14,2023-06-20,0,-0.030000000000000027,0.5245759193213094,3
SEI,2023-06-13,2023-06-14,2023-06-14,0,-0.030000000000000027,0.4116696660806094,3
STX,2023-06-13,2023-06-14,2023-06-21,0,-0.03469349569657787,0.3060676251410472,3
AAPL,2023-06-14,2023-06-15,2023-06-29,0,0.03060442877264946,0.22954506090063587,3
AXTI,2023-06-14,2023-06-15,2023-06-15,0,-0.030000000000000027,0.6307860450328514,3
DSX,2023-06-14,2023-06-15,2023-06-29,0,3.6870055675208846e-08,0.2266142415675151,3
KODK,2023-06-14,2023-06-15,2023-06-20,0,-0.03696499263731867,0.27466287138170437,3
MRVL,2023-06-14,2023-06-15,2023-06-21,0,-0.030000000000000027,0.2737024885757097,3
MSFT,2023-06-14,2023-06-15,2023-06-29,0,-0.0072004197307155016,0.19254141237724337,3
NVAX,2023-06-14,2023-06-15,2023-06-15,1,0.050000000000000044,0.2864153080099109,3
NVDA,2023-06-14,2023-06-15,2023-06-26,0,-0.029999999999999916,0.24436614452082414,3
QCOM,2023-06-14,2023-06-15,2023-06-21,0,-0.030000000000000027,0.4745949649928811,3
SEI,2023-06-14,2023-06-15,2023-06-20,0,-0.030000000000000027,0.41284641909919534,3
STX,2023-06-14,2023-06-15,2023-06-20,0,-0.030000000000000027,0.3499912786880801,3
AAPL,2023-06-15,2023-06-16,2023-06-30,0,0.038772407235772244,0.2490368963970175,3
AXTI,2023-06-15,2023-06-16,2023-06-20,0,-0.030000000000000138,0.6049434150425617,3
DSX,2023-06-15,2023-06-16,2023-06-20,0,-0.029999999999999916,0.18276503719908832,3
KODK,2023-06-15,2023-06-16,2023-06-16,0,-0.029999999999999916,0.2363540034648512,3
MRVL,2023-06-15,2023-06-16,2023-06-16,0,-0.030000000000000027,0.3369879204049135,3
MSFT,2023-06-15,2023-06-16,2023-06-20,0,-0.034185576477107404,0.1301877149874364,3
NVAX,2023-06-15,2023-06-16,2023-06-16,0,-0.030000000000000027,0.19354126632270588,3
NVDA,2023-06-15,2023-06-16,2023-06-21,0,-0.030000000000000027,0.2812205849244794,3
QCOM,2023-06-15,2023-06-16,2023-06-20,0,-0.030000000000000027,0.41403437855106096,3
SEI,2023-06-15,2023-06-16,2023-06-16,0,-0.030000000000000027,0.3280906499360443,3
STX,2023-06-15,2023-06-16,2023-06-16,0,-0.030000000000000027,0.4234980957129708,3
AAPL,2023-06-16,2023-06-20,2023-06-30,1,0.050000000000000044,0.21831038007608206,3
AXTI,2023-06-16,2023-06-20,2023-06-20,0,-0.030000000000000027,0.5280312046354972,3
DSX,2023-06-16,2023-06-20,2023-06-20,0,-0.030000000000000027,0.2315844584173089,3
KODK,2023-06-16,2023-06-20,2023-06-21,0,-0.030000000000000027,0.5303276808455604,3
MRVL,2023-06-16,2023-06-20,2023-06-21,0,-0.030000000000000027,0.2917429584557553,3
MSFT,2023-06-16,2023-06-20,2023-06-26,0,-0.029999999999999916,0.22139138788683338,3
NVAX,2023-06-16,2023-06-20,2023-06-20,0,-0.030000000000000027,0.24998064520828192,3
NVDA,2023-06-16,2023-06-20,2023-06-26,0,-0.030000000000000138,0.3473438856187379,3
QCOM,2023-06-16,2023-06-20,2023-06-21,0,-0.030000000000000027,0.45868414827177034,3
SEI,2023-06-16,2023-06-20,2023-06-22,0,-0.030000000000000027,0.34500365812396455,3
STX,2023-06-16,2023-06-20,2023-06-23,0,-0.03533351807264118,0.381831370372897,3
AAPL,2023-06-20,2023-06-21,2023-06-30,1,0.050000000000000044,0.14301945693210583,3
AXTI,2023-06-20,2023-06-21,2023-06-22,0,-0.03846157101755632,0.35970677512182037,3
DSX,2023-06-20,2023-06-21,2023-07-05,0,-0.008043029258100964,0.22754144610728022,3
KODK,2023-06-20,2023-06-21,2023-06-21,0,-0.030000000000000027,0.4781418322854645,3
MRVL,2023-06-20,2023-06-21,2023-06-21,0,-0.030000000000000027,0.2158775425559932,3
MSFT,2023-06-20,2023-06-21,2023-07-05,0,0.0052917490848445325,0.275445624061646,3
NVAX,2023-06-20,2023-06-21,2023-06-21,0,-0.030000000000000027,0.31680645641348026,3
NVDA,2023-06-20,2023-06-21,2023-06-21,0,-0.030000000000000027,0.29918172338916427,3
QCOM,2023-06-20,2023-06-21,2023-06-22,0,-0.030000000000000027,0.5041517554626167,3
SEI,2023-06-20,2023-06-21,2023-06-22,0,-0.030000000000000027,0.3901619274612123,3
STX,2023-06-20,2023-06-21,2023-06-27,0,-0.030000000000000027,0.42909277590293643,3
AAPL,2023-06-21,2023-06-22,2023-06-30,1,0.050000000000000044,0.13765519589067848,3
AXTI,2023-06-21,2023-06-22,2023-06-26,1,0.050000000000000044,0.4415126965136364,3
DSX,2023-06-21,2023-06-22,2023-07-03,0,-0.03183033685320669,0.22754144610728022,3
KODK,2023-06-21,2023-06-22,2023-06-23,0,-0.030000000000000027,0.3655107963984421,3
MRVL,2023-06-21,2023-06-22,2023-06-28,1,0.050000000000000044,0.3561055747850728,3
MSFT,2023-06-21,2023-06-22,2023-07-06,0,0.02139942211152257,0.1914987913129511,3
NVAX,2023-06-21,2023-06-22,2023-06-22,0,-0.030000000000000027,0.40124033891079103,3
NVDA,2023-06-21,2023-06-22,2023-06-26,0,-0.030000000000000138,0.2960192340072099,3
QCOM,2023-06-21,2023-06-22,2023-07-06,0,-0.006809792321138763,0.2887073236050113,3
SEI,2023-06-21,2023-06-22,2023-06-29,1,0.050000000000000044,0.5996792441065117,3
STX,2023-06-21,2023-06-22,2023-07-06,0,-0.009607483694497043,0.3443603118175629,3
AAPL,2023-06-22,2023-06-23,2023-07-07,0,0.02764739365856861,0.08379134444785435,3
AXTI,2023-06-22,2023-06-23,2023-06-26,1,0.050000000000000044,0.42812785632020817,3
DSX,2023-06-22,2023-06-23,2023-07-06,0,-0.030000000000000027,0.17921096687075466,3
KODK,2023-06-22,2023-06-23,2023-06-23,0,-0.030000000000000027,0.4522387395046934,3
MRVL,2023-06-22,2023-06-23,2023-06-27,1,0.050000000000000044,0.2843273221036595,3
MSFT,2023-06-22,2023-06-23,2023-07-07,0,0.008553763323490893,0.14077232007155577,3
NVAX,2023-06-22,2023-06-23,2023-06-23,0,-0.030000000000000027,0.33559524009829106,3
NVDA,2023-06-22,2023-06-23,2023-06-26,0,-0.030000000000000138,0.27671162835639707,3
QCOM,2023-06-22,2023-06-23,2023-06-27,1,0.050000000000000044,0.29669710538681027,3
SEI,2023-06-22,2023-06-23,2023-06-30,1,0.05388458876502611,0.3346306891774406,3
STX,2023-06-22,2023-06-23,2023-07-07,0,-0.005444587616562635,0.20497042603234644,3
AAPL,2023-06-23,2023-06-26,2023-07-10,0,0.009527476458273787,0.14064918879085775,3
AXTI,2023-06-23,2023-06-26,2023-06-26,1,0.050000000000000044,0.6085290079752905,3
DSX,2023-06-23,2023-06-26,2023-07-03,0,-0.03183034666547058,0.22754144610728022,3
KODK,2023-06-23,2023-06-26,2023-06-26,0,-0.029999999999999916,0.40168092505142194,3
MRVL,2023-06-23,2023-06-26,2023-06-28,1,0.050000000000000044,0.33895549347584625,3
MSFT,2023-06-23,2023-06-26,2023-07-10,0,-0.005663407659987962,0.19709487701700149,3
NVAX,2023-06-23,2023-06-26,2023-06-27,1,0.050000000000000044,0.34091976125082407,3
NVDA,2023-06-23,2023-06-26,2023-06-26,0,-0.029999999999999916,0.2733451054514735,3
QCOM,2023-06-23,2023-06-26,2023-07-03,1,0.050000000000000044,0.30294683100928066,3
SEI,2023-06-23,2023-06-26,2023-06-29,1,0.050000000000000044,0.4066812286488889,3
STX,2023-06-23,2023-06-26,2023-07-10,0,-0.0006617299440894175,0.23220856600612055,3
AAPL,2023-06-26,2023-06-27,2023-07-11,0,0.011781193996132755,0.17547375444447277,3
AXTI,2023-06-26,2023-06-27,2023-06-30,1,0.050000000000000044,0.6318278134882509,3
DSX,2023-06-26,2023-06-27,2023-07-03,0,-0.03183034666547058,0.22439550158415011,3
KODK,2023-06-26,2023-06-27,2023-06-29,1,0.050000000000000044,0.3558271608650623,3
MRVL,2023-06-26,2023-06-27,2023-06-28,1,0.050000000000000044,0.39018385312003595,3
MSFT,2023-06-26,2023-06-27,2023-07-11,0,0.001838277387351317,0.24917953492925674,3
NVAX,2023-06-26,2023-06-27,2023-06-27,1,0.050000000000000044,0.3627856747724399,3
NVDA,2023-06-26,2023-06-27,2023-07-03,1,0.050000000000000044,0.2414049916244757,3
QCOM,2023-06-26,2023-06-27,2023-07-11,0,0.0011136633372264004,0.2886746667022467,3
SEI,2023-06-26,2023-06-27,2023-06-30,1,0.050000000000000044,0.5113414832575369,3
STX,2023-06-26,2023-06-27,2023-07-11,0,0.0037811155383180584,0.20956794965343412,3
AAPL,2023-06-27,2023-06-28,2023-07-12,0,0.009791115838925668,0.09514044258862007,3
AXTI,2023-06-27,2023-06-28,2023-06-28,0,-0.030000000000000027,0.5638129330345065,3
DSX,2023-06-27,2023-06-28,2023-07-06,0,-0.030000000000000027,0.22439550158415011,3
KODK,2023-06-27,2023-06-28,2023-06-29,1,0.050000000000000044,0.2707915746885039,3
MRVL,2023-06-27,2023-06-28,2023-07-11,1,0.055010931102395855,0.14097407821403315,3
MSFT,2023-06-27,2023-06-28,2023-07-12,0,0.007589416002126148,0.1905613555841642,3
NVAX,2023-06-27,2023-06-28,2023-06-28,1,0.050000000000000044,0.3434247339941025,3
NVDA,2023-06-27,2023-06-28,2023-07-03,1,0.050000000000000044,0.11116257640425126,3
QCOM,2023-06-27,2023-06-28,2023-07-12,0,0.014185507610917414,0.2924813795948347,3
SEI,2023-06-27,2023-06-28,2023-07-07,1,0.050000000000000044,0.45617691111591374,3
STX,2023-06-27,2023-06-28,2023-07-06,0,-0.030000000000000027,0.16324627925282323,3
AAPL,2023-06-28,2023-06-29,2023-07-13,0,0.007721608412866621,0.10716592944777767,3
AXTI,2023-06-28,2023-06-29,2023-06-30,1,0.050000000000000044,0.6584435592033854,3
DSX,2023-06-28,2023-06-29,2023-07-13,1,0.050000000000000044,0.2250180393253321,3
KODK,2023-06-28,2023-06-29,2023-06-29,1,0.050000000000000044,0.20882102936129085,3
MRVL,2023-06-28,2023-06-29,2023-06-29,0,-0.030000000000000027,0.15112251567741428,3
MSFT,2023-06-28,2023-06-29,2023-07-13,0,0.023751907481072143,0.23282288601563655,3
NVAX,2023-06-28,2023-06-29,2023-07-03,0,-0.030000000000000027,0.4180040811642097,3
NVDA,2023-06-28,2023-06-29,2023-07-12,1,0.050000000000000044,0.1538079344780446,3
QCOM,2023-06-28,2023-06-29,2023-07-06,0,-0.030000000000000027,0.29808019759660037,3
SEI,2023-06-28,2023-06-29,2023-07-07,1,0.050000000000000044,0.5111542935379519,3
STX,2023-06-28,2023-06-29,2023-07-06,0,-0.030000000000000027,0.2131968873507785,3
AAPL,2023-06-29,2023-06-30,2023-07-14,0,-0.004905344234242048,0.1033943700783079,3
AXTI,2023-06-29,2023-06-30,2023-07-05,0,-0.030000000000000027,0.5597045586095831,3
DSX,2023-06-29,2023-06-30,2023-07-13,1,0.050000000000000044,0.22439550158415011,3
KODK,2023-06-29,2023-06-30,2023-07-06,1,0.050000000000000044,0.22168102188666217,3
MRVL,2023-06-29,2023-06-30,2023-07-06,0,-0.030000000000000027,0.36355565667200873,3
MSFT,2023-06-29,2023-06-30,2023-07-10,0,-0.029999999999999916,0.23600995094326896,3
NVAX,2023-06-29,2023-06-30,2023-06-30,0,-0.030000000000000138,0.40830967586226363,3
NVDA,2023-06-29,2023-06-30,2023-07-12,1,0.050000000000000044,0.16726979102562564,3
QCOM,2023-06-29,2023-06-30,2023-07-06,0,-0.037123835952857176,0.2438771665874381,3
SEI,2023-06-29,2023-06-30,2023-07-06,0,-0.030000000000000027,0.29235169983486686,3
STX,2023-06-29,2023-06-30,2023-07-05,0,-0.030000000000000027,0.26218529096729865,3
AAPL,2023-06-30,2023-07-03,2023-07-10,0,-0.030000000000000027,0.13699139580046338,3
AXTI,2023-06-30,2023-07-03,2023-07-03,0,-0.030000000000000027,0.518091814935945,3
DSX,2023-06-30,2023-07-03,2023-07-12,1,0.050000000000000044,0.25959443602351884,3
KODK,2023-06-30,2023-07-03,2023-07-05,1,0.050000000000000044,0.19036291942381564,3
MRVL,2023-06-30,2023-07-03,2023-07-06,0,-0.030000000000000027,0.23236350961722532,3
MSFT,2023-06-30,2023-07-03,2023-07-10,0,-0.030000000000000138,0.18423892556664323,3
NVAX,2023-06-30,2023-07-03,2023-07-03,0,-0.030000000000000027,0.31456650054596913,3
NVDA,2023-06-30,2023-07-03,2023-07-13,1,0.050000000000000044,0.1289895638572288,3
QCOM,2023-06-30,2023-07-03,2023-07-06,0,-0.034459586695974265,0.2730900223944523,3
SEI,2023-06-30,2023-07-03,2023-07-06,0,-0.030000000000000027,0.32629591685289494,3
STX,2023-06-30,2023-07-03,2023-07-06,0,-0.033225689829465055,0.17653536233924902,3
AAPL,2023-07-03,2023-07-05,2023-07-18,0,0.011275045293958064,0.16262682286223587,3
AXTI,2023-07-03,2023-07-05,2023-07-05,0,-0.030000000000000027,0.5250673598890087,3
DSX,2023-07-03,2023-07-05,2023-07-13,1,0.050000000000000044,0.26791458514168165,3
KODK,2023-07-03,2023-07-05,2023-07-06,1,0.050000000000000044,0.3147477804051339,3
MRVL,2023-07-03,2023-07-05,2023-07-06,0,-0.03441642632615016,0.21747222536772198,3
MSFT,2023-07-03,2023-07-05,2023-07-18,1,0.050000000000000044,0.18516181072514767,3
NVAX,2023-07-03,2023-07-05,2023-07-06,0,-0.030000000000000027,0.3224365677142808,3
NVDA,2023-07-03,2023-07-05,2023-07-13,1,0.05655645050013236,0.1552036716895371,3
QCOM,2023-07-03,2023-07-05,2023-07-06,0,-0.03243156549948001,0.19844516452153577,3
SEI,2023-07-03,2023-07-05,2023-07-06,0,-0.03073264515062113,0.22378791836788645,3
STX,2023-07-03,2023-07-05,2023-07-06,0,-0.030254047970140974,0.18884489404038796,3
AAPL,2023-07-05,2023-07-06,2023-07-19,0,0.027707526743215194,0.15987791872113372,3
AXTI,2023-07-05,2023-07-06,2023-07-07,0,-0.030000000000000027,0.47659307518300414,3
DSX,2023-07-05,2023-07-06,2023-07-12,1,0.050000000000000044,0.2640637666811755,3
KODK,2023-07-05,2023-07-06,2023-07-06,1,0.050000000000000044,0.21447517197182153,3
MRVL,2023-07-05,2023-07-06,2023-07-11,1,0.05323330137031679,0.24655370379782676,3
MSFT,2023-07-05,2023-07-06,2023-07-11,0,-0.030000000000000138,0.1599445937294044,3
NVAX,2023-07-05,2023-07-06,2023-07-06,0,-0.030000000000000027,0.38034302380132606,3
NVDA,2023-07-05,2023-07-06,2023-07-13,1,0.0639040478921109,0.1552036716895371,3
QCOM,2023-07-05,2023-07-06,2023-07-13,1,0.050000000000000044,0.19995768905612527,3
SEI,2023-07-05,2023-07-06,2023-07-06,0,-0.030000000000000027,0.3253555272529223,3
STX,2023-07-05,2023-07-06,2023-07-13,1,0.050000000000000044,0.21081449078971207,3
AAPL,2023-07-06,2023-07-07,2023-07-20,0,0.008985734635466924,0.09806183444202311,3
AXTI,2023-07-06,2023-07-07,2023-07-07,1,0.050000000000000044,0.5467850331277193,3
DSX,2023-07-06,2023-07-07,2023-07-12,1,0.050000000000000044,0.24480909837903111,3
KODK,2023-07-06,2023-07-07,2023-07-07,1,0.050000000000000044,0.45420777591127126,3
MRVL,2023-07-06,2023-07-07,2023-07-12,1,0.05358029639599571,0.44189758791660655,3
MSFT,2023-07-06,2023-07-07,2023-07-10,0,-0.030000000000000027,0.12237204803146975,3
NVAX,2023-07-06,2023-07-07,2023-07-10,1,0.050000000000000044,0.37978449023785943,3
NVDA,2023-07-06,2023-07-07,2023-07-13,1,0.05188802470134202,0.1745866492741766,3
QCOM,2023-07-06,2023-07-07,2023-07-13,1,0.050000000000000044,0.23633095620553177,3
SEI,2023-07-06,2023-07-07,2023-07-07,1,0.050000000000000044,0.3137176973093126,3
STX,2023-07-06,2023-07-07,2023-07-20,0,-0.025632783940586656,0.21337293404706437,3
AAPL,2023-07-07,2023-07-10,2023-07-21,0,0.014160344899996735,0.14571221758645783,3
AXTI,2023-07-07,2023-07-10,2023-07-11,0,-0.030000000000000027,0.5068134272015161,3
DSX,2023-07-07,2023-07-10,2023-07-21,0,-0.030000000000000027,0.18518333694517145,3
KODK,2023-07-07,2023-07-10,2023-07-11,1,0.05136981268138596,0.18020116181076118,3
MRVL,2023-07-07,2023-07-10,2023-07-11,1,0.050000000000000044,0.3627162762743802,3
MSFT,2023-07-07,2023-07-10,2023-07-14,1,0.050000000000000044,0.16183671541536776,3
NVAX,2023-07-07,2023-07-10,2023-07-10,1,0.050000000000000044,0.3772818177872416,3
NVDA,2023-07-07,2023-07-10,2023-07-13,1,0.050000000000000044,0.149971787465173,3
QCOM,2023-07-07,2023-07-10,2023-07-13,1,0.050000000000000044,0.24105739062035933,3
SEI,2023-07-07,2023-07-10,2023-07-17,1,0.050000000000000044,0.3811128048591987,3
STX,2023-07-07,2023-07-10,2023-07-13,1,0.050000000000000044,0.21605137331623608,3
AAPL,2023-07-10,2023-07-11,2023-07-24,0,0.01897857129422653,0.2502985992829639,3
AXTI,2023-07-10,2023-07-11,2023-07-13,1,0.050000000000000044,0.491822601935444,3
DSX,2023-07-10,2023-07-11,2023-07-21,0,-0.030000000000000138,0.1979795511243092,3
KODK,2023-07-10,2023-07-11,2023-07-14,0,-0.030000000000000027,0.25410248755884085,3
MRVL,2023-07-10,2023-07-11,2023-07-13,1,0.050000000000000044,0.25076120543427516,3
MSFT,2023-07-10,2023-07-11,2023-07-14,1,0.050000000000000044,0.18903362370393353,3
NVAX,2023-07-10,2023-07-11,2023-07-11,1,0.050000000000000044,0.21738124883049456,3
NVDA,2023-07-10,2023-07-11,2023-07-13,1,0.050000000000000044,0.1790449508485758,3
QCOM,2023-07-10,2023-07-11,2023-07-17,1,0.050000000000000044,0.24105739062035933,3
SEI,2023-07-10,2023-07-11,2023-07-18,1,0.050000000000000044,0.45639098966234937,3
STX,2023-07-10,2023-07-11,2023-07-21,0,-0.030000000000000027,0.25290701975628427,3
AAPL,2023-07-11,2023-07-12,2023-07-25,0,0.020771569015450853,0.23010105256188063,3
AXTI,2023-07-11,2023-07-12,2023-07-13,1,0.050000000000000044,0.4628002018839773,3
DSX,2023-07-11,2023-07-12,2023-07-21,0,-0.030000000000000027,0.19087645438074272,3
KODK,2023-07-11,2023-07-12,2023-07-13,0,-0.030000000000000027,0.19684503634096906,3
MRVL,2023-07-11,2023-07-12,2023-07-19,1,0.050000000000000044,0.18692304150808042,3
MSFT,2023-07-11,2023-07-12,2023-07-18,1,0.050000000000000044,0.19412317946932744,3
NVAX,2023-07-11,2023-07-12,2023-07-12,0,-0.030000000000000027,0.3049524359898509,3
NVDA,2023-07-11,2023-07-12,2023-07-13,1,0.050000000000000044,0.18447780678315212,3
QCOM,2023-07-11,2023-07-12,2023-07-17,1,0.050000000000000044,0.19977670184800783,3
SEI,2023-07-11,2023-07-12,2023-07-19,1,0.050000000000000044,0.5189238873097469,3
STX,2023-07-11,2023-07-12,2023-07-17,0,-0.030000000000000027,0.22706810962661028,3
AAPL,2023-07-12,2023-07-13,2023-07-26,0,0.020997256627121486,0.23722504012950482,3
AXTI,2023-07-12,2023-07-13,2023-07-13,1,0.050000000000000044,0.4819593902733998,3
DSX,2023-07-12,2023-07-13,2023-07-19,0,-0.030000000000000027,0.2169766821538163,3
KODK,2023-07-12,2023-07-13,2023-07-14,0,-0.030000000000000027,0.15635949031993182,3
MRVL,2023-07-12,2023-07-13,2023-07-26,0,-0.002192720720595509,0.25095279936118337,3
MSFT,2023-07-12,2023-07-13,2023-07-18,1,0.050000000000000044,0.1976030460654249,3
NVAX,2023-07-12,2023-07-13,2023-07-14,0,-0.030000000000000138,0.3922149799544485,3
NVDA,2023-07-12,2023-07-13,2023-07-14,1,0.050000000000000044,0.198661432462036,3
QCOM,2023-07-12,2023-07-13,2023-07-19,1,0.050000000000000044,0.1852501227529697,3
SEI,2023-07-12,2023-07-13,2023-07-19,1,0.050000000000000044,0.52830429173814,3
STX,2023-07-12,2023-07-13,2023-07-17,0,-0.030000000000000027,0.26953950071168276,3
AAPL,2023-07-13,2023-07-14,2023-07-27,0,0.01571802778569742,0.24332434791895666,3
AXTI,2023-07-13,2023-07-14,2023-07-14,0,-0.030000000000000027,0.4473525491300935,3
DSX,2023-07-13,2023-07-14,2023-07-17,0,-0.030000000000000027,0.2119855863952834,3
KODK,2023-07-13,2023-07-14,2023-07-14,0,-0.029999999999999916,0.1312612795955552,3
MRVL,2023-07-13,2023-07-14,2023-07-24,0,-0.030000000000000027,0.2501294939655939,3
MSFT,2023-07-13,2023-07-14,2023-07-18,1,0.050000000000000044,0.14986334913503627,3
NVAX,2023-07-13,2023-07-14,2023-07-14,0,-0.030000000000000027,0.42602849595759457,3
NVDA,2023-07-13,2023-07-14,2023-07-14,0,-0.030000000000000027,0.25960926999625694,3
QCOM,2023-07-13,2023-07-14,2023-07-27,0,0.023170532278905753,0.35611424037655837,3
SEI,2023-07-13,2023-07-14,2023-07-24,1,0.050000000000000044,0.5068507054473381,3
STX,2023-07-13,2023-07-14,2023-07-20,0,-0.03635770563826446,0.1870571067572265,3
AAPL,2023-07-14,2023-07-17,2023-07-28,0,0.020479266100622784,0.22144889339302704,3
AXTI,2023-07-14,2023-07-17,2023-07-28,0,0.010135125338900819,0.5065460197884456,3
DSX,2023-07-14,2023-07-17,2023-07-21,0,-0.030000000000000027,0.18797844890069518,3
KODK,2023-07-14,2023-07-17,2023-07-20,0,-0.030000000000000027,0.1814731999511966,3
MRVL,2023-07-14,2023-07-17,2023-07-19,1,0.050000000000000044,0.3218083346116073,3
MSFT,2023-07-14,2023-07-17,2023-07-18,1,0.050000000000000044,0.14225673512836992,3
NVAX,2023-07-14,2023-07-17,2023-07-17,0,-0.030000000000000027,0.48435778029249454,3
NVDA,2023-07-14,2023-07-17,2023-07-21,0,-0.030000000000000027,0.16345001090010824,3
QCOM,2023-07-14,2023-07-17,2023-07-28,1,0.050000000000000044,0.28934504399443955,3
SEI,2023-07-14,2023-07-17,2023-07-19,1,0.050000000000000044,0.4932300605400162,3
STX,2023-07-14,2023-07-17,2023-07-21,0,-0.030000000000000027,0.178738237837412,3
AAPL,2023-07-17,2023-07-18,2023-07-31,0,0.016033132169183117,0.13294101320154875,3
AXTI,2023-07-17,2023-07-18,2023-07-21,1,0.050000000000000044,0.5642439173965624,3
DSX,2023-07-17,2023-07-18,2023-07-24,0,-0.030000000000000027,0.1805219058089327,3
KODK,2023-07-17,2023-07-18,2023-07-20,0,-0.030000000000000027,0.1819866824468514,3
MRVL,2023-07-17,2023-07-18,2023-07-20,0,-0.030000000000000027,0.23929480827464364,3
MSFT,2023-07-17,2023-07-18,2023-07-18,1,0.050000000000000044,0.13174650057248172,3
NVAX,2023-07-17,2023-07-18,2023-07-18,1,0.050000000000000044,0.4719056052167558,3
NVDA,2023-07-17,2023-07-18,2023-07-20,0,-0.029999999999999916,0.18338103847807677,3
QCOM,2023-07-17,2023-07-18,2023-07-28,1,0.050000000000000044,0.32497098065977104,3
SEI,2023-07-17,2023-07-18,2023-07-28,1,0.050000000000000044,0.5209332665999266,3
STX,2023-07-17,2023-07-18,2023-07-21,0,-0.030000000000000027,0.18953223672325892,3
AAPL,2023-07-18,2023-07-19,2023-08-01,0,0.012998617129481138,0.134447628282599,3
AXTI,2023-07-18,2023-07-19,2023-07-31,1,0.050000000000000044,0.5853130377981378,3
DSX,2023-07-18,2023-07-19,2023-07-24,0,-0.030000000000000027,0.22439550158415011,3
KODK,2023-07-18,2023-07-19,2023-07-20,0,-0.030000000000000138,0.3069305009371009,3
MRVL,2023-07-18,2023-07-19,2023-07-20,0,-0.030000000000000027,0.19996829294173774,3
MSFT,2023-07-18,2023-07-19,2023-07-20,0,-0.030000000000000027,0.18278352857108887,3
NVAX,2023-07-18,2023-07-19,2023-07-20,0,-0.030000000000000027,0.5212891376880674,3
NVDA,2023-07-18,2023-07-19,2023-07-20,0,-0.030000000000000138,0.20455224076546935,3
QCOM,2023-07-18,2023-07-19,2023-07-20,0,-0.029999999999999916,0.32692032326386966,3
SEI,2023-07-18,2023-07-19,2023-07-28,1,0.050000000000000044,0.50874974570335,3
STX,2023-07-18,2023-07-19,2023-07-20,0,-0.03400588888037026,0.26218529096729865,3
AAPL,2023-07-19,2023-07-20,2023-08-02,0,-0.012865668094117044,0.14055279241073004,3
AXTI,2023-07-19,2023-07-20,2023-07-31,1,0.050000000000000044,0.5534373270333904,3
DSX,2023-07-19,2023-07-20,2023-07-24,0,-0.030000000000000027,0.22439550158415011,3
KODK,2023-07-19,2023-07-20,2023-07-20,0,-0.030000000000000027,0.2787314670846607,3
MRVL,2023-07-19,2023-07-20,2023-07-24,0,-0.030000000000000027,0.22118816455908794,3
MSFT,2023-07-19,2023-07-20,2023-07-21,0,-0.030000000000000027,0.2378214489061771,3
NVAX,2023-07-19,2023-07-20,2023-07-20,0,-0.030000000000000027,0.3809107355895197,3
NVDA,2023-07-19,2023-07-20,2023-07-20,0,-0.029999999999999916,0.20965933351699134,3
QCOM,2023-07-19,2023-07-20,2023-07-28,1,0.050000000000000044,0.34104848679904815,3
SEI,2023-07-19,2023-07-20,2023-07-27,0,-0.029999999999999916,0.5410950416809024,3
STX,2023-07-19,2023-07-20,2023-07-26,0,-0.030000000000000027,0.17406249549474334,3
AAPL,2023-07-20,2023-07-21,2023-08-03,0,-0.015095316869696895,0.24485783805245015,3
AXTI,2023-07-20,2023-07-21,2023-07-25,0,-0.030000000000000027,0.4739928400784945,3
DSX,2023-07-20,2023-07-21,2023-07-24,0,-0.030000000000000027,0.23744802256766698,3
KODK,2023-07-20,2023-07-21,2023-07-21,0,-0.030000000000000027,0.4605843747308006,3
MRVL,2023-07-20,2023-07-21,2023-08-02,0,-0.030000000000000027,0.33024820096157853,3
MSFT,2023-07-20,2023-07-21,2023-07-26,0,-0.030000000000000138,0.4135274441660986,3
NVAX,2023-07-20,2023-07-21,2023-07-21,0,-0.030000000000000027,0.3396298597513669,3
NVDA,2023-07-20,2023-07-21,2023-07-21,0,-0.030000000000000027,0.24853478550210936,3
QCOM,2023-07-20,2023-07-21,2023-07-28,1,0.05224302393720848,0.35308795926729547,3
SEI,2023-07-20,2023-07-21,2023-07-27,0,-0.029999999999999916,0.49136785367978864,3
STX,2023-07-20,2023-07-21,2023-07-26,0,-0.030000000000000027,0.24310221849482075,3
AAPL,2023-07-21,2023-07-24,2023-08-04,0,-0.040794120078870844,0.26412291303977153,3
AXTI,2023-07-21,2023-07-24,2023-07-25,0,-0.029999999999999916,0.461754274518949,3
DSX,2023-07-21,2023-07-24,2023-07-28,1,0.050000000000000044,0.2696329982106515,3
KODK,2023-07-21,2023-07-24,2023-07-24,1,0.050000000000000044,0.5483899152208167,3
MRVL,2023-07-21,2023-07-24,2023-08-02,0,-0.030000000000000027,0.37634487872047745,3
MSFT,2023-07-21,2023-07-24,2023-07-26,0,-0.030000000000000138,0.40044472344098725,3
NVAX,2023-07-21,2023-07-24,2023-07-24,0,-0.030000000000000027,0.39673755334089644,3
NVDA,2023-07-21,2023-07-24,2023-07-27,1,0.050000000000000044,0.2095510935510672,3
QCOM,2023-07-21,2023-07-24,2023-07-31,1,0.050000000000000044,0.27699293799422187,3
SEI,2023-07-21,2023-07-24,2023-07-27,0,-0.030000000000000138,0.3747177330528233,3
STX,2023-07-21,2023-07-24,2023-07-26,0,-0.030000000000000027,0.21312345111117084,3
AAPL,2023-07-24,2023-07-25,2023-08-04,0,-0.04039716995596043,0.28067291843764347,3
AXTI,2023-07-24,2023-07-25,2023-07-26,0,-0.029999999999999916,0.5376646878176952,3
DSX,2023-07-24,2023-07-25,2023-07-26,1,0.050000000000000044,0.24723889947948557,3
KODK,2023-07-24,2023-07-25,2023-07-27,1,0.050000000000000044,0.5001122720799942,3
MRVL,2023-07-24,2023-07-25,2023-08-02,0,-0.030000000000000027,0.3240974688393017,3
MSFT,2023-07-24,2023-07-25,2023-07-26,0,-0.030000000000000027,0.3902949281448158,3
NVAX,2023-07-24,2023-07-25,2023-07-31,1,0.050000000000000044,0.4213389779041491,3
NVDA,2023-07-24,2023-07-25,2023-07-27,1,0.050000000000000044,0.23912094828438377,3
QCOM,2023-07-24,2023-07-25,2023-07-31,1,0.050000000000000044,0.21289614081975178,3
SEI,2023-07-24,2023-07-25,2023-07-27,0,-0.030000000000000138,0.5254336748272216,3
STX,2023-07-24,2023-07-25,2023-07-27,1,0.050000000000000044,0.2076761498160076,3
AAPL,2023-07-25,2023-07-26,2023-08-04,0,-0.0420817459702677,0.27562983726122203,3
AXTI,2023-07-25,2023-07-26,2023-07-31,1,0.050000000000000044,0.4661374889852354,3
DSX,2023-07-25,2023-07-26,2023-07-28,1,0.050000000000000044,0.2897393258881379,3
KODK,2023-07-25,2023-07-26,2023-07-27,1,0.050000000000000044,0.5023042781183468,3
MRVL,2023-07-25,2023-07-26,2023-08-01,1,0.050000000000000044,0.30380760106346966,3
MSFT,2023-07-25,2023-07-26,2023-07-27,0,-0.030000000000000027,0.350338014873049,3
NVAX,2023-07-25,2023-07-26,2023-07-31,1,0.050000000000000044,0.3673283921068165,3
NVDA,2023-07-25,2023-07-26,2023-07-26,0,-0.030000000000000138,0.17722826564460012,3
QCOM,2023-07-25,2023-07-26,2023-07-28,1,0.050000000000000044,0.24304094638208298,3
SEI,2023-07-25,2023-07-26,2023-07-27,0,-0.029999999999999916,0.3012726139797815,3
STX,2023-07-25,2023-07-26,2023-07-27,1,0.050000000000000044,0.21815820177846654,3
AAPL,2023-07-26,2023-07-27,2023-08-04,0,-0.05356599602687917,0.21290484933532355,3
AXTI,2023-07-26,2023-07-27,2023-07-27,0,-0.030000000000000027,0.4769322226348272,3
DSX,2023-07-26,2023-07-27,2023-08-01,0,-0.030000000000000027,0.25934387922672675,3
KODK,2023-07-26,2023-07-27,2023-07-28,0,-0.029999999999999916,0.5665862423303896,3
MRVL,2023-07-26,2023-07-27,2023-07-27,0,-0.030000000000000027,0.2224656050484243,3
MSFT,2023-07-26,2023-07-27,2023-07-27,0,-0.030000000000000027,0.37822341071018817,3
NVAX,2023-07-26,2023-07-27,2023-07-27,0,-0.030000000000000027,0.40268016719268507,3
NVDA,2023-07-26,2023-07-27,2023-08-02,0,-0.029999999999999916,0.2543185758525914,3
QCOM,2023-07-26,2023-07-27,2023-07-31,1,0.050000000000000044,0.22861492223307717,3
SEI,2023-07-26,2023-07-27,2023-07-27,0,-0.030000000000000027,0.22147205461877703,3
STX,2023-07-26,2023-07-27,2023-07-27,1,0.050000000000000044,0.21919794532919218,3
AAPL,2023-07-27,2023-07-28,2023-08-04,0,-0.04700240992293492,0.2056978353806315,3
AXTI,2023-07-27,2023-07-28,2023-07-31,1,0.050000000000000044,0.48524988700087784,3
DSX,2023-07-27,2023-07-28,2023-08-01,0,-0.030000000000000027,0.19706079153480927,3
KODK,2023-07-27,2023-07-28,2023-07-28,0,-0.030000000000000027,0.5303980715563796,3
MRVL,2023-07-27,2023-07-28,2023-08-02,0,-0.030000000000000027,0.239831147457947,3
MSFT,2023-07-27,2023-07-28,2023-08-08,0,-0.030000000000000027,0.32450443657557754,3
NVAX,2023-07-27,2023-07-28,2023-07-31,1,0.050000000000000044,0.4431167797562842,3
NVDA,2023-07-27,2023-07-28,2023-08-02,0,-0.030000000000000138,0.25236224371005905,3
QCOM,2023-07-27,2023-07-28,2023-08-03,0,-0.08830862764515546,0.2340299474898512,3
SEI,2023-07-27,2023-07-28,2023-07-28,1,0.050000000000000044,0.24198109122726905,3
STX,2023-07-27,2023-07-28,2023-08-03,1,0.050000000000000044,0.20012506211351844,3
AAPL,2023-07-28,2023-07-31,2023-08-04,0,-0.05375893815068089,0.2384025197606884,3
AXTI,2023-07-28,2023-07-31,2023-08-02,0,-0.030000000000000027,0.47089527643098783,3
DSX,2023-07-28,2023-07-31,2023-08-01,0,-0.05370845828738835,0.30577975700924026,3
KODK,2023-07-28,2023-07-31,2023-08-02,0,-0.030000000000000027,0.5256266560127454,3
MRVL,2023-07-28,2023-07-31,2023-08-02,0,-0.030000000000000027,0.17486653683133024,3
MSFT,2023-07-28,2023-07-31,2023-08-02,0,-0.029999999999999916,0.3144385768716374,3
NVAX,2023-07-28,2023-07-31,2023-07-31,1,0.050000000000000044,0.3997322409758564,3
NVDA,2023-07-28,2023-07-31,2023-08-02,0,-0.030000000000000027,0.2962201141298932,3
QCOM,2023-07-28,2023-07-31,2023-08-03,0,-0.10016155627454193,0.3842360000785582,3
SEI,2023-07-28,2023-07-31,2023-08-04,1,0.050000000000000044,0.407830677098973,3
STX,2023-07-28,2023-07-31,2023-08-03,1,0.050000000000000044,0.28368068000959656,3
AAPL,2023-07-31,2023-08-01,2023-08-04,0,-0.054627144636872904,0.22314415516720223,3
AXTI,2023-07-31,2023-08-01,2023-08-01,0,-0.030000000000000027,0.5418365703947702,3
DSX,2023-07-31,2023-08-01,2023-08-03,1,0.050000000000000044,0.30505879331141417,3
KODK,2023-07-31,2023-08-01,2023-08-02,0,-0.031021911624498077,0.5390576059594949,3
MRVL,2023-07-31,2023-08-01,2023-08-02,0,-0.030000000000000027,0.1813426003657439,3
MSFT,2023-07-31,2023-08-01,2023-08-08,0,-0.030000000000000027,0.27899130484938717,3
NVAX,2023-07-31,2023-08-01,2023-08-01,0,-0.030000000000000027,0.2952646245398082,3
NVDA,2023-07-31,2023-08-01,2023-08-02,0,-0.030000000000000027,0.29845859807523517,3
QCOM,2023-07-31,2023-08-01,2023-08-03,0,-0.11332622388762503,0.44464275297516026,3
SEI,2023-07-31,2023-08-01,2023-08-01,0,-0.030000000000000027,0.5578025134529867,3
STX,2023-07-31,2023-08-01,2023-08-03,1,0.050000000000000044,0.2618185467595602,3
AAPL,2023-08-01,2023-08-02,2023-08-04,0,-0.04881036434030228,0.275419864943958,3
AXTI,2023-08-01,2023-08-02,2023-08-02,0,-0.029999999999999916,0.3705018620789919,3
DSX,2023-08-01,2023-08-02,2023-08-03,1,0.050000000000000044,0.19083030636015924,3
KODK,2023-08-01,2023-08-02,2023-08-02,0,-0.030000000000000027,0.5129003723214797,3
MRVL,2023-08-01,2023-08-02,2023-08-02,0,-0.030000000000000027,0.1998911426365179,3
MSFT,2023-08-01,2023-08-02,2023-08-08,0,-0.030000000000000138,0.26852450162840513,3
NVAX,2023-08-01,2023-08-02,2023-08-02,0,-0.030000000000000027,0.5034400163268463,3
NVDA,2023-08-01,2023-08-02,2023-08-02,0,-0.030000000000000138,0.2637699681592488,3
QCOM,2023-08-01,2023-08-02,2023-08-03,0,-0.1016128613762266,0.43521670637590915,3
SEI,2023-08-01,2023-08-02,2023-08-04,1,0.050000000000000044,0.6101223478631238,3
STX,2023-08-01,2023-08-02,2023-08-03,1,0.050000000000000044,0.33060993084146056,3
AAPL,2023-08-02,2023-08-03,2023-08-04,0,-0.031581070848597625,0.2697980072530218,3
AXTI,2023-08-02,2023-08-03,2023-08-03,1,0.050000000000000044,0.43207184318065595,3
DSX,2023-08-02,2023-08-03,2023-08-03,1,0.050000000000000044,0.22754144610728022,3
KODK,2023-08-02,2023-08-03,2023-08-04,0,-0.030000000000000027,0.4394442233823734,3
MRVL,2023-08-02,2023-08-03,2023-08-10,0,-0.030000000000000027,0.495295050205751,3
MSFT,2023-08-02,2023-08-03,2023-08-16,0,-0.015096869021324344,0.3175808360202976,3
NVAX,2023-08-02,2023-08-03,2023-08-03,0,-0.030000000000000027,0.4859652664781014,3
NVDA,2023-08-02,2023-08-03,2023-08-09,0,-0.030000000000000027,0.13490752293052588,3
QCOM,2023-08-02,2023-08-03,2023-08-14,0,-0.030000000000000027,0.3319795477071444,3
SEI,2023-08-02,2023-08-03,2023-08-10,1,0.050000000000000044,0.5434327370672283,3
STX,2023-08-02,2023-08-03,2023-08-03,1,0.050000000000000044,0.3413812261155439,3
AAPL,2023-08-03,2023-08-04,2023-08-07,0,-0.030000000000000027,0.3165400142822638,3
AXTI,2023-08-03,2023-08-04,2023-08-04,0,-0.029999999999999916,0.49202823831567777,3
DSX,2023-08-03,2023-08-04,2023-08-14,0,-0.030000000000000027,0.2945392529210408,3
KODK,2023-08-03,2023-08-04,2023-08-09,0,-0.030000000000000027,0.4459853555364728,3
MRVL,2023-08-03,2023-08-04,2023-08-09,0,-0.030000000000000027,0.5119201744136239,3
MSFT,2023-08-03,2023-08-04,2023-08-09,0,-0.030000000000000138,0.3230079950018574,3
NVAX,2023-08-03,2023-08-04,2023-08-07,0,-0.030000000000000027,0.5518315175923272,3
NVDA,2023-08-03,2023-08-04,2023-08-09,0,-0.030000000000000027,0.20176773047441862,3
QCOM,2023-08-03,2023-08-04,2023-08-11,0,-0.03082546279216669,0.1829324544942974,3
SEI,2023-08-03,2023-08-04,2023-08-08,0,-0.030000000000000138,0.6983572647447308,3
STX,2023-08-03,2023-08-04,2023-08-15,0,-0.030000000000000027,0.5425026207909912,3
AAPL,2023-08-04,2023-08-07,2023-08-17,0,-0.030000000000000027,0.3378092658675336,3
AXTI,2023-08-04,2023-08-07,2023-08-07,0,-0.030000000000000138,0.5259221118011198,3
DSX,2023-08-04,2023-08-07,2023-08-14,0,-0.030000000000000027,0.2387761506812889,3
KODK,2023-08-04,2023-08-07,2023-08-09,0,-0.030000000000000138,0.3449439274314261,3
MRVL,2023-08-04,2023-08-07,2023-08-08,0,-0.030000000000000027,0.5750400125921877,3
MSFT,2023-08-04,2023-08-07,2023-08-17,0,-0.030000000000000027,0.3479201236204563,3
NVAX,2023-08-04,2023-08-07,2023-08-07,0,-0.030000000000000027,0.4382796803696952,3
NVDA,2023-08-04,2023-08-07,2023-08-09,0,-0.029999999999999916,0.21524875371934776,3
QCOM,2023-08-04,2023-08-07,2023-08-07,0,-0.030000000000000027,0.27199344759153377,3
SEI,2023-08-04,2023-08-07,2023-08-08,0,-0.03167442672571619,0.6587569786113879,3
STX,2023-08-04,2023-08-07,2023-08-15,0,-0.030000000000000027,0.40922634627199683,3
AAPL,2023-08-07,2023-08-08,2023-08-17,0,-0.030000000000000027,0.3904643406032118,3
AXTI,2023-08-07,2023-08-08,2023-08-08,0,-0.030000000000000027,0.5343612297971552,3
DSX,2023-08-07,2023-08-08,2023-08-14,0,-0.030000000000000027,0.2660574909101809,3
KODK,2023-08-07,2023-08-08,2023-08-08,0,-0.030000000000000027,0.32150850357830896,3
MRVL,2023-08-07,2023-08-08,2023-08-09,0,-0.030000000000000027,0.5105434810896987,3
MSFT,2023-08-07,2023-08-08,2023-08-17,0,-0.030000000000000138,0.3030662724590772,3
NVAX,2023-08-07,2023-08-08,2023-08-08,0,-0.030000000000000027,0.3621196197322581,3
NVDA,2023-08-07,2023-08-08,2023-08-09,0,-0.030000000000000027,0.25189733684183113,3
QCOM,2023-08-07,2023-08-08,2023-08-14,0,-0.030000000000000027,0.2701356059806093,3
SEI,2023-08-07,2023-08-08,2023-08-10,1,0.050000000000000044,0.38500474152052033,3
STX,2023-08-07,2023-08-08,2023-08-15,0,-0.030000000000000027,0.4840165045694371,3
AAPL,2023-08-08,2023-08-09,2023-08-17,0,-0.030000000000000138,0.39057196878141504,3
AXTI,2023-08-08,2023-08-09,2023-08-09,0,-0.030000000000000027,0.4421909727256403,3
DSX,2023-08-08,2023-08-09,2023-08-14,0,-0.029999999999999916,0.3271060502276819,3
KODK,2023-08-08,2023-08-09,2023-08-09,0,-0.029999999999999916,0.32953825958504795,3
MRVL,2023-08-08,2023-08-09,2023-08-09,0,-0.030000000000000027,0.5424230549588042,3
MSFT,2023-08-08,2023-08-09,2023-08-18,0,-0.03465612550968378,0.3279900191653918,3
NVAX,2023-08-08,2023-08-09,2023-08-09,0,-0.030000000000000027,0.34433108786377176,3
NVDA,2023-08-08,2023-08-09,2023-08-09,0,-0.030000000000000027,0.3058704949844214,3
QCOM,2023-08-08,2023-08-09,2023-08-14,0,-0.030000000000000027,0.2603701711494919,3
SEI,2023-08-08,2023-08-09,2023-08-22,0,-0.024839146289078795,0.42288498711923306,3
STX,2023-08-08,2023-08-09,2023-08-16,0,-0.030434495208133017,0.40123411230481065,3
AAPL,2023-08-09,2023-08-10,2023-08-17,0,-0.029999999999999916,0.4586371442342846,3
AXTI,2023-08-09,2023-08-10,2023-08-15,0,-0.030000000000000138,0.4277556893942973,3
DSX,2023-08-09,2023-08-10,2023-08-14,0,-0.030000000000000027,0.3160942480257784,3
KODK,2023-08-09,2023-08-10,2023-08-11,1,0.050000000000000044,0.2643976187497854,3
MRVL,2023-08-09,2023-08-10,2023-08-10,0,-0.030000000000000027,0.3918192687180253,3
MSFT,2023-08-09,2023-08-10,2023-08-18,0,-0.03332357336667491,0.3279900191653918,3
NVAX,2023-08-09,2023-08-10,2023-08-10,1,0.050000000000000044,0.3213293766835631,3
NVDA,2023-08-09,2023-08-10,2023-08-11,0,-0.030000000000000138,0.22897464394905157,3
QCOM,2023-08-09,2023-08-10,2023-08-11,0,-0.030166556731753946,0.3085136417317512,3
SEI,2023-08-09,2023-08-10,2023-08-22,0,-0.030000000000000138,0.4085854232812244,3
STX,2023-08-09,2023-08-10,2023-08-16,0,-0.03331875929243677,0.3789930061917618,3
AAPL,2023-08-10,2023-08-11,2023-08-18,0,-0.030000000000000027,0.3311264528858212,3
AXTI,2023-08-10,2023-08-11,2023-08-14,0,-0.030000000000000027,0.4197394100389756,3
DSX,2023-08-10,2023-08-11,2023-08-24,0,-0.02425860855318207,0.23283443951641666,3
KODK,2023-08-10,2023-08-11,2023-08-11,1,0.050000000000000044,0.2634539917782052,3
MRVL,2023-08-10,2023-08-11,2023-08-22,1,0.050000000000000044,0.3836732929478607,3
MSFT,2023-08-10,2023-08-11,2023-08-24,0,0.0012097621735220887,0.32666403157133084,3
NVAX,2023-08-10,2023-08-11,2023-08-11,0,-0.030000000000000027,0.35124959624107194,3
NVDA,2023-08-10,2023-08-11,2023-08-14,0,-0.030298782505304822,0.20208196941260592,3
QCOM,2023-08-10,2023-08-11,2023-08-16,0,-0.030000000000000027,0.2700491741939701,3
SEI,2023-08-10,2023-08-11,2023-08-14,0,-0.030000000000000138,0.3686592589067747,3
STX,2023-08-10,2023-08-11,2023-08-16,0,-0.030000000000000027,0.34735637864338326,3
AAPL,2023-08-11,2023-08-14,2023-08-18,0,-0.03185925294213254,0.25779616191652177,3
AXTI,2023-08-11,2023-08-14,2023-08-15,0,-0.030651312996745395,0.4037348060947112,3
DSX,2023-08-11,2023-08-14,2023-08-14,0,-0.030000000000000027,0.23591514695990634,3
KODK,2023-08-11,2023-08-14,2023-08-15,0,-0.030000000000000138,0.27297929711467617,3
MRVL,2023-08-11,2023-08-14,2023-08-14,1,0.050000000000000044,0.4297850046428077,3
MSFT,2023-08-11,2023-08-14,2023-08-25,0,0.0070749477119647075,0.32666403157133084,3
NVAX,2023-08-11,2023-08-14,2023-08-14,0,-0.030000000000000027,0.2985001578471998,3
NVDA,2023-08-11,2023-08-14,2023-08-14,1,0.050000000000000044,0.3262125970701938,3
QCOM,2023-08-11,2023-08-14,2023-08-16,0,-0.030000000000000027,0.24671330438414849,3
SEI,2023-08-11,2023-08-14,2023-08-23,0,-0.03863889291999656,0.29794645322685154,3
STX,2023-08-11,2023-08-14,2023-08-16,0,-0.030000000000000027,0.28273601702213264,3
AAPL,2023-08-14,2023-08-15,2023-08-17,0,-0.030000000000000027,0.2725871859339343,3
AXTI,2023-08-14,2023-08-15,2023-08-15,0,-0.030000000000000027,0.40635540077216736,3
DSX,2023-08-14,2023-08-15,2023-08-28,0,-0.030000000000000027,0.20392536741109057,3
KODK,2023-08-14,2023-08-15,2023-08-18,0,-0.030000000000000027,0.29433934147708474,3
MRVL,2023-08-14,2023-08-15,2023-08-16,0,-0.030000000000000027,0.4267995370999143,3
MSFT,2023-08-14,2023-08-15,2023-08-18,0,-0.030000000000000027,0.31348079909038773,3
NVAX,2023-08-14,2023-08-15,2023-08-17,1,0.050000000000000044,0.32396957879273847,3
NVDA,2023-08-14,2023-08-15,2023-08-17,0,-0.030000000000000027,0.20817242238343425,3
QCOM,2023-08-14,2023-08-15,2023-08-17,0,-0.030000000000000027,0.21538155080122173,3
SEI,2023-08-14,2023-08-15,2023-08-15,0,-0.030000000000000027,0.4086376066546114,3
STX,2023-08-14,2023-08-15,2023-08-16,0,-0.034324298527183994,0.2676873165994335,3
AAPL,2023-08-15,2023-08-16,2023-08-29,0,0.039462474219111865,0.22755785980975443,3
AXTI,2023-08-15,2023-08-16,2023-08-18,0,-0.030000000000000027,0.3925472951926099,3
DSX,2023-08-15,2023-08-16,2023-08-28,0,-0.030000000000000027,0.2615030402959151,3
KODK,2023-08-15,2023-08-16,2023-08-24,0,-0.029999999999999916,0.26380498453587814,3
MRVL,2023-08-15,2023-08-16,2023-08-17,0,-0.030000000000000138,0.3162414095524059,3
MSFT,2023-08-15,2023-08-16,2023-08-29,0,0.023721879402114343,0.34932392310359345,3
NVAX,2023-08-15,2023-08-16,2023-08-17,1,0.050000000000000044,0.4128694893572572,3
NVDA,2023-08-15,2023-08-16,2023-08-17,0,-0.030000000000000027,0.22336418186836773,3
QCOM,2023-08-15,2023-08-16,2023-08-25,0,-0.030000000000000027,0.2119572729004869,3
SEI,2023-08-15,2023-08-16,2023-08-17,0,-0.030000000000000027,0.41416916969657214,3
STX,2023-08-15,2023-08-16,2023-08-29,0,0.021695647826675213,0.22311474275283347,3
AAPL,2023-08-16,2023-08-17,2023-08-30,1,0.050000000000000044,0.24313903596341827,3
AXTI,2023-08-16,2023-08-17,2023-08-18,0,-0.032921876513111736,0.37091172927019644,3
DSX,2023-08-16,2023-08-17,2023-08-24,0,-0.029999999999999916,0.2008857601639272,3
KODK,2023-08-16,2023-08-17,2023-08-24,0,-0.029999999999999916,0.22072741276978378,3
MRVL,2023-08-16,2023-08-17,2023-08-22,1,0.05149470517699828,0.2739872315685969,3
MSFT,2023-08-16,2023-08-17,2023-08-30,0,0.025737860615175467,0.37592982857909724,3
NVAX,2023-08-16,2023-08-17,2023-08-17,1,0.050000000000000044,0.4206928073964289,3
NVDA,2023-08-16,2023-08-17,2023-08-18,0,-0.03036168367296821,0.22493607958532585,3
QCOM,2023-08-16,2023-08-17,2023-08-30,0,0.03523055832303812,0.2122783484595889,3
SEI,2023-08-16,2023-08-17,2023-08-22,0,-0.030000000000000138,0.5529896220499514,3
STX,2023-08-16,2023-08-17,2023-08-30,1,0.050000000000000044,0.23943839342144163,3
AAPL,2023-08-17,2023-08-18,2023-08-23,1,0.050000000000000044,0.21985190769518892,3
AXTI,2023-08-17,2023-08-18,2023-08-18,0,-0.030000000000000027,0.3925472951926099,3
DSX,2023-08-17,2023-08-18,2023-08-25,0,-0.030000000000000027,0.28060221513973393,3
KODK,2023-08-17,2023-08-18,2023-08-24,0,-0.029999999999999916,0.23722155930231142,3
MRVL,2023-08-17,2023-08-18,2023-08-22,1,0.05642355381724595,0.2790649297141021,3
MSFT,2023-08-17,2023-08-18,2023-08-24,1,0.05838020375852282,0.3111456729389268,3
NVAX,2023-08-17,2023-08-18,2023-08-18,0,-0.030000000000000027,0.4039897462315187,3
NVDA,2023-08-17,2023-08-18,2023-08-21,1,0.050000000000000044,0.2195360412431375,3
QCOM,2023-08-17,2023-08-18,2023-08-30,1,0.050000000000000044,0.20778158548990405,3
SEI,2023-08-17,2023-08-18,2023-08-23,0,-0.029999999999999916,0.5652480751690327,3
STX,2023-08-17,2023-08-18,2023-08-30,1,0.050000000000000044,0.24178268100276912,3
AAPL,2023-08-18,2023-08-21,2023-08-29,1,0.050000000000000044,0.21031581377920527,3
AXTI,2023-08-18,2023-08-21,2023-08-22,1,0.0692641081359362,0.3925472951926099,3
DSX,2023-08-18,2023-08-21,2023-08-24,0,-0.030000000000000027,0.22726624886529623,3
KODK,2023-08-18,2023-08-21,2023-08-24,0,-0.029999999999999916,0.200639294933053,3
MRVL,2023-08-18,2023-08-21,2023-08-22,1,0.05185828154454852,0.2857095213339419,3
MSFT,2023-08-18,2023-08-21,2023-09-01,0,0.0337493483391067,0.35113441912786675,3
NVAX,2023-08-18,2023-08-21,2023-08-21,0,-0.030000000000000027,0.4112134786872943,3
NVDA,2023-08-18,2023-08-21,2023-08-21,1,0.050000000000000044,0.2282855461612068,3
QCOM,2023-08-18,2023-08-21,2023-08-31,1,0.050000000000000044,0.20778158548990405,3
SEI,2023-08-18,2023-08-21,2023-08-22,0,-0.030000000000000027,0.3181607373908187,3
STX,2023-08-18,2023-08-21,2023-08-30,1,0.050000000000000044,0.28669245142223726,3
AAPL,2023-08-21,2023-08-22,2023-08-30,1,0.050000000000000044,0.2290772049553109,3
AXTI,2023-08-21,2023-08-22,2023-08-22,0,-0.030000000000000027,0.3295998451088773,3
DSX,2023-08-21,2023-08-22,2023-08-25,0,-0.030000000000000027,0.26186643761165557,3
KODK,2023-08-21,2023-08-22,2023-08-24,0,-0.030000000000000027,0.21864264904140807,3
MRVL,2023-08-21,2023-08-22,2023-08-24,1,0.051273525891572636,0.24758183598420516,3
MSFT,2023-08-21,2023-08-22,2023-09-05,0,0.024731103927832843,0.2541251822142695,3
NVAX,2023-08-21,2023-08-22,2023-08-22,1,0.050000000000000044,0.6240101125615101,3
NVDA,2023-08-21,2023-08-22,2023-08-22,0,-0.030000000000000027,0.23156041591818974,3
QCOM,2023-08-21,2023-08-22,2023-08-25,0,-0.030000000000000027,0.24882593758667357,3
SEI,2023-08-21,2023-08-22,2023-08-23,0,-0.03419594992649566,0.4527066895714487,3
STX,2023-08-21,2023-08-22,2023-08-25,0,-0.030000000000000027,0.2007731430206609,3
AAPL,2023-08-22,2023-08-23,2023-08-30,1,0.050000000000000044,0.1874457456174606,3
AXTI,2023-08-22,2023-08-23,2023-08-24,0,-0.029999999999999916,0.33753927556331215,3
DSX,2023-08-22,2023-08-23,2023-08-28,0,-0.030000000000000027,0.2747968590697198,3
KODK,2023-08-22,2023-08-23,2023-08-23,1,0.050000000000000044,0.21730167795302985,3
MRVL,2023-08-22,2023-08-23,2023-08-24,1,0.07693584481918436,0.40990454193795023,3
MSFT,2023-08-22,2023-08-23,2023-09-06,0,0.027978353747858842,0.2997366624246527,3
NVAX,2023-08-22,2023-08-23,2023-08-23,0,-0.029999999999999916,0.4364184109191425,3
NVDA,2023-08-22,2023-08-23,2023-08-24,1,0.09484143223671371,0.2832300598263866,3
QCOM,2023-08-22,2023-08-23,2023-08-31,1,0.050000000000000044,0.24298418902143645,3
SEI,2023-08-22,2023-08-23,2023-09-06,0,0.0037975347037013663,0.45573218523933356,3
STX,2023-08-22,2023-08-23,2023-08-25,0,-0.030000000000000027,0.25185132925912324,3
AAPL,2023-08-23,2023-08-24,2023-09-01,1,0.050000000000000044,0.2921934022802209,3
AXTI,2023-08-23,2023-08-24,2023-08-24,0,-0.030000000000000027,0.30684091906950434,3
DSX,2023-08-23,2023-08-24,2023-08-28,0,-0.030000000000000027,0.26186643761165557,3
KODK,2023-08-23,2023-08-24,2023-08-24,0,-0.030000000000000027,0.1557584863975045,3
MRVL,2023-08-23,2023-08-24,2023-08-24,0,-0.030000000000000027,0.3439535074512011,3
MSFT,2023-08-23,2023-08-24,2023-08-24,0,-0.030000000000000027,0.28405922837606545,3
NVAX,2023-08-23,2023-08-24,2023-08-24,0,-0.029999999999999916,0.5100076544908332,3
NVDA,2023-08-23,2023-08-24,2023-08-24,0,-0.029999999999999916,0.29564670767915796,3
QCOM,2023-08-23,2023-08-24,2023-08-24,0,-0.030000000000000027,0.2554543131283361,3
SEI,2023-08-23,2023-08-24,2023-09-07,0,-0.003939021715561153,0.4748899910080082,3
STX,2023-08-23,2023-08-24,2023-08-25,0,-0.030000000000000027,0.2257525183169812,3
AAPL,2023-08-24,2023-08-25,2023-08-30,1,0.050000000000000044,0.30750359063736626,3
AXTI,2023-08-24,2023-08-25,2023-08-28,1,0.050000000000000044,0.25066855946095745,3
DSX,2023-08-24,2023-08-25,2023-09-07,0,-0.030000000000000138,0.18835572515191853,3
KODK,2023-08-24,2023-08-25,2023-08-25,0,-0.030000000000000138,0.20441711398573223,3
MRVL,2023-08-24,2023-08-25,2023-08-25,0,-0.030000000000000027,0.40465564701246665,3
MSFT,2023-08-24,2023-08-25,2023-09-08,0,0.03981700397526322,0.24887546222690576,3
NVAX,2023-08-24,2023-08-25,2023-08-28,1,0.050000000000000044,0.47430595289780575,3
NVDA,2023-08-24,2023-08-25,2023-08-25,0,-0.030000000000000027,0.3337640589389385,3
QCOM,2023-08-24,2023-08-25,2023-08-31,1,0.050000000000000044,0.25807072044341983,3
SEI,2023-08-24,2023-08-25,2023-09-08,0,0.009602563170323153,0.45656302230608786,3
STX,2023-08-24,2023-08-25,2023-08-30,1,0.050000000000000044,0.21164444712434777,3
AAPL,2023-08-25,2023-08-28,2023-08-31,1,0.050000000000000044,0.2212306256728442,3
AXTI,2023-08-25,2023-08-28,2023-08-28,1,0.050000000000000044,0.24101677660774073,3
DSX,2023-08-25,2023-08-28,2023-09-11,0,-0.030000000000000138,0.2367233612095685,3
KODK,2023-08-25,2023-08-28,2023-08-28,0,-0.030000000000000027,0.22890324667399592,3
MRVL,2023-08-25,2023-08-28,2023-08-30,1,0.050000000000000044,0.27943217377250046,3
MSFT,2023-08-25,2023-08-28,2023-09-11,0,0.0377081120428171,0.3252817989976558,3
NVAX,2023-08-25,2023-08-28,2023-08-28,1,0.050000000000000044,0.6228866860977781,3
NVDA,2023-08-25,2023-08-28,2023-08-28,0,-0.030000000000000027,0.5139906035687224,3
QCOM,2023-08-25,2023-08-28,2023-09-05,1,0.050000000000000044,0.2623021601063102,3
SEI,2023-08-25,2023-08-28,2023-09-01,1,0.050000000000000044,0.3738500530314036,3
STX,2023-08-25,2023-08-28,2023-08-30,1,0.050000000000000044,0.2934374408418571,3
AAPL,2023-08-28,2023-08-29,2023-08-31,1,0.050000000000000044,0.25210183495160077,3
AXTI,2023-08-28,2023-08-29,2023-08-29,1,0.050000000000000044,0.21418242894761927,3
DSX,2023-08-28,2023-08-29,2023-09-12,0,-0.030000000000000027,0.23542586925979836,3
KODK,2023-08-28,2023-08-29,2023-09-05,0,-0.029999999999999916,0.34016526711362904,3
MRVL,2023-08-28,2023-08-29,2023-08-30,1,0.050000000000000044,0.27727746801573294,3
MSFT,2023-08-28,2023-08-29,2023-09-11,1,0.050000000000000044,0.2666612914883464,3
NVAX,2023-08-28,2023-08-29,2023-09-05,1,0.050000000000000044,0.6462540342417905,3
NVDA,2023-08-28,2023-08-29,2023-08-29,1,0.050000000000000044,0.4017836955221897,3
QCOM,2023-08-28,2023-08-29,2023-09-01,1,0.054282156912507595,0.24298986170032794,3
SEI,2023-08-28,2023-08-29,2023-09-12,1,0.050000000000000044,0.4035202327503347,3
STX,2023-08-28,2023-08-29,2023-08-31,1,0.050000000000000044,0.17688323157691976,3
AAPL,2023-08-29,2023-08-30,2023-09-07,0,-0.05277410539786098,0.2467388563985272,3
AXTI,2023-08-29,2023-08-30,2023-09-01,1,0.050000000000000044,0.35979401552297946,3
DSX,2023-08-29,2023-08-30,2023-09-11,0,-0.030000000000000027,0.24062260826819926,3
KODK,2023-08-29,2023-08-30,2023-09-05,0,-0.03118037274436891,0.23508612029511927,3
MRVL,2023-08-29,2023-08-30,2023-09-01,1,0.050249457340800996,0.28896377234017023,3
MSFT,2023-08-29,2023-08-30,2023-09-13,0,0.022484209431757662,0.2629053164925633,3
NVAX,2023-08-29,2023-08-30,2023-08-31,0,-0.029999999999999916,0.5585551793740625,3
NVDA,2023-08-29,2023-08-30,2023-09-06,0,-0.030000000000000027,0.267753541690581,3
QCOM,2023-08-29,2023-08-30,2023-09-07,0,-0.030000000000000027,0.25644081092443693,3
SEI,2023-08-29,2023-08-30,2023-09-05,1,0.050000000000000044,0.35079426371144035,3
STX,2023-08-29,2023-08-30,2023-08-31,1,0.050000000000000044,0.28957711141727305,3
AAPL,2023-08-30,2023-08-31,2023-09-06,0,-0.030000000000000027,0.31331299728068684,3
AXTI,2023-08-30,2023-08-31,2023-09-07,0,-0.030000000000000138,0.3840354586608511,3
DSX,2023-08-30,2023-08-31,2023-09-07,0,-0.030000000000000027,0.22514673265538718,3
KODK,2023-08-30,2023-08-31,2023-09-01,0,-0.030000000000000027,0.2320276126437313,3
MRVL,2023-08-30,2023-08-31,2023-09-07,0,-0.03662360252902919,0.3246295987168139,3
MSFT,2023-08-30,2023-08-31,2023-09-14,0,0.028857940507682756,0.2735793239477346,3
NVAX,2023-08-30,2023-08-31,2023-08-31,0,-0.029999999999999916,0.42559340650452365,3
NVDA,2023-08-30,2023-08-31,2023-09-05,0,-0.030000000000000027,0.34207155384421184,3
QCOM,2023-08-30,2023-08-31,2023-09-07,0,-0.030000000000000027,0.31519462871220694,3
SEI,2023-08-30,2023-08-31,2023-09-05,1,0.050000000000000044,0.4004782483988925,3
STX,2023-08-30,2023-08-31,2023-09-01,1,0.050000000000000044,0.3413892196310995,3
AAPL,2023-08-31,2023-09-01,2023-09-06,0,-0.030000000000000027,0.35559962658490535,3
AXTI,2023-08-31,2023-09-01,2023-09-05,0,-0.030000000000000027,0.3474387860554196,3
DSX,2023-08-31,2023-09-01,2023-09-07,0,-0.030000000000000027,0.22514673265538718,3
KODK,2023-08-31,2023-09-01,2023-09-05,0,-0.03118037274436891,0.2351396365749489,3
MRVL,2023-08-31,2023-09-01,2023-09-06,0,-0.030000000000000027,0.23900725147109367,3
MSFT,2023-08-31,2023-09-01,2023-09-15,0,-0.003289688089218812,0.2707158502329874,3
NVAX,2023-08-31,2023-09-01,2023-09-01,1,0.050000000000000044,0.5063932539098934,3
NVDA,2023-08-31,2023-09-01,2023-09-01,0,-0.030000000000000027,0.2892835266282322,3
QCOM,2023-08-31,2023-09-01,2023-09-07,0,-0.0440795469848998,0.30956121141971277,3
SEI,2023-08-31,2023-09-01,2023-09-15,0,0.02756662283839173,0.4347200466766597,3
STX,2023-08-31,2023-09-01,2023-09-07,0,-0.06195806579729579,0.2444065042735282,3
AAPL,2023-09-01,2023-09-05,2023-09-06,0,-0.030000000000000027,0.37417365012693177,3
AXTI,2023-09-01,2023-09-05,2023-09-06,0,-0.030000000000000027,0.3761989487220442,3
DSX,2023-09-01,2023-09-05,2023-09-07,0,-0.030000000000000027,0.2296528827384438,3
KODK,2023-09-01,2023-09-05,2023-09-06,0,-0.030000000000000027,0.33079461750780925,3
MRVL,2023-09-01,2023-09-05,2023-09-07,0,-0.04346321559697208,0.3223118951270347,3
MSFT,2023-09-01,2023-09-05,2023-09-18,0,0.00018244669111489031,0.2541383918220243,3
NVAX,2023-09-01,2023-09-05,2023-09-05,1,0.050000000000000044,0.5016510433227017,3
NVDA,2023-09-01,2023-09-05,2023-09-06,0,-0.030000000000000027,0.3532303690168902,3
QCOM,2023-09-01,2023-09-05,2023-09-07,0,-0.03750773731378465,0.3399174872589053,3
SEI,2023-09-01,2023-09-05,2023-09-06,0,-0.030000000000000027,0.33836804732000725,3
STX,2023-09-01,2023-09-05,2023-09-05,0,-0.029999999999999916,0.35823686835405416,3
AAPL,2023-09-05,2023-09-06,2023-09-06,0,-0.030000000000000027,0.37417365012693177,3
AXTI,2023-09-05,2023-09-06,2023-09-07,0,-0.030000000000000138,0.26809768571723985,3
DSX,2023-09-05,2023-09-06,2023-09-11,0,-0.030000000000000027,0.2683244068580288,3
KODK,2023-09-05,2023-09-06,2023-09-07,0,-0.030373857025287165,0.41103159762332253,3
MRVL,2023-09-05,2023-09-06,2023-09-07,0,-0.042634204038381474,0.3382446102313256,3
MSFT,2023-09-05,2023-09-06,2023-09-19,0,-0.014187874523587718,0.26568891935314665,3
NVAX,2023-09-05,2023-09-06,2023-09-06,1,0.050000000000000044,0.5932206759964751,3
NVDA,2023-09-05,2023-09-06,2023-09-06,0,-0.030000000000000027,0.3532707849498465,3
QCOM,2023-09-05,2023-09-06,2023-09-07,0,-0.046551683785199915,0.3106065212904971,3
SEI,2023-09-05,2023-09-06,2023-09-07,0,-0.030000000000000027,0.38130935993458787,3
STX,2023-09-05,2023-09-06,2023-09-07,0,-0.04743644200026775,0.3956978364943637,3
AAPL,2023-09-06,2023-09-07,2023-09-20,0,0.0017698287420864212,0.3398850525945948,3
AXTI,2023-09-06,2023-09-07,2023-09-07,0,-0.030000000000000027,0.2709874057633521,3
DSX,2023-09-06,2023-09-07,2023-09-12,0,-0.030000000000000027,0.25199298464479375,3
KODK,2023-09-06,2023-09-07,2023-09-11,0,-0.029999999999999916,0.37875767186324777,3
MRVL,2023-09-06,2023-09-07,2023-09-19,0,-0.030000000000000027,0.4058334358077139,3
MSFT,2023-09-06,2023-09-07,2023-09-20,0,-0.029999999999999916,0.36549560733955766,3
NVAX,2023-09-06,2023-09-07,2023-09-07,0,-0.030000000000000027,0.5534329371872543,3
NVDA,2023-09-06,2023-09-07,2023-09-15,0,-0.030000000000000027,0.39556497248131367,3
QCOM,2023-09-06,2023-09-07,2023-09-07,0,-0.030000000000000027,0.2739158534685897,3
SEI,2023-09-06,2023-09-07,2023-09-14,1,0.050000000000000044,0.40998376127032754,3
STX,2023-09-06,2023-09-07,2023-09-07,0,-0.030000000000000027,0.3891327055950205,3
AAPL,2023-09-07,2023-09-08,2023-09-21,0,-0.0247827944257466,0.23433068442414573,3
AXTI,2023-09-07,2023-09-08,2023-09-08,0,-0.029999999999999916,0.21725369729028465,3
DSX,2023-09-07,2023-09-08,2023-09-19,0,-0.030000000000000138,0.25706998168077744,3
KODK,2023-09-07,2023-09-08,2023-09-18,1,0.050000000000000044,0.4163846669648589,3
MRVL,2023-09-07,2023-09-08,2023-09-15,0,-0.030000000000000027,0.41584411930515286,3
MSFT,2023-09-07,2023-09-08,2023-09-21,0,-0.03280926313855659,0.4414175731067258,3
NVAX,2023-09-07,2023-09-08,2023-09-08,1,0.050000000000000044,0.6292860571740596,3
NVDA,2023-09-07,2023-09-08,2023-09-11,0,-0.030000000000000027,0.2938311981853801,3
QCOM,2023-09-07,2023-09-08,2023-09-11,1,0.050000000000000044,0.2744594301108524,3
SEI,2023-09-07,2023-09-08,2023-09-12,1,0.050000000000000044,0.45561949446359784,3
STX,2023-09-07,2023-09-08,2023-09-21,0,0.02876452398382212,0.2805684010157003,3
AAPL,2023-09-08,2023-09-11,2023-09-13,0,-0.030000000000000027,0.20870037537558314,3
AXTI,2023-09-08,2023-09-11,2023-09-18,0,-0.030000000000000027,0.28044766096307117,3
DSX,2023-09-08,2023-09-11,2023-09-12,0,-0.030000000000000027,0.27693535784332757,3
KODK,2023-09-08,2023-09-11,2023-09-18,1,0.050000000000000044,0.4281933242504076,3
MRVL,2023-09-08,2023-09-11,2023-09-11,0,-0.030000000000000027,0.3599254029399256,3
MSFT,2023-09-08,2023-09-11,2023-09-18,0,-0.030000000000000027,0.2886060638879631,3
NVAX,2023-09-08,2023-09-11,2023-09-11,0,-0.029999999999999916,0.6823358186691306,3
NVDA,2023-09-08,2023-09-11,2023-09-11,0,-0.030000000000000027,0.33085608224644797,3
QCOM,2023-09-08,2023-09-11,2023-09-21,0,-0.030000000000000027,0.3942874732039894,3
SEI,2023-09-08,2023-09-11,2023-09-21,0,-0.030000000000000138,0.4640170093068749,3
STX,2023-09-08,2023-09-11,2023-09-11,0,-0.030000000000000027,0.18750086489108783,3
AAPL,2023-09-11,2023-09-12,2023-09-13,0,-0.030000000000000027,0.23281688669302178,3
AXTI,2023-09-11,2023-09-12,2023-09-15,0,-0.030000000000000027,0.31723139279270857,3
DSX,2023-09-11,2023-09-12,2023-09-25,0,-8.663510941975261e-08,0.2687557874982591,3
KODK,2023-09-11,2023-09-12,2023-09-18,1,0.050000000000000044,0.3818379014385732,3
MRVL,2023-09-11,2023-09-12,2023-09-18,0,-0.03510662749265958,0.3094015227091216,3
MSFT,2023-09-11,2023-09-12,2023-09-19,0,-0.030000000000000138,0.41586791779247256,3
NVAX,2023-09-11,2023-09-12,2023-09-12,0,-0.030000000000000027,0.55967744211828,3
NVDA,2023-09-11,2023-09-12,2023-09-18,0,-0.04448120910867126,0.32711256844354886,3
QCOM,2023-09-11,2023-09-12,2023-09-15,1,0.050000000000000044,0.3170295355309678,3
SEI,2023-09-11,2023-09-12,2023-09-21,0,-0.030000000000000027,0.39443953623331873,3
STX,2023-09-11,2023-09-12,2023-09-25,0,0.016572092252372883,0.20423805834906925,3
AAPL,2023-09-12,2023-09-13,2023-09-26,0,-0.025777485709149395,0.21978089010751845,3
AXTI,2023-09-12,2023-09-13,2023-09-15,0,-0.03305791719112183,0.32952433994808983,3
DSX,2023-09-12,2023-09-13,2023-09-26,0,-0.005763664748299702,0.2687557874982591,3
KODK,2023-09-12,2023-09-13,2023-09-26,0,-0.023809502184254927,0.4501645536889525,3
MRVL,2023-09-12,2023-09-13,2023-09-18,0,-0.0330281890218872,0.3925570123294567,3
MSFT,2023-09-12,2023-09-13,2023-09-20,0,-0.030000000000000138,0.43735523390075914,3
NVAX,2023-09-12,2023-09-13,2023-09-13,0,-0.030000000000000027,0.5365738970695463,3
NVDA,2023-09-12,2023-09-13,2023-09-18,0,-0.04152458505178214,0.30276376462675536,3
QCOM,2023-09-12,2023-09-13,2023-09-21,0,-0.032263955893762186,0.2565207049222771,3
SEI,2023-09-12,2023-09-13,2023-09-18,0,-0.030000000000000027,0.24854925202267672,3
STX,2023-09-12,2023-09-13,2023-09-20,1,0.050000000000000044,0.2414805801265495,3
AAPL,2023-09-13,2023-09-14,2023-09-27,0,-0.020517359817511904,0.2389996797155099,3
AXTI,2023-09-13,2023-09-14,2023-09-27,0,-0.0042553152634362545,0.3173158763824529,3
DSX,2023-09-13,2023-09-14,2023-09-27,0,0.011494278612528941,0.2770917238910391,3
KODK,2023-09-13,2023-09-14,2023-09-18,1,0.050000000000000044,0.4216221518830862,3
MRVL,2023-09-13,2023-09-14,2023-09-15,0,-0.030000000000000027,0.27924610613301054,3
MSFT,2023-09-13,2023-09-14,2023-09-18,0,-0.033466053586928224,0.35782840495593615,3
NVAX,2023-09-13,2023-09-14,2023-09-14,1,0.050000000000000044,0.5548802436066756,3
NVDA,2023-09-13,2023-09-14,2023-09-15,0,-0.030000000000000138,0.3105574858794628,3
QCOM,2023-09-13,2023-09-14,2023-09-19,0,-0.030000000000000027,0.2899268101913646,3
SEI,2023-09-13,2023-09-14,2023-09-19,0,-0.030000000000000027,0.34367152744247376,3
STX,2023-09-13,2023-09-14,2023-09-21,1,0.050000000000000044,0.21974056227437702,3
AAPL,2023-09-14,2023-09-15,2023-09-27,0,-0.030000000000000027,0.24302366739741432,3
AXTI,2023-09-14,2023-09-15,2023-09-28,0,0.004273500354724069,0.3393701109747672,3
DSX,2023-09-14,2023-09-15,2023-09-18,0,-0.030000000000000027,0.19444574539321383,3
KODK,2023-09-14,2023-09-15,2023-09-25,0,-0.03066029354276978,0.42320174809750616,3
MRVL,2023-09-14,2023-09-15,2023-09-18,0,-0.030000000000000027,0.30372480922772344,3
MSFT,2023-09-14,2023-09-15,2023-09-18,0,-0.030000000000000138,0.24316623591419065,3
NVAX,2023-09-14,2023-09-15,2023-09-18,0,-0.030000000000000027,0.5303979037822972,3
NVDA,2023-09-14,2023-09-15,2023-09-15,0,-0.030000000000000027,0.2888361813668481,3
QCOM,2023-09-14,2023-09-15,2023-09-19,0,-0.030000000000000027,0.3209898884378052,3
SEI,2023-09-14,2023-09-15,2023-09-18,0,-0.030000000000000027,0.2841593457512135,3
STX,2023-09-14,2023-09-15,2023-09-28,0,0.03613087414351468,0.20749070110211984,3
AAPL,2023-09-15,2023-09-18,2023-09-27,0,-0.030000000000000027,0.24302366739741432,3
AXTI,2023-09-15,2023-09-18,2023-09-29,1,0.050000000000000044,0.318745182493175,3
DSX,2023-09-15,2023-09-18,2023-09-18,0,-0.030000000000000027,0.21153139780428495,3
KODK,2023-09-15,2023-09-18,2023-09-29,0,0.0023810069847565174,0.4359302198485176,3
MRVL,2023-09-15,2023-09-18,2023-09-21,0,-0.030000000000000027,0.2764790524048322,3
MSFT,2023-09-15,2023-09-18,2023-09-21,0,-0.029999999999999916,0.489381306723499,3
NVAX,2023-09-15,2023-09-18,2023-09-18,0,-0.030000000000000027,0.5008005999863148,3
NVDA,2023-09-15,2023-09-18,2023-09-21,0,-0.029999999999999916,0.2451494816831719,3
QCOM,2023-09-15,2023-09-18,2023-09-20,0,-0.030000000000000027,0.30968314830656096,3
SEI,2023-09-15,2023-09-18,2023-09-18,0,-0.030000000000000027,0.34684471412556644,3
STX,2023-09-15,2023-09-18,2023-09-22,1,0.050000000000000044,0.24493223966626804,3
AAPL,2023-09-18,2023-09-19,2023-09-26,0,-0.030000000000000027,0.18673135480933822,3
AXTI,2023-09-18,2023-09-19,2023-09-29,1,0.050000000000000044,0.32488547917954747,3
DSX,2023-09-18,2023-09-19,2023-10-02,0,0.01449271262459062,0.22477722233869502,3
KODK,2023-09-18,2023-09-19,2023-09-21,0,-0.030000000000000138,0.36140371250842745,3
MRVL,2023-09-18,2023-09-19,2023-09-20,0,-0.030000000000000027,0.28682355891740363,3
MSFT,2023-09-18,2023-09-19,2023-09-21,0,-0.030000000000000027,0.4737573368189976,3
NVAX,2023-09-18,2023-09-19,2023-09-20,0,-0.030000000000000027,0.4608797167830677,3
NVDA,2023-09-18,2023-09-19,2023-09-20,0,-0.029999999999999916,0.2532962428874737,3
QCOM,2023-09-18,2023-09-19,2023-09-21,0,-0.03761159724409202,0.32803188256313426,3
SEI,2023-09-18,2023-09-19,2023-09-20,0,-0.03367649551879537,0.37925775674581896,3
STX,2023-09-18,2023-09-19,2023-10-02,1,0.050000000000000044,0.23763605075496225,3
AAPL,2023-09-19,2023-09-20,2023-09-21,0,-0.030000000000000027,0.21730337806798433,3
AXTI,2023-09-19,2023-09-20,2023-09-29,1,0.050000000000000044,0.25395033267198003,3
DSX,2023-09-19,2023-09-20,2023-10-03,0,0.0029498496028923515,0.3423520597637142,3
KODK,2023-09-19,2023-09-20,2023-09-21,0,-0.030000000000000138,0.29284852482619816,3
MRVL,2023-09-19,2023-09-20,2023-09-21,0,-0.030000000000000027,0.26499201324280136,3
MSFT,2023-09-19,2023-09-20,2023-09-21,0,-0.031106783623904177,0.4963874686799992,3
NVAX,2023-09-19,2023-09-20,2023-09-20,0,-0.030000000000000027,0.5343909513993762,3
NVDA,2023-09-19,2023-09-20,2023-09-20,0,-0.030000000000000027,0.2726151842724397,3
QCOM,2023-09-19,2023-09-20,2023-09-21,0,-0.03364965500283568,0.24910068033495528,3
SEI,2023-09-19,2023-09-20,2023-09-27,1,0.050000000000000044,0.3522567544408273,3
STX,2023-09-19,2023-09-20,2023-10-03,0,0.012593608086285402,0.19353223314934992,3
AAPL,2023-09-20,2023-09-21,2023-09-27,0,-0.029999999999999916,0.2696557960432529,3
AXTI,2023-09-20,2023-09-21,2023-09-29,1,0.050000000000000044,0.263864669613147,3
DSX,2023-09-20,2023-09-21,2023-10-04,0,-0.02064896937159688,0.35761839159601777,3
KODK,2023-09-20,2023-09-21,2023-10-02,0,-0.030000000000000138,0.3529766117550527,3
MRVL,2023-09-20,2023-09-21,2023-09-21,0,-0.029999999999999916,0.27086214059565106,3
MSFT,2023-09-20,2023-09-21,2023-09-28,0,-0.029999999999999916,0.2984778057532866,3
NVAX,2023-09-20,2023-09-21,2023-09-21,0,-0.030000000000000027,0.43925449528780663,3
NVDA,2023-09-20,2023-09-21,2023-09-29,1,0.0539644014833387,0.29428044137820913,3
QCOM,2023-09-20,2023-09-21,2023-10-04,0,0.017318149601131205,0.3275565831848104,3
SEI,2023-09-20,2023-09-21,2023-09-21,0,-0.029999999999999916,0.36196465131571287,3
STX,2023-09-20,2023-09-21,2023-10-04,0,0.02993922965530138,0.22716193031548937,3
AAPL,2023-09-21,2023-09-22,2023-09-27,0,-0.029999999999999916,0.28153957989960987,3
AXTI,2023-09-21,2023-09-22,2023-09-26,0,-0.030000000000000027,0.2788873056285456,3
DSX,2023-09-21,2023-09-22,2023-10-05,0,-1.2769838297899128e-08,0.32597937361875334,3
KODK,2023-09-21,2023-09-22,2023-10-02,0,-0.029999999999999916,0.3939130331280571,3
MRVL,2023-09-21,2023-09-22,2023-09-29,1,0.05162524459963547,0.2707384658148492,3
MSFT,2023-09-21,2023-09-22,2023-09-26,0,-0.030000000000000027,0.2557999350952058,3
NVAX,2023-09-21,2023-09-22,2023-09-25,1,0.050000000000000044,0.49993449563937165,3
NVDA,2023-09-21,2023-09-22,2023-09-29,1,0.05424284418731151,0.23971226783824415,3
QCOM,2023-09-21,2023-09-22,2023-10-05,0,0.009469708873791616,0.33395092289577955,3
SEI,2023-09-21,2023-09-22,2023-09-27,1,0.050000000000000044,0.30408381143293806,3
STX,2023-09-21,2023-09-22,2023-09-26,0,-0.029999999999999916,0.13555264932602318,3
AAPL,2023-09-22,2023-09-25,2023-09-28,0,-0.029999999999999916,0.2861390799364373,3
AXTI,2023-09-22,2023-09-25,2023-09-29,1,0.050000000000000044,0.2748445734926794,3
DSX,2023-09-22,2023-09-25,2023-10-04,0,-0.030000000000000027,0.28419700530906206,3
KODK,2023-09-22,2023-09-25,2023-10-03,0,-0.030000000000000027,0.36574074883554836,3
MRVL,2023-09-22,2023-09-25,2023-09-28,1,0.050000000000000044,0.2609676272585132,3
MSFT,2023-09-22,2023-09-25,2023-10-06,0,0.033702956483480984,0.2498253544991583,3
NVAX,2023-09-22,2023-09-25,2023-09-25,1,0.050000000000000044,0.5387892369733078,3
NVDA,2023-09-22,2023-09-25,2023-09-29,1,0.053761525757926476,0.24023028680929148,3
QCOM,2023-09-22,2023-09-25,2023-09-29,1,0.050000000000000044,0.3013495865263107,3
SEI,2023-09-22,2023-09-25,2023-09-26,1,0.050000000000000044,0.30408381143293806,3
STX,2023-09-22,2023-09-25,2023-10-06,0,0.016153823991810867,0.21567720558733597,3
AAPL,2023-09-25,2023-09-26,2023-09-27,0,-0.029999999999999916,0.28711983711392036,3
AXTI,2023-09-25,2023-09-26,2023-09-26,0,-0.030000000000000138,0.2811289992555534,3
DSX,2023-09-25,2023-09-26,2023-10-04,0,-0.030000000000000027,0.31680837691510255,3
KODK,2023-09-25,2023-09-26,2023-10-02,0,-0.029999999999999916,0.35819010473649976,3
MRVL,2023-09-25,2023-09-26,2023-09-28,1,0.050000000000000044,0.26567175290131323,3
MSFT,2023-09-25,2023-09-26,2023-10-09,0,0.04661574109887523,0.2413648599748653,3
NVAX,2023-09-25,2023-09-26,2023-09-29,1,0.050000000000000044,0.5444268982496697,3
NVDA,2023-09-25,2023-09-26,2023-09-29,1,0.050000000000000044,0.2541673389189654,3
QCOM,2023-09-25,2023-09-26,2023-10-09,0,0.017751519130833948,0.2565207049222771,3
SEI,2023-09-25,2023-09-26,2023-09-27,1,0.050000000000000044,0.2947457493711151,3
STX,2023-09-25,2023-09-26,2023-10-09,0,0.03161986113263637,0.18571330325174637,3
AAPL,2023-09-26,2023-09-27,2023-10-10,0,0.03342608803087077,0.28639171136941893,3
AXTI,2023-09-26,2023-09-27,2023-10-04,1,0.050000000000000044,0.26806560096499327,3
DSX,2023-09-26,2023-09-27,2023-10-04,0,-0.029999999999999916,0.30749846985239987,3
KODK,2023-09-26,2023-09-27,2023-10-02,0,-0.030000000000000027,0.4277930773897927,3
MRVL,2023-09-26,2023-09-27,2023-09-28,1,0.050000000000000044,0.23499512342339318,3
MSFT,2023-09-26,2023-09-27,2023-10-06,1,0.050000000000000044,0.25164668735655293,3
NVAX,2023-09-26,2023-09-27,2023-09-29,1,0.050000000000000044,0.5013256312942956,3
NVDA,2023-09-26,2023-09-27,2023-10-02,1,0.050000000000000044,0.24023028680929148,3
QCOM,2023-09-26,2023-09-27,2023-10-10,0,0.014268844091823052,0.3102475433530607,3
SEI,2023-09-26,2023-09-27,2023-09-27,1,0.050000000000000044,0.25375548665745823,3
STX,2023-09-26,2023-09-27,2023-10-05,1,0.050000000000000044,0.22551498702309497,3
AAPL,2023-09-27,2023-09-28,2023-10-06,1,0.050000000000000044,0.293014489905071,3
AXTI,2023-09-27,2023-09-28,2023-10-04,1,0.050000000000000044,0.2748445734926794,3
DSX,2023-09-27,2023-09-28,2023-10-03,0,-0.029999999999999916,0.32223087017923185,3
KODK,2023-09-27,2023-09-28,2023-10-02,0,-0.030000000000000027,0.3258735209244877,3
MRVL,2023-09-27,2023-09-28,2023-09-29,1,0.05243015699455089,0.2391430032222,3
MSFT,2023-09-27,2023-09-28,2023-10-06,1,0.050000000000000044,0.25311189347513174,3
NVAX,2023-09-27,2023-09-28,2023-09-29,1,0.050000000000000044,0.5107187627917018,3
NVDA,2023-09-27,2023-09-28,2023-10-02,1,0.050000000000000044,0.26344672328669133,3
QCOM,2023-09-27,2023-09-28,2023-10-11,0,0.012390777402039088,0.3241832530941785,3
SEI,2023-09-27,2023-09-28,2023-09-29,0,-0.030000000000000138,0.399374766950642,3
STX,2023-09-27,2023-09-28,2023-10-05,1,0.050000000000000044,0.2293803697290468,3
AAPL,2023-09-28,2023-09-29,2023-10-12,1,0.050000000000000044,0.293014489905071,3
AXTI,2023-09-28,2023-09-29,2023-10-04,1,0.050000000000000044,0.23245893147764235,3
DSX,2023-09-28,2023-09-29,2023-10-03,0,-0.030000000000000027,0.22885556844560295,3
KODK,2023-09-28,2023-09-29,2023-10-02,0,-0.030000000000000027,0.29411177809807115,3
MRVL,2023-09-28,2023-09-29,2023-10-03,0,-0.030000000000000027,0.21726854546530466,3
MSFT,2023-09-28,2023-09-29,2023-10-12,0,0.04220301708508001,0.25311189347513174,3
NVAX,2023-09-28,2023-09-29,2023-09-29,1,0.050000000000000044,0.42503369200616925,3
NVDA,2023-09-28,2023-09-29,2023-10-10,1,0.050000000000000044,0.22259575672124973,3
QCOM,2023-09-28,2023-09-29,2023-10-06,0,-0.030000000000000027,0.3515884568828814,3
SEI,2023-09-28,2023-09-29,2023-10-02,0,-0.030000000000000138,0.3806952346734876,3
STX,2023-09-28,2023-09-29,2023-10-11,1,0.050000000000000044,0.17501090826116003,3
AAPL,2023-09-29,2023-10-02,2023-10-11,1,0.050000000000000044,0.31659764968859816,3
AXTI,2023-09-29,2023-10-02,2023-10-11,1,0.050000000000000044,0.25931781995964626,3
DSX,2023-09-29,2023-10-02,2023-10-04,0,-0.030000000000000138,0.3248225687096304,3
KODK,2023-09-29,2023-10-02,2023-10-02,0,-0.030000000000000027,0.379776562862241,3
MRVL,2023-09-29,2023-10-02,2023-10-03,0,-0.030000000000000027,0.26192210251128256,3
MSFT,2023-09-29,2023-10-02,2023-10-11,1,0.050000000000000044,0.2591467676581152,3
NVAX,2023-09-29,2023-10-02,2023-10-03,0,-0.030000000000000027,0.451854300447423,3
NVDA,2023-09-29,2023-10-02,2023-10-10,1,0.050000000000000044,0.2103928996367539,3
QCOM,2023-09-29,2023-10-02,2023-10-13,0,-0.01576092244362337,0.3218352893042568,3
SEI,2023-09-29,2023-10-02,2023-10-02,0,-0.030000000000000027,0.3289222542771704,3
STX,2023-09-29,2023-10-02,2023-10-11,1,0.050000000000000044,0.23685739616180565,3
AAPL,2023-10-02,2023-10-03,2023-10-12,1,0.050000000000000044,0.24898429480059656,3
AXTI,2023-10-02,2023-10-03,2023-10-04,1,0.050000000000000044,0.24683796850665793,3
DSX,2023-10-02,2023-10-03,2023-10-03,0,-0.030000000000000027,0.42586174354917494,3
KODK,2023-10-02,2023-10-03,2023-10-03,0,-0.030000000000000027,0.39472815416065227,3
MRVL,2023-10-02,2023-10-03,2023-10-03,0,-0.030000000000000027,0.3745041237934071,3
MSFT,2023-10-02,2023-10-03,2023-10-16,0,0.03681095193657824,0.1786859513967574,3
NVAX,2023-10-02,2023-10-03,2023-10-03,0,-0.030000000000000027,0.43162045728467213,3
NVDA,2023-10-02,2023-10-03,2023-10-03,0,-0.029999999999999916,0.294855529482034,3
QCOM,2023-10-02,2023-10-03,2023-10-16,0,-0.002707267952250403,0.2820654690180326,3
SEI,2023-10-02,2023-10-03,2023-10-04,0,-0.030000000000000027,0.3723312125544654,3
STX,2023-10-02,2023-10-03,2023-10-11,1,0.050000000000000044,0.22708873562247628,3
AAPL,2023-10-03,2023-10-04,2023-10-10,1,0.050000000000000044,0.2888765951726576,3
AXTI,2023-10-03,2023-10-04,2023-10-04,1,0.050000000000000044,0.20444413245301324,3
DSX,2023-10-03,2023-10-04,2023-10-17,0,0.023668647747169702,0.3849459759951071,3
KODK,2023-10-03,2023-10-04,2023-10-04,0,-0.030000000000000027,0.516291411046008,3
MRVL,2023-10-03,2023-10-04,2023-10-10,1,0.050000000000000044,0.4028618100008429,3
MSFT,2023-10-03,2023-10-04,2023-10-09,1,0.050000000000000044,0.24667050161115994,3
NVAX,2023-10-03,2023-10-04,2023-10-04,0,-0.030000000000000027,0.5211534310507533,3
NVDA,2023-10-03,2023-10-04,2023-10-10,1,0.050000000000000044,0.3187575331276262,3
QCOM,2023-10-03,2023-10-04,2023-10-17,0,0.012635469623411222,0.2950413145281083,3
SEI,2023-10-03,2023-10-04,2023-10-04,0,-0.029999999999999916,0.31875576768165803,3
STX,2023-10-03,2023-10-04,2023-10-11,1,0.050000000000000044,0.23689900416348114,3
AAPL,2023-10-04,2023-10-05,2023-10-18,0,0.011795624812524608,0.2560962743998177,3
AXTI,2023-10-04,2023-10-05,2023-10-09,0,-0.030000000000000027,0.3667003075504205,3
DSX,2023-10-04,2023-10-05,2023-10-10,1,0.050000000000000044,0.433544197648909,3
KODK,2023-10-04,2023-10-05,2023-10-10,1,0.050000000000000044,0.5284167517207785,3
MRVL,2023-10-04,2023-10-05,2023-10-10,1,0.050000000000000044,0.30138302755593344,3
MSFT,2023-10-04,2023-10-05,2023-10-16,1,0.050000000000000044,0.19388388361239628,3
NVAX,2023-10-04,2023-10-05,2023-10-05,0,-0.030000000000000027,0.3532738504660673,3
NVDA,2023-10-04,2023-10-05,2023-10-10,1,0.050000000000000044,0.2821714471372618,3
QCOM,2023-10-04,2023-10-05,2023-10-18,0,0.011668307018132262,0.33496197132974537,3
SEI,2023-10-04,2023-10-05,2023-10-09,1,0.052685840729265854,0.3195009975798905,3
STX,2023-10-04,2023-10-05,2023-10-11,1,0.050000000000000044,0.2064464313692047,3
AAPL,2023-10-05,2023-10-06,2023-10-19,0,0.009551288205662756,0.26157836663676404,3
AXTI,2023-10-05,2023-10-06,2023-10-09,0,-0.030000000000000027,0.3400050262888106,3
DSX,2023-10-05,2023-10-06,2023-10-19,0,-0.011764775760431334,0.36575287720584787,3
KODK,2023-10-05,2023-10-06,2023-10-10,1,0.050000000000000044,0.5656909135350625,3
MRVL,2023-10-05,2023-10-06,2023-10-06,1,0.050000000000000044,0.2939457351831306,3
MSFT,2023-10-05,2023-10-06,2023-10-11,1,0.050000000000000044,0.23012883547092872,3
NVAX,2023-10-05,2023-10-06,2023-10-06,1,0.050000000000000044,0.425550020079633,3
NVDA,2023-10-05,2023-10-06,2023-10-11,1,0.050000000000000044,0.27828525955198147,3
QCOM,2023-10-05,2023-10-06,2023-10-19,0,0.0036978962106488655,0.33496197132974537,3
SEI,2023-10-05,2023-10-06,2023-10-09,1,0.050000000000000044,0.23996783949563866,3
STX,2023-10-05,2023-10-06,2023-10-11,1,0.050000000000000044,0.2296650715789776,3
AAPL,2023-10-06,2023-10-09,2023-10-20,0,-0.022227253164873062,0.2667057543830246,4
AXTI,2023-10-06,2023-10-09,2023-10-13,0,-0.030000000000000027,0.21824464775820637,4
DSX,2023-10-06,2023-10-09,2023-10-20,0,-0.02046794527156459,0.2827810677356231,4
KODK,2023-10-06,2023-10-09,2023-10-10,1,0.050000000000000044,0.48639357596100447,4
MRVL,2023-10-06,2023-10-09,2023-10-17,0,-0.029999999999999916,0.232939112687741,4
MSFT,2023-10-06,2023-10-09,2023-10-20,0,0.005912355783255219,0.2539750443387085,4
NVAX,2023-10-06,2023-10-09,2023-10-09,0,-0.030000000000000027,0.42595633991641246,4
NVDA,2023-10-06,2023-10-09,2023-10-12,1,0.050000000000000044,0.267729986694284,4
QCOM,2023-10-06,2023-10-09,2023-10-20,0,-0.015319080966287424,0.3180357500728822,4
SEI,2023-10-06,2023-10-09,2023-10-20,0,-0.005888155860768185,0.2350965635397915,4
STX,2023-10-06,2023-10-09,2023-10-11,1,0.050000000000000044,0.220844638070953,4
AAPL,2023-10-09,2023-10-10,2023-10-20,0,-0.030000000000000027,0.2772704153211278,4
AXTI,2023-10-09,2023-10-10,2023-10-13,0,-0.030000000000000027,0.21392810961567835,4
DSX,2023-10-09,2023-10-10,2023-10-19,0,-0.030000000000000027,0.2936631475758899,4
KODK,2023-10-09,2023-10-10,2023-10-10,1,0.050000000000000044,0.5193720863077629,4
MRVL,2023-10-09,2023-10-10,2023-10-13,0,-0.030000000000000027,0.2965751066102823,4
MSFT,2023-10-09,2023-10-10,2023-10-23,0,-0.004955100101421084,0.25684804527102145,4
NVAX,2023-10-09,2023-10-10,2023-10-11,1,0.050000000000000044,0.37068027592255337,4
NVDA,2023-10-09,2023-10-10,2023-10-12,1,0.050000000000000044,0.18540963004500097,4
QCOM,2023-10-09,2023-10-10,2023-10-17,0,-0.030000000000000027,0.28083868140823387,4
SEI,2023-10-09,2023-10-10,2023-10-12,0,-0.030000000000000138,0.21189415267377187,4
STX,2023-10-09,2023-10-10,2023-10-11,1,0.050000000000000044,0.22710977806723529,4
AAPL,2023-10-10,2023-10-11,2023-10-20,0,-0.030000000000000027,0.27007648008895063,4
AXTI,2023-10-10,2023-10-11,2023-10-12,0,-0.030000000000000027,0.19864479732191762,4
DSX,2023-10-10,2023-10-11,2023-10-19,0,-0.030000000000000027,0.28029191810708487,4
KODK,2023-10-10,2023-10-11,2023-10-12,0,-0.029999999999999916,0.32433782019788016,4
MRVL,2023-10-10,2023-10-11,2023-10-13,0,-0.030000000000000027,0.25964542520068296,4
MSFT,2023-10-10,2023-10-11,2023-10-24,0,-0.0020530886783430846,0.28663205860742386,4
NVAX,2023-10-10,2023-10-11,2023-10-11,1,0.050000000000000044,0.345012201374947,4
NVDA,2023-10-10,2023-10-11,2023-10-17,0,-0.047536453897298325,0.26035767345597666,4
QCOM,2023-10-10,2023-10-11,2023-10-13,0,-0.030000000000000027,0.27188433839987236,4
SEI,2023-10-10,2023-10-11,2023-10-23,0,-0.029999999999999916,0.2217766557896882,4
STX,2023-10-10,2023-10-11,2023-10-12,1,0.050000000000000044,0.27278514497366496,4
AAPL,2023-10-11,2023-10-12,2023-10-20,0,-0.029999999999999916,0.29572028157782976,4
AXTI,2023-10-11,2023-10-12,2023-10-13,0,-0.030000000000000027,0.16722916448036163,4
DSX,2023-10-11,2023-10-12,2023-10-23,0,-0.030000000000000027,0.28029191810708487,4
KODK,2023-10-11,2023-10-12,2023-10-12,0,-0.030000000000000027,0.2966198885120659,4
MRVL,2023-10-11,2023-10-12,2023-10-13,0,-0.030000000000000027,0.24728809296294677,4
MSFT,2023-10-11,2023-10-12,2023-10-25,0,0.03055327377523409,0.2856872898956451,4
NVAX,2023-10-11,2023-10-12,2023-10-12,0,-0.030000000000000027,0.43540512721935065,4
NVDA,2023-10-11,2023-10-12,2023-10-13,0,-0.030000000000000027,0.2325485924681081,4
QCOM,2023-10-11,2023-10-12,2023-10-13,0,-0.030000000000000027,0.2763608978493293,4
SEI,2023-10-11,2023-10-12,2023-10-12,0,-0.030000000000000027,0.18864078782791033,4
STX,2023-10-11,2023-10-12,2023-10-18,0,-0.030000000000000027,0.3146770905140251,4
AAPL,2023-10-12,2023-10-13,2023-10-17,0,-0.030000000000000027,0.3116556591530613,4
AXTI,2023-10-12,2023-10-13,2023-10-13,0,-0.029999999999999916,0.24937329436940542,4
DSX,2023-10-12,2023-10-13,2023-10-23,0,-0.030000000000000027,0.3306990914371762,4
KODK,2023-10-12,2023-10-13,2023-10-20,0,-0.030303061318608937,0.41555249818550255,4
MRVL,2023-10-12,2023-10-13,2023-10-13,0,-0.030000000000000027,0.214324292914813,4
MSFT,2023-10-12,2023-10-13,2023-10-26,0,-0.013508700177277566,0.31738724748260383,4
NVAX,2023-10-12,2023-10-13,2023-10-13,0,-0.030000000000000027,0.30468606327296405,4
NVDA,2023-10-12,2023-10-13,2023-10-13,0,-0.030000000000000027,0.37909142437535226,4
QCOM,2023-10-12,2023-10-13,2023-10-17,0,-0.030000000000000027,0.2763608978493293,4
SEI,2023-10-12,2023-10-13,2023-10-20,0,-0.030000000000000027,0.26668478446171856,4
STX,2023-10-12,2023-10-13,2023-10-18,0,-0.030000000000000027,0.3363201897718684,4
AAPL,2023-10-13,2023-10-16,2023-10-23,0,-0.03304086564018072,0.25361486873292366,4
AXTI,2023-10-13,2023-10-16,2023-10-20,0,-0.030000000000000027,0.34858618382609197,4
DSX,2023-10-13,2023-10-16,2023-10-23,0,-0.030000000000000138,0.32726233625833406,4
KODK,2023-10-13,2023-10-16,2023-10-17,1,0.050000000000000044,0.41362222389056497,4
MRVL,2023-10-13,2023-10-16,2023-10-19,0,-0.030000000000000027,0.27119440914559567,4
MSFT,2023-10-13,2023-10-16,2023-10-27,0,-0.0037454656060876834,0.2445881646395346,4
NVAX,2023-10-13,2023-10-16,2023-10-16,0,-0.030000000000000027,0.46434642143112415,4
NVDA,2023-10-13,2023-10-16,2023-10-17,0,-0.030000000000000138,0.33428028529129244,4
QCOM,2023-10-13,2023-10-16,2023-10-25,0,-0.030000000000000027,0.3224864538096641,4
SEI,2023-10-13,2023-10-16,2023-10-23,0,-0.031007605690199003,0.23947929275611596,4
STX,2023-10-13,2023-10-16,2023-10-19,0,-0.030000000000000027,0.38395121032226365,4
AAPL,2023-10-16,2023-10-17,2023-10-23,0,-0.03249352440426223,0.2007642794525144,4
AXTI,2023-10-16,2023-10-17,2023-10-18,0,-0.030000000000000027,0.393006846116507,4
DSX,2023-10-16,2023-10-17,2023-10-23,0,-0.030000000000000027,0.3133489351777186,4
KODK,2023-10-16,2023-10-17,2023-10-19,0,-0.030000000000000027,0.3923479957387529,4
MRVL,2023-10-16,2023-10-17,2023-10-19,0,-0.030000000000000027,0.2679242873030957,4
MSFT,2023-10-16,2023-10-17,2023-10-25,1,0.050000000000000044,0.2772976138670706,4
NVAX,2023-10-16,2023-10-17,2023-10-18,0,-0.030000000000000027,0.4198464288625969,4
NVDA,2023-10-16,2023-10-17,2023-10-17,0,-0.030000000000000027,0.3608277435711312,4
QCOM,2023-10-16,2023-10-17,2023-10-19,1,0.050000000000000044,0.29161137481615773,4
SEI,2023-10-16,2023-10-17,2023-10-23,0,-0.030000000000000027,0.24945362757626563,4
STX,2023-10-16,2023-10-17,2023-10-20,0,-0.030000000000000027,0.3552610856515046,4
AAPL,2023-10-17,2023-10-18,2023-10-23,0,-0.030000000000000027,0.25704455262408904,4
AXTI,2023-10-17,2023-10-18,2023-10-18,0,-0.030000000000000027,0.4026727104062757,4
DSX,2023-10-17,2023-10-18,2023-10-19,0,-0.030000000000000138,0.3122058090193494,4
KODK,2023-10-17,2023-10-18,2023-10-19,0,-0.030000000000000027,0.36572193118507756,4
MRVL,2023-10-17,2023-10-18,2023-10-19,0,-0.030000000000000027,0.25823238116414887,4
MSFT,2023-10-17,2023-10-18,2023-10-31,0,0.016902778884758662,0.18825697823814277,4
NVAX,2023-10-17,2023-10-18,2023-10-19,0,-0.029999999999999916,0.493767144864546,4
NVDA,2023-10-17,2023-10-18,2023-10-20,0,-0.030000000000000027,0.3539653116922947,4
QCOM,2023-10-17,2023-10-18,2023-10-23,0,-0.030000000000000138,0.23652194857872885,4
SEI,2023-10-17,2023-10-18,2023-10-20,0,-0.030000000000000027,0.23382553334792772,4
STX,2023-10-17,2023-10-18,2023-10-20,0,-0.030000000000000027,0.327111424900932,4
AAPL,2023-10-18,2023-10-19,2023-10-23,0,-0.030000000000000027,0.3286528637236499,4
AXTI,2023-10-18,2023-10-19,2023-10-20,0,-0.029999999999999916,0.36799628308007887,4
DSX,2023-10-18,2023-10-19,2023-10-23,0,-0.030000000000000027,0.30589156043571764,4
KODK,2023-10-18,2023-10-19,2023-10-20,0,-0.030000000000000027,0.4080091281487008,4
MRVL,2023-10-18,2023-10-19,2023-10-19,0,-0.030000000000000027,0.27649678231879343,4
MSFT,2023-10-18,2023-10-19,2023-11-01,0,0.04190874713241732,0.18729547747272224,4
NVAX,2023-10-18,2023-10-19,2023-10-19,0,-0.030000000000000027,0.4628564648960574,4
NVDA,2023-10-18,2023-10-19,2023-10-20,0,-0.030000000000000027,0.40315539984267684,4
QCOM,2023-10-18,2023-10-19,2023-10-20,0,-0.030000000000000138,0.26736425403011677,4
SEI,2023-10-18,2023-10-19,2023-10-23,0,-0.030000000000000138,0.1943012207358415,4
STX,2023-10-18,2023-10-19,2023-10-20,0,-0.030000000000000027,0.3021506037672586,4
AAPL,2023-10-19,2023-10-20,2023-10-23,0,-0.029999999999999916,0.30522891379636136,4
AXTI,2023-10-19,2023-10-20,2023-10-20,0,-0.030000000000000027,0.33634462533775344,4
DSX,2023-10-19,2023-10-20,2023-10-23,0,-0.029999999999999916,0.29497697785802723,4
KODK,2023-10-19,2023-10-20,2023-10-24,1,0.050000000000000044,0.4226856661908724,4
MRVL,2023-10-19,2023-10-20,2023-10-23,0,-0.030972734953219727,0.25001193349687495,4
MSFT,2023-10-19,2023-10-20,2023-11-02,1,0.050000000000000044,0.258950417404097,4
NVAX,2023-10-19,2023-10-20,2023-10-20,1,0.050000000000000044,0.3944509270428852,4
NVDA,2023-10-19,2023-10-20,2023-10-26,0,-0.030000000000000138,0.42752938366003534,4
QCOM,2023-10-19,2023-10-20,2023-10-23,0,-0.03210195489736978,0.2564223798145001,4
SEI,2023-10-19,2023-10-20,2023-10-20,0,-0.030000000000000027,0.22419537019104552,4
STX,2023-10-19,2023-10-20,2023-10-23,0,-0.030000000000000027,0.25092289093291714,4
AAPL,2023-10-20,2023-10-23,2023-10-26,0,-0.029999999999999916,0.26579011786453627,4
AXTI,2023-10-20,2023-10-23,2023-10-24,0,-0.029999999999999916,0.29452635501571695,4
DSX,2023-10-20,2023-10-23,2023-11-01,0,-0.030000000000000027,0.2881411214614545,4
KODK,2023-10-20,2023-10-23,2023-10-26,0,-0.030000000000000027,0.3910520272808079,4
MRVL,2023-10-20,2023-10-23,2023-10-25,0,-0.030000000000000027,0.2956311156189045,4
MSFT,2023-10-20,2023-10-23,2023-10-25,1,0.060066894212033484,0.32223775241099845,4
NVAX,2023-10-20,2023-10-23,2023-10-23,0,-0.030000000000000138,0.33796901762604753,4
NVDA,2023-10-20,2023-10-23,2023-10-24,1,0.050000000000000044,0.3375593221631445,4
QCOM,2023-10-20,2023-10-23,2023-10-25,0,-0.030000000000000027,0.3078849987102952,4
SEI,2023-10-20,2023-10-23,2023-10-25,0,-0.030000000000000138,0.29082778136520593,4
STX,2023-10-20,2023-10-23,2023-10-26,0,-0.030000000000000027,0.2908463325734461,4
AAPL,2023-10-23,2023-10-24,2023-10-26,0,-0.030000000000000138,0.25837011292845813,4
AXTI,2023-10-23,2023-10-24,2023-10-24,0,-0.030000000000000027,0.3164106311677419,4
DSX,2023-10-23,2023-10-24,2023-11-06,0,-0.009230887916857111,0.3508471006495396,4
KODK,2023-10-23,2023-10-24,2023-10-25,0,-0.030000000000000027,0.42398061416651256,4
MRVL,2023-10-23,2023-10-24,2023-10-25,0,-0.030000000000000027,0.3123511177540029,4
MSFT,2023-10-23,2023-10-24,2023-11-02,1,0.050000000000000044,0.288942358641597,4
NVAX,2023-10-23,2023-10-24,2023-10-24,0,-0.030000000000000027,0.38905658715601554,4
NVDA,2023-10-23,2023-10-24,2023-10-25,0,-0.030000000000000138,0.33698256376603536,4
QCOM,2023-10-23,2023-10-24,2023-10-25,0,-0.030000000000000027,0.3552631372833924,4
SEI,2023-10-23,2023-10-24,2023-10-25,0,-0.030000000000000027,0.23650131835145116,4
STX,2023-10-23,2023-10-24,2023-10-26,0,-0.030000000000000027,0.28082298433492214,4
AAPL,2023-10-24,2023-10-25,2023-10-26,0,-0.029999999999999916,0.27466502438554535,4
AXTI,2023-10-24,2023-10-25,2023-10-25,0,-0.029999999999999916,0.32007650498435236,4
DSX,2023-10-24,2023-10-25,2023-11-01,0,-0.030000000000000027,0.2767922103627266,4
KODK,2023-10-24,2023-10-25,2023-10-25,0,-0.030000000000000027,0.3856483357486671,4
MRVL,2023-10-24,2023-10-25,2023-10-25,0,-0.030000000000000027,0.33746644569111817,4
MSFT,2023-10-24,2023-10-25,2023-10-26,0,-0.030000000000000138,0.1817903855818266,4
NVAX,2023-10-24,2023-10-25,2023-10-30,1,0.050000000000000044,0.4323967802885137,4
NVDA,2023-10-24,2023-10-25,2023-10-25,0,-0.030000000000000027,0.2938509858417296,4
QCOM,2023-10-24,2023-10-25,2023-10-25,0,-0.030000000000000027,0.3115494711461416,4
SEI,2023-10-24,2023-10-25,2023-10-26,0,-0.030000000000000027,0.23471962966920557,4
STX,2023-10-24,2023-10-25,2023-10-26,0,-0.030000000000000027,0.3032565485462761,4
AAPL,2023-10-25,2023-10-26,2023-11-06,1,0.050000000000000044,0.26772411181298444,4
AXTI,2023-10-25,2023-10-26,2023-10-30,0,-0.030000000000000027,0.3044130880078043,4
DSX,2023-10-25,2023-10-26,2023-11-01,0,-0.030000000000000027,0.3215591902554681,4
KODK,2023-10-25,2023-10-26,2023-10-27,0,-0.030000000000000138,0.4887599639401962,4
MRVL,2023-10-25,2023-10-26,2023-10-31,0,-0.029999999999999916,0.46921511049773934,4
MSFT,2023-10-25,2023-10-26,2023-10-26,0,-0.029999999999999916,0.3230518341934723,4
NVAX,2023-10-25,2023-10-26,2023-10-27,1,0.050000000000000044,0.3630465861360432,4
NVDA,2023-10-25,2023-10-26,2023-10-26,0,-0.030000000000000027,0.34641809577145855,4
QCOM,2023-10-25,2023-10-26,2023-11-01,1,0.050000000000000044,0.3616974775247974,4
SEI,2023-10-25,2023-10-26,2023-10-26,0,-0.030000000000000138,0.25951926743967824,4
STX,2023-10-25,2023-10-26,2023-10-26,0,-0.030000000000000027,0.2680788717603217,4
AAPL,2023-10-26,2023-10-27,2023-11-02,1,0.0515846077762494,0.2981462202895929,4
AXTI,2023-10-26,2023-10-27,2023-10-30,0,-0.029999999999999916,0.3279840696440559,4
DSX,2023-10-26,2023-10-27,2023-11-01,0,-0.029999999999999916,0.30350410451676385,4
KODK,2023-10-26,2023-10-27,2023-10-27,0,-0.030000000000000027,0.4257024915253461,4
MRVL,2023-10-26,2023-10-27,2023-11-03,1,0.050000000000000044,0.5437127957556134,4
MSFT,2023-10-26,2023-10-27,2023-11-01,1,0.050000000000000044,0.30438507076999344,4
NVAX,2023-10-26,2023-10-27,2023-10-27,0,-0.030000000000000027,0.37718943488592604,4
NVDA,2023-10-26,2023-10-27,2023-10-31,0,-0.030000000000000027,0.27352578421476287,4
QCOM,2023-10-26,2023-10-27,2023-11-02,1,0.10355465712953094,0.33479216709161436,4
SEI,2023-10-26,2023-10-27,2023-10-27,0,-0.030000000000000027,0.25542607173835397,4
STX,2023-10-26,2023-10-27,2023-11-01,1,0.050000000000000044,0.30069550070937157,4
AAPL,2023-10-27,2023-10-30,2023-11-02,1,0.050000000000000044,0.24095558936402006,4
AXTI,2023-10-27,2023-10-30,2023-10-30,0,-0.029999999999999916,0.415988206439685,4
DSX,2023-10-27,2023-10-30,2023-11-08,0,-0.030000000000000027,0.31694881926776886,4
KODK,2023-10-27,2023-10-30,2023-10-30,0,-0.030000000000000027,0.5363062482159643,4
MRVL,2023-10-27,2023-10-30,2023-11-03,1,0.05113508078335527,0.5202795584703934,4
MSFT,2023-10-27,2023-10-30,2023-11-03,1,0.050000000000000044,0.29266245794882806,4
NVAX,2023-10-27,2023-10-30,2023-10-30,1,0.050000000000000044,0.39508317341737165,4
NVDA,2023-10-27,2023-10-30,2023-10-31,0,-0.030000000000000027,0.30630780697108156,4
QCOM,2023-10-27,2023-10-30,2023-11-02,1,0.10551971221331713,0.36165754640940334,4
SEI,2023-10-27,2023-10-30,2023-11-03,1,0.050000000000000044,0.31961283833488974,4
STX,2023-10-27,2023-10-30,2023-11-02,1,0.050000000000000044,0.2741054772419972,4
AAPL,2023-10-30,2023-10-31,2023-11-06,1,0.050000000000000044,0.2409607631724748,4
AXTI,2023-10-30,2023-10-31,2023-11-01,0,-0.030000000000000027,0.4005262243380879,4
DSX,2023-10-30,2023-10-31,2023-11-08,0,-0.030000000000000138,0.35232616506255743,4
KODK,2023-10-30,2023-10-31,2023-11-01,0,-0.030000000000000027,0.5194099731702903,4
MRVL,2023-10-30,2023-10-31,2023-11-02,1,0.050000000000000044,0.5283816161210053,4
MSFT,2023-10-30,2023-10-31,2023-11-06,1,0.050000000000000044,0.25781069800880224,4
NVAX,2023-10-30,2023-10-31,2023-10-31,1,0.050000000000000044,0.4145019844794932,4
NVDA,2023-10-30,2023-10-31,2023-10-31,0,-0.030000000000000027,0.3071102918214307,4
QCOM,2023-10-30,2023-10-31,2023-11-02,1,0.08928893036006613,0.3564219222772063,4
SEI,2023-10-30,2023-10-31,2023-11-03,1,0.050000000000000044,0.30783944381304873,4
STX,2023-10-30,2023-10-31,2023-11-01,1,0.050000000000000044,0.2050683212667708,4
AAPL,2023-10-31,2023-11-01,2023-11-07,1,0.050000000000000044,0.23285711735439238,4
AXTI,2023-10-31,2023-11-01,2023-11-01,0,-0.030000000000000027,0.4336824152166917,4
DSX,2023-10-31,2023-11-01,2023-11-08,0,-0.030000000000000027,0.35232616506255743,4
KODK,2023-10-31,2023-11-01,2023-11-01,0,-0.030000000000000027,0.4595049775818359,4
MRVL,2023-10-31,2023-11-01,2023-11-03,1,0.05292243376483263,0.47425655773853703,4
MSFT,2023-10-31,2023-11-01,2023-11-06,1,0.050000000000000044,0.24303573497516642,4
NVAX,2023-10-31,2023-11-01,2023-11-01,1,0.050000000000000044,0.3187587913488879,4
NVDA,2023-10-31,2023-11-01,2023-11-02,1,0.05977888409969179,0.31688567901672005,4
QCOM,2023-10-31,2023-11-01,2023-11-02,1,0.08060827720049724,0.31508878085484643,4
SEI,2023-10-31,2023-11-01,2023-11-01,0,-0.030000000000000138,0.25171234952550675,4
STX,2023-10-31,2023-11-01,2023-11-02,1,0.052323574620108726,0.2627449080615623,4
AAPL,2023-11-01,2023-11-02,2023-11-10,1,0.050000000000000044,0.23464340616734797,4
AXTI,2023-11-01,2023-11-02,2023-11-02,1,0.050000000000000044,0.4171336240186371,4
DSX,2023-11-01,2023-11-02,2023-11-08,0,-0.030000000000000027,0.4303031237619064,4
KODK,2023-11-01,2023-11-02,2023-11-03,1,0.05405406624492359,0.4746160574607067,4
MRVL,2023-11-01,2023-11-02,2023-11-03,1,0.050000000000000044,0.36982405718838773,4
MSFT,2023-11-01,2023-11-02,2023-11-09,1,0.050000000000000044,0.294404116659717,4
NVAX,2023-11-01,2023-11-02,2023-11-03,1,0.050000000000000044,0.40895590079594396,4
NVDA,2023-11-01,2023-11-02,2023-11-06,1,0.050000000000000044,0.27609819361641563,4
QCOM,2023-11-01,2023-11-02,2023-11-10,1,0.050000000000000044,0.31730284789751945,4
SEI,2023-11-01,2023-11-02,2023-11-07,0,-0.029999999999999916,0.3095369516942153,4
STX,2023-11-01,2023-11-02,2023-11-15,0,0.03541686438827041,0.33560952967642566,4
AAPL,2023-11-02,2023-11-03,2023-11-08,1,0.050000000000000044,0.3119304746245942,4
AXTI,2023-11-02,2023-11-03,2023-11-03,1,0.050000000000000044,0.39915037159892286,4
DSX,2023-11-02,2023-11-03,2023-11-06,0,-0.030000000000000027,0.4035907107827015,4
KODK,2023-11-02,2023-11-03,2023-11-06,0,-0.030000000000000027,0.5079344882959781,4
MRVL,2023-11-02,2023-11-03,2023-11-06,1,0.050000000000000044,0.33962800412420274,4
MSFT,2023-11-02,2023-11-03,2023-11-10,1,0.050000000000000044,0.3482813305230013,4
NVAX,2023-11-02,2023-11-03,2023-11-03,0,-0.030000000000000027,0.3327192238467413,4
NVDA,2023-11-02,2023-11-03,2023-11-08,1,0.050000000000000044,0.37182344625361347,4
QCOM,2023-11-02,2023-11-03,2023-11-10,1,0.050000000000000044,0.37246360449573257,4
SEI,2023-11-02,2023-11-03,2023-11-06,0,-0.029999999999999916,0.2772789074711982,4
STX,2023-11-02,2023-11-03,2023-11-07,0,-0.029999999999999916,0.35214318892398533,4
AAPL,2023-11-03,2023-11-06,2023-11-10,1,0.050000000000000044,0.28122330410648566,4
AXTI,2023-11-03,2023-11-06,2023-11-07,0,-0.029999999999999916,0.5466509843354397,4
DSX,2023-11-03,2023-11-06,2023-11-08,0,-0.030000000000000027,0.3362443995839694,4
KODK,2023-11-03,2023-11-06,2023-11-06,0,-0.030000000000000027,0.35792856181848703,4
MRVL,2023-11-03,2023-11-06,2023-11-09,1,0.050000000000000044,0.3490381380225883,4
MSFT,2023-11-03,2023-11-06,2023-11-14,1,0.050000000000000044,0.35742596352625555,4
NVAX,2023-11-03,2023-11-06,2023-11-06,0,-0.030000000000000027,0.26941455520179003,4
NVDA,2023-11-03,2023-11-06,2023-11-09,1,0.050000000000000044,0.41713483894136727,4
QCOM,2023-11-03,2023-11-06,2023-11-14,1,0.06116652981134707,0.45075067311668576,4
SEI,2023-11-03,2023-11-06,2023-11-06,0,-0.030000000000000138,0.26092539136706366,4
STX,2023-11-03,2023-11-06,2023-11-16,1,0.050000000000000044,0.3429434116730967,4
AAPL,2023-11-06,2023-11-07,2023-11-14,1,0.050000000000000044,0.2724938332223372,4
AXTI,2023-11-06,2023-11-07,2023-11-07,0,-0.029999999999999916,0.4537610031651697,4
DSX,2023-11-06,2023-11-07,2023-11-08,0,-0.030000000000000138,0.42158925685753795,4
KODK,2023-11-06,2023-11-07,2023-11-08,0,-0.030000000000000027,0.32183911168373924,4
MRVL,2023-11-06,2023-11-07,2023-11-09,1,0.050000000000000044,0.35952011093934816,4
MSFT,2023-11-06,2023-11-07,2023-11-20,1,0.050000000000000044,0.3670254527389807,4
NVAX,2023-11-06,2023-11-07,2023-11-09,1,0.050000000000000044,0.25890572859582345,4
NVDA,2023-11-06,2023-11-07,2023-11-09,1,0.050000000000000044,0.4013409707884973,4
QCOM,2023-11-06,2023-11-07,2023-11-14,1,0.062494748197832184,0.4196118135636312,4
SEI,2023-11-06,2023-11-07,2023-11-07,0,-0.030000000000000027,0.2704218805357743,4
STX,2023-11-06,2023-11-07,2023-11-14,1,0.050000000000000044,0.31926455281156274,4
AAPL,2023-11-07,2023-11-08,2023-11-20,1,0.050000000000000044,0.30266629701555003,4
AXTI,2023-11-07,2023-11-08,2023-11-08,0,-0.030000000000000027,0.2946150952909053,4
DSX,2023-11-07,2023-11-08,2023-11-08,0,-0.030000000000000027,0.44484211089541,4
KODK,2023-11-07,2023-11-08,2023-11-09,0,-0.030000000000000027,0.46288802997511913,4
MRVL,2023-11-07,2023-11-08,2023-11-09,1,0.050000000000000044,0.3746250617117013,4
MSFT,2023-11-07,2023-11-08,2023-11-21,0,0.033585404190620505,0.5292107369962417,4
NVAX,2023-11-07,2023-11-08,2023-11-08,0,-0.029999999999999916,0.26974990158882794,4
NVDA,2023-11-07,2023-11-08,2023-11-10,1,0.050000000000000044,0.38005127471018285,4
QCOM,2023-11-07,2023-11-08,2023-11-14,1,0.050000000000000044,0.4364689019934117,4
SEI,2023-11-07,2023-11-08,2023-11-14,1,0.050000000000000044,0.30895858958836636,4
STX,2023-11-07,2023-11-08,2023-11-14,1,0.050000000000000044,0.3110956874295178,4
AAPL,2023-11-08,2023-11-09,2023-11-20,1,0.050000000000000044,0.33861725158488626,4
AXTI,2023-11-08,2023-11-09,2023-11-10,0,-0.029999999999999916,0.4576234868695962,4
DSX,2023-11-08,2023-11-09,2023-11-15,1,0.050000000000000044,0.42004501531200567,4
KODK,2023-11-08,2023-11-09,2023-11-09,0,-0.030000000000000027,0.4693877755710431,4
MRVL,2023-11-08,2023-11-09,2023-11-09,1,0.050000000000000044,0.35671116752419674,4
MSFT,2023-11-08,2023-11-09,2023-11-22,1,0.050000000000000044,0.4831029842922028,4
NVAX,2023-11-08,2023-11-09,2023-11-09,0,-0.030000000000000027,0.26985949863973197,4
NVDA,2023-11-08,2023-11-09,2023-11-15,1,0.05199404996109558,0.4556263005080416,4
QCOM,2023-11-08,2023-11-09,2023-11-14,1,0.051353916345538764,0.3720790628600461,4
SEI,2023-11-08,2023-11-09,2023-11-14,1,0.050000000000000044,0.3284322873949557,4
STX,2023-11-08,2023-11-09,2023-11-16,1,0.050000000000000044,0.3365515550381995,4
AAPL,2023-11-09,2023-11-10,2023-11-24,0,0.03261410235177853,0.31176092046084797,4
AXTI,2023-11-09,2023-11-10,2023-11-10,0,-0.030000000000000027,0.5370080807576624,4
DSX,2023-11-09,2023-11-10,2023-11-15,1,0.050000000000000044,0.3640665749541959,4
KODK,2023-11-09,2023-11-10,2023-11-10,0,-0.030000000000000138,0.5034988533251359,4
MRVL,2023-11-09,2023-11-10,2023-11-14,1,0.050000000000000044,0.3880560727364342,4
MSFT,2023-11-09,2023-11-10,2023-11-20,1,0.050000000000000044,0.31575649232987263,4
NVAX,2023-11-09,2023-11-10,2023-11-10,0,-0.030000000000000027,0.31899465124551607,4
NVDA,2023-11-09,2023-11-10,2023-11-15,1,0.05126315961118677,0.43914909219580794,4
QCOM,2023-11-09,2023-11-10,2023-11-14,1,0.050000000000000044,0.319760969900343,4
SEI,2023-11-09,2023-11-10,2023-11-14,1,0.050000000000000044,0.38722941929643184,4
STX,2023-11-09,2023-11-10,2023-11-17,1,0.050000000000000044,0.2959177788598048,4
AAPL,2023-11-10,2023-11-13,2023-11-27,0,0.02136442579746123,0.3733574626627066,4
AXTI,2023-11-10,2023-11-13,2023-11-14,1,0.050000000000000044,0.34398878224065466,4
DSX,2023-11-10,2023-11-13,2023-11-15,1,0.050000000000000044,0.4070716161043618,4
KODK,2023-11-10,2023-11-13,2023-11-13,0,-0.030000000000000027,0.4355606539144856,4
MRVL,2023-11-10,2023-11-13,2023-11-14,1,0.050000000000000044,0.42718429254754076,4
MSFT,2023-11-10,2023-11-13,2023-11-27,0,0.030303819216776162,0.46288198256589735,4
NVAX,2023-11-10,2023-11-13,2023-11-16,0,-0.030000000000000027,0.41384517948219013,4
NVDA,2023-11-10,2023-11-13,2023-11-27,0,-0.001614304000307376,0.32793073279454815,4
QCOM,2023-11-10,2023-11-13,2023-11-16,1,0.050000000000000044,0.393592089144961,4
SEI,2023-11-10,2023-11-13,2023-11-14,1,0.050000000000000044,0.3487762358290033,4
STX,2023-11-10,2023-11-13,2023-11-17,1,0.0503039308993265,0.28112028433644537,4
AAPL,2023-11-13,2023-11-14,2023-11-28,0,0.014384680557745222,0.33042436680073134,4
AXTI,2023-11-13,2023-11-14,2023-11-15,1,0.050000000000000044,0.4490727079871411,4
DSX,2023-11-13,2023-11-14,2023-11-15,1,0.050000000000000044,0.49818137184087596,4
KODK,2023-11-13,2023-11-14,2023-11-15,1,0.050000000000000044,0.5129985797194986,4
MRVL,2023-11-13,2023-11-14,2023-11-16,0,-0.030000000000000027,0.33251859206665646,4
MSFT,2023-11-13,2023-11-14,2023-11-28,0,0.033602147259901516,0.376681377756091,4
NVAX,2023-11-13,2023-11-14,2023-11-14,0,-0.029999999999999916,0.4362163762745738,4
NVDA,2023-11-13,2023-11-14,2023-11-22,0,-0.030000000000000027,0.37156409514389843,4
QCOM,2023-11-13,2023-11-14,2023-11-28,0,-0.005889583961226741,0.37319912359038127,4
SEI,2023-11-13,2023-11-14,2023-11-16,0,-0.030000000000000138,0.2982582875570969,4
STX,2023-11-13,2023-11-14,2023-11-20,1,0.050000000000000044,0.2712935145623181,4
AAPL,2023-11-14,2023-11-15,2023-11-29,0,0.008091383070484293,0.3668022520121797,4
AXTI,2023-11-14,2023-11-15,2023-11-16,0,-0.030000000000000027,0.42082407860430826,4
DSX,2023-11-14,2023-11-15,2023-11-15,1,0.050000000000000044,0.39920465281872985,4
KODK,2023-11-14,2023-11-15,2023-11-16,0,-0.030000000000000027,0.4216428283133455,4
MRVL,2023-11-14,2023-11-15,2023-11-16,0,-0.03798582048306032,0.5880261451988815,4
MSFT,2023-11-14,2023-11-15,2023-11-29,0,0.02038883129021185,0.4227391377935802,4
NVAX,2023-11-14,2023-11-15,2023-11-16,0,-0.03317536187646952,0.45371749024229363,4
NVDA,2023-11-14,2023-11-15,2023-11-15,0,-0.030000000000000027,0.30035925918310247,4
QCOM,2023-11-14,2023-11-15,2023-11-29,0,0.006281366139679445,0.29437529239585625,4
SEI,2023-11-14,2023-11-15,2023-11-15,0,-0.030000000000000027,0.3392957468205434,4
STX,2023-11-14,2023-11-15,2023-11-29,1,0.050000000000000044,0.4085868505473883,4
AAPL,2023-11-15,2023-11-16,2023-11-30,0,0.002004680716960472,0.3539706685319728,4
AXTI,2023-11-15,2023-11-16,2023-11-16,0,-0.030000000000000027,0.3775509915889642,4
DSX,2023-11-15,2023-11-16,2023-11-17,1,0.050000000000000044,0.4121831743646273,4
KODK,2023-11-15,2023-11-16,2023-11-16,0,-0.030000000000000027,0.3079591748806145,4
MRVL,2023-11-15,2023-11-16,2023-11-16,0,-0.030000000000000027,0.4715322074253183,4
MSFT,2023-11-15,2023-11-16,2023-11-30,0,0.021430974301059447,0.32005122215499066,4
NVAX,2023-11-15,2023-11-16,2023-11-16,0,-0.029999999999999916,0.45925763145237003,4
NVDA,2023-11-15,2023-11-16,2023-11-30,0,-0.030000000000000027,0.29748577550957767,4
QCOM,2023-11-15,2023-11-16,2023-11-30,0,0.006048153637745912,0.2771749554858369,4
SEI,2023-11-15,2023-11-16,2023-11-16,0,-0.030000000000000027,0.2726073829203205,4
STX,2023-11-15,2023-11-16,2023-11-27,1,0.050000000000000044,0.35787728038236516,4
AAPL,2023-11-16,2023-11-17,2023-12-01,0,0.005203586850567321,0.3979637727629043,4
AXTI,2023-11-16,2023-11-17,2023-11-22,0,-0.030000000000000027,0.4453125999264063,4
DSX,2023-11-16,2023-11-17,2023-11-24,0,-0.049275367333120546,0.33713725569975916,4
KODK,2023-11-16,2023-11-17,2023-11-30,0,-0.030000000000000027,0.38450205131730447,4
MRVL,2023-11-16,2023-11-17,2023-12-01,0,-0.04533819469912481,0.25759682528518807,4
MSFT,2023-11-16,2023-11-17,2023-12-01,0,0.0024091433975721444,0.26398290513674594,4
NVAX,2023-11-16,2023-11-17,2023-11-20,0,-0.030000000000000027,0.3956113030393986,4
NVDA,2023-11-16,2023-11-17,2023-11-22,0,-0.029999999999999916,0.29730285864253303,4
QCOM,2023-11-16,2023-11-17,2023-12-01,0,0.009239523762372137,0.28977184116615146,4
SEI,2023-11-16,2023-11-17,2023-11-28,0,-0.030000000000000027,0.39674736409926115,4
STX,2023-11-16,2023-11-17,2023-12-01,0,0.041842278347170136,0.35060559458621765,4
AAPL,2023-11-17,2023-11-20,2023-12-04,0,-0.002422533740167987,0.3617126044155641,4
AXTI,2023-11-17,2023-11-20,2023-11-22,0,-0.030000000000000027,0.4190298515163684,4
DSX,2023-11-17,2023-11-20,2023-11-24,0,-0.06285708016800062,0.40974999320996225,4
KODK,2023-11-17,2023-11-20,2023-11-29,1,0.050000000000000044,0.4809054412572948,4
MRVL,2023-11-17,2023-11-20,2023-12-01,0,-0.05909910840735089,0.35783000779277385,4
MSFT,2023-11-17,2023-11-20,2023-12-04,0,-0.005602936642617684,0.23068631766497952,4
NVAX,2023-11-17,2023-11-20,2023-11-20,0,-0.030000000000000027,0.38504246995213026,4
NVDA,2023-11-17,2023-11-20,2023-11-22,0,-0.030000000000000027,0.2938129275412059,4
QCOM,2023-11-17,2023-11-20,2023-12-04,0,0.010325056427186174,0.2400750954131479,4
SEI,2023-11-17,2023-11-20,2023-11-22,0,-0.030000000000000027,0.3021524668877885,4
STX,2023-11-17,2023-11-20,2023-12-04,0,0.03571396615091493,0.3430392151171055,4
AAPL,2023-11-20,2023-11-21,2023-12-05,0,0.010501024215229249,0.4228948314147933,4
AXTI,2023-11-20,2023-11-21,2023-11-21,0,-0.030000000000000027,0.4029697095576897,4
DSX,2023-11-20,2023-11-21,2023-11-24,0,-0.05747122399210225,0.3107119661046316,4
KODK,2023-11-20,2023-11-21,2023-11-30,0,-0.030000000000000027,0.3843048952376343,4
MRVL,2023-11-20,2023-11-21,2023-12-01,0,-0.06197226241715159,0.3686543265160287,4
MSFT,2023-11-20,2023-11-21,2023-12-04,0,-0.029999999999999916,0.17026686767367027,4
NVAX,2023-11-20,2023-11-21,2023-11-21,0,-0.030000000000000027,0.38504246995213026,4
NVDA,2023-11-20,2023-11-21,2023-11-22,0,-0.030000000000000027,0.36422935553032687,4
QCOM,2023-11-20,2023-11-21,2023-12-05,0,0.03697338415776574,0.2630693969740572,4
SEI,2023-11-20,2023-11-21,2023-12-05,0,-0.024529395534012233,0.29618551637508944,4
STX,2023-11-20,2023-11-21,2023-12-05,0,0.0020832972300315333,0.4986513781456625,4
AAPL,2023-11-21,2023-11-22,2023-12-06,0,0.004334299428337296,0.40806680283799524,4
AXTI,2023-11-21,2023-11-22,2023-11-28,1,0.050000000000000044,0.5052900637612325,4
DSX,2023-11-21,2023-11-22,2023-11-24,0,-0.04927533842856879,0.38249826720784014,4
KODK,2023-11-21,2023-11-22,2023-11-24,1,0.050000000000000044,0.3960978627492584,4
MRVL,2023-11-21,2023-11-22,2023-12-01,0,-0.051924467655684814,0.2838859582510921,4
MSFT,2023-11-21,2023-11-22,2023-12-04,0,-0.030000000000000027,0.19098239592206376,4
NVAX,2023-11-21,2023-11-22,2023-11-24,1,0.050000000000000044,0.38577638031119293,4
NVDA,2023-11-21,2023-11-22,2023-11-22,0,-0.030000000000000138,0.28587036351111,4
QCOM,2023-11-21,2023-11-22,2023-12-06,0,0.022648723405723548,0.20639675192308468,4
SEI,2023-11-21,2023-11-22,2023-12-06,0,-0.030000000000000027,0.33450237680979306,4
STX,2023-11-21,2023-11-22,2023-12-06,0,0.022336049520054635,0.32618572594386036,4
AAPL,2023-11-22,2023-11-24,2023-12-07,0,0.017813323214844745,0.3290486231555906,4
AXTI,2023-11-22,2023-11-24,2023-11-29,1,0.050000000000000044,0.4300466205519791,4
DSX,2023-11-22,2023-11-24,2023-11-24,1,0.050000000000000044,0.36960620634900887,4
KODK,2023-11-22,2023-11-24,2023-11-29,1,0.050000000000000044,0.37119315204952696,4
MRVL,2023-11-22,2023-11-24,2023-12-01,0,-0.059099080338310905,0.27595528580497836,4
MSFT,2023-11-22,2023-11-24,2023-12-04,0,-0.030000000000000027,0.17026686767367027,4
NVAX,2023-11-22,2023-11-24,2023-11-24,1,0.050000000000000044,0.3952959808214314,4
NVDA,2023-11-22,2023-11-24,2023-11-30,0,-0.030000000000000027,0.30736672649993213,4
QCOM,2023-11-22,2023-11-24,2023-12-07,0,0.043324350821428714,0.19860592288654025,4
SEI,2023-11-22,2023-11-24,2023-11-28,0,-0.030000000000000027,0.31765735681138163,4
STX,2023-11-22,2023-11-24,2023-12-07,1,0.050000000000000044,0.33513410934857,4
AAPL,2023-11-24,2023-11-27,2023-12-08,0,0.030486736358885658,0.30556974889522304,4
AXTI,2023-11-24,2023-11-27,2023-11-27,1,0.050000000000000044,0.3154278359223805,4
DSX,2023-11-24,2023-11-27,2023-12-04,1,0.050000000000000044,0.3369860084657709,4
KODK,2023-11-24,2023-11-27,2023-11-28,0,-0.030000000000000027,0.4336413691261371,4
MRVL,2023-11-24,2023-11-27,2023-12-01,0,-0.060960218378420694,0.3034921362252831,4
MSFT,2023-11-24,2023-11-27,2023-12-04,0,-0.030000000000000027,0.10580646626685689,4
NVAX,2023-11-24,2023-11-27,2023-11-27,0,-0.030000000000000138,0.3772884624554555,4
NVDA,2023-11-24,2023-11-27,2023-12-01,0,-0.030000000000000027,0.30371423953186205,4
QCOM,2023-11-24,2023-11-27,2023-12-07,1,0.050000000000000044,0.1498693212755226,4
SEI,2023-11-24,2023-11-27,2023-11-28,0,-0.030000000000000027,0.30805420122561944,4
STX,2023-11-24,2023-11-27,2023-12-08,1,0.050000000000000044,0.3814600071679715,4
AAPL,2023-11-27,2023-11-28,2023-12-11,0,0.017915319085915593,0.288731290767068,4
AXTI,2023-11-27,2023-11-28,2023-11-29,1,0.050000000000000044,0.32701186696585566,4
DSX,2023-11-27,2023-11-28,2023-12-05,0,-0.030000000000000027,0.37472263952531054,4
KODK,2023-11-27,2023-11-28,2023-11-30,0,-0.030000000000000027,0.31690371602485207,4
MRVL,2023-11-27,2023-11-28,2023-12-01,0,-0.06365427560190118,0.26058741803919905,4
MSFT,2023-11-27,2023-11-28,2023-12-04,0,-0.030000000000000027,0.12774190512576195,4
NVAX,2023-11-27,2023-11-28,2023-11-28,1,0.050000000000000044,0.3905403770716603,4
NVDA,2023-11-27,2023-11-28,2023-11-30,0,-0.030000000000000027,0.30191386729700637,4
QCOM,2023-11-27,2023-11-28,2023-12-07,1,0.050000000000000044,0.0864084623455841,4
SEI,2023-11-27,2023-11-28,2023-12-06,0,-0.030000000000000027,0.39333834113495947,4
STX,2023-11-27,2023-11-28,2023-12-11,1,0.052221521009281346,0.34337355659552604,4
AAPL,2023-11-28,2023-11-29,2023-12-12,0,0.019958019045879904,0.32315783782531093,4
AXTI,2023-11-28,2023-11-29,2023-11-30,0,-0.030000000000000027,0.27899493877165626,4
DSX,2023-11-28,2023-11-29,2023-12-05,0,-0.030000000000000027,0.2761028693985383,4
KODK,2023-11-28,2023-11-29,2023-11-30,0,-0.030000000000000027,0.3547030813917049,4
MRVL,2023-11-28,2023-11-29,2023-12-01,0,-0.07558872829740748,0.18689829518596596,4
MSFT,2023-11-28,2023-11-29,2023-12-01,0,-0.030000000000000027,0.11176717535352391,4
NVAX,2023-11-28,2023-11-29,2023-11-29,0,-0.030000000000000027,0.3473266735624551,4
NVDA,2023-11-28,2023-11-29,2023-11-30,0,-0.030000000000000138,0.3140096743288417,4
QCOM,2023-11-28,2023-11-29,2023-12-11,1,0.050000000000000044,0.19991238809789025,4
SEI,2023-11-28,2023-11-29,2023-12-06,0,-0.030000000000000027,0.428442326113162,4
STX,2023-11-28,2023-11-29,2023-12-11,1,0.050000000000000044,0.35043025621582613,4
AAPL,2023-11-29,2023-11-30,2023-12-13,0,0.04277273657389968,0.24032869984666266,4
AXTI,2023-11-29,2023-11-30,2023-11-30,0,-0.029999999999999916,0.22250902343672127,4
DSX,2023-11-29,2023-11-30,2023-12-05,0,-0.030000000000000027,0.21100311532034946,4
KODK,2023-11-29,2023-11-30,2023-11-30,0,-0.030000000000000027,0.37433063678844297,4
MRVL,2023-11-29,2023-11-30,2023-12-01,0,-0.0791747737447136,0.2700099038615971,4
MSFT,2023-11-29,2023-11-30,2023-12-04,0,-0.030000000000000027,0.12197441256573696,4
NVAX,2023-11-29,2023-11-30,2023-11-30,0,-0.030000000000000138,0.3892142909234381,4
NVDA,2023-11-29,2023-11-30,2023-11-30,0,-0.030000000000000138,0.3381219353470566,4
QCOM,2023-11-29,2023-11-30,2023-12-11,1,0.050000000000000044,0.18571622866754503,4
SEI,2023-11-29,2023-11-30,2023-12-05,0,-0.030000000000000027,0.3721591475923747,4
STX,2023-11-29,2023-11-30,2023-12-11,1,0.050000000000000044,0.3834095951741091,4
AAPL,2023-11-30,2023-12-01,2023-12-14,0,0.04087635994205119,0.26071445105800345,4
AXTI,2023-11-30,2023-12-01,2023-12-07,1,0.050000000000000044,0.3045497317023005,4
DSX,2023-11-30,2023-12-01,2023-12-05,0,-0.030000000000000027,0.23592879211978737,4
KODK,2023-11-30,2023-12-01,2023-12-06,1,0.050000000000000044,0.40314248782871787,4
MRVL,2023-11-30,2023-12-01,2023-12-01,0,-0.029999999999999916,0.20102257405654347,4
MSFT,2023-11-30,2023-12-01,2023-12-04,0,-0.030000000000000027,0.09086724515050926,4
NVAX,2023-11-30,2023-12-01,2023-12-01,0,-0.030000000000000027,0.3859974278207882,4
NVDA,2023-11-30,2023-12-01,2023-12-04,0,-0.030000000000000027,0.30477447392019363,4
QCOM,2023-11-30,2023-12-01,2023-12-11,1,0.050000000000000044,0.1293564348696845,4
SEI,2023-11-30,2023-12-01,2023-12-06,0,-0.030000000000000027,0.35123874518622067,4
STX,2023-11-30,2023-12-01,2023-12-13,1,0.050000000000000044,0.3326159973612517,4
AAPL,2023-12-01,2023-12-04,2023-12-14,1,0.050000000000000044,0.2818500572293886,4
AXTI,2023-12-01,2023-12-04,2023-12-07,1,0.050000000000000044,0.27544541641294595,4
DSX,2023-12-01,2023-12-04,2023-12-05,0,-0.030000000000000027,0.25717561071861056,4
KODK,2023-12-01,2023-12-04,2023-12-06,1,0.050000000000000044,0.47490549305410484,4
MRVL,2023-12-01,2023-12-04,2023-12-06,0,-0.030000000000000027,0.2273721434162039,4
MSFT,2023-12-01,2023-12-04,2023-12-15,0,0.004416078762268905,0.1781102054676149,4
NVAX,2023-12-01,2023-12-04,2023-12-04,1,0.050000000000000044,0.40278191525574897,4
NVDA,2023-12-01,2023-12-04,2023-12-13,1,0.050000000000000044,0.3143059165929965,4
QCOM,2023-12-01,2023-12-04,2023-12-11,1,0.050000000000000044,0.1353618123658849,4
SEI,2023-12-01,2023-12-04,2023-12-05,0,-0.030000000000000027,0.3422922567781258,4
STX,2023-12-01,2023-12-04,2023-12-11,1,0.050000000000000044,0.27341810527672955,4
AAPL,2023-12-04,2023-12-05,2023-12-18,0,0.029861669477670327,0.2633978604286106,4
AXTI,2023-12-04,2023-12-05,2023-12-08,1,0.050000000000000044,0.2707828440122149,4
DSX,2023-12-04,2023-12-05,2023-12-05,0,-0.030000000000000027,0.2080136915802563,4
KODK,2023-12-04,2023-12-05,2023-12-11,0,-0.030000000000000027,0.4059961416012376,4
MRVL,2023-12-04,2023-12-05,2023-12-11,1,0.050000000000000044,0.26584907381359874,4
MSFT,2023-12-04,2023-12-05,2023-12-18,0,0.016919041810871782,0.21068162985140854,4
NVAX,2023-12-04,2023-12-05,2023-12-05,0,-0.030000000000000027,0.38432903206313185,4
NVDA,2023-12-04,2023-12-05,2023-12-08,1,0.050000000000000044,0.32177884143629093,4
QCOM,2023-12-04,2023-12-05,2023-12-11,1,0.050000000000000044,0.1353618123658849,4
SEI,2023-12-04,2023-12-05,2023-12-05,0,-0.030000000000000027,0.3583663085470385,4
STX,2023-12-04,2023-12-05,2023-12-11,1,0.050000000000000044,0.2461232497126649,4
AAPL,2023-12-05,2023-12-06,2023-12-19,0,0.012805368457355248,0.3019381563623958,4
AXTI,2023-12-05,2023-12-06,2023-12-08,1,0.050000000000000044,0.27544541641294595,4
DSX,2023-12-05,2023-12-06,2023-12-06,0,-0.030000000000000138,0.3658236710937911,4
KODK,2023-12-05,2023-12-06,2023-12-11,0,-0.030000000000000027,0.5139567811737012,4
MRVL,2023-12-05,2023-12-06,2023-12-11,1,0.050000000000000044,0.2715436702547924,4
MSFT,2023-12-05,2023-12-06,2023-12-19,0,-0.0007494315091258752,0.15581474911745155,4
NVAX,2023-12-05,2023-12-06,2023-12-07,0,-0.030000000000000138,0.38843650844436123,4
NVDA,2023-12-05,2023-12-06,2023-12-06,0,-0.030000000000000027,0.30986916775550866,4
QCOM,2023-12-05,2023-12-06,2023-12-13,1,0.050000000000000044,0.13395327424366657,4
SEI,2023-12-05,2023-12-06,2023-12-11,0,-0.030000000000000027,0.44004299955290477,4
STX,2023-12-05,2023-12-06,2023-12-11,1,0.050000000000000044,0.3392363784409425,4
AAPL,2023-12-06,2023-12-07,2023-12-20,0,0.006197294258199371,0.3675272733829406,4
AXTI,2023-12-06,2023-12-07,2023-12-07,1,0.050000000000000044,0.27544541641294595,4
DSX,2023-12-06,2023-12-07,2023-12-07,0,-0.030000000000000027,0.3825558563798627,4
KODK,2023-12-06,2023-12-07,2023-12-11,0,-0.030000000000000027,0.4144648691427983,4
MRVL,2023-12-06,2023-12-07,2023-12-11,1,0.05849919235731593,0.2993918859752448,4
MSFT,2023-12-06,2023-12-07,2023-12-20,0,0.0064903775815827736,0.24156346624433478,4
NVAX,2023-12-06,2023-12-07,2023-12-12,0,-0.030000000000000027,0.38687913152796766,4
NVDA,2023-12-06,2023-12-07,2023-12-13,1,0.050000000000000044,0.34758354094215294,4
QCOM,2023-12-06,2023-12-07,2023-12-13,1,0.050000000000000044,0.12205735407030953,4
SEI,2023-12-06,2023-12-07,2023-12-11,0,-0.030000000000000027,0.4097706421929054,4
STX,2023-12-06,2023-12-07,2023-12-11,1,0.050000000000000044,0.30375896063750224,4
AAPL,2023-12-07,2023-12-08,2023-12-21,0,0.0024715729175770473,0.32902146465991,4
AXTI,2023-12-07,2023-12-08,2023-12-08,1,0.050000000000000044,0.2784463100327427,4
DSX,2023-12-07,2023-12-08,2023-12-13,0,-0.030000000000000027,0.40873005072609225,4
KODK,2023-12-07,2023-12-08,2023-12-11,0,-0.030000000000000027,0.39409557398382544,4
MRVL,2023-12-07,2023-12-08,2023-12-11,1,0.050000000000000044,0.23683755241070795,4
MSFT,2023-12-07,2023-12-08,2023-12-21,0,0.011754916381129243,0.20936615123056393,4
NVAX,2023-12-07,2023-12-08,2023-12-12,0,-0.030000000000000027,0.3899123006563724,4
NVDA,2023-12-07,2023-12-08,2023-12-15,1,0.050000000000000044,0.3337720094918009,4
QCOM,2023-12-07,2023-12-08,2023-12-13,1,0.050000000000000044,0.32904889305275975,4
SEI,2023-12-07,2023-12-08,2023-12-11,0,-0.030000000000000027,0.43284950003434014,4
STX,2023-12-07,2023-12-08,2023-12-11,1,0.050000000000000044,0.28116768089783617,4
AAPL,2023-12-08,2023-12-11,2023-12-22,0,0.0025373257976299968,0.33322943307221936,4
AXTI,2023-12-08,2023-12-11,2023-12-11,1,0.050000000000000044,0.3947558498616221,4
DSX,2023-12-08,2023-12-11,2023-12-11,0,-0.030000000000000027,0.4002549264073596,4
KODK,2023-12-08,2023-12-11,2023-12-11,0,-0.030000000000000027,0.46065688329949056,4
MRVL,2023-12-08,2023-12-11,2023-12-13,1,0.050000000000000044,0.21421233983433702,4
MSFT,2023-12-08,2023-12-11,2023-12-22,0,0.016554475939935198,0.1657857860057884,4
NVAX,2023-12-08,2023-12-11,2023-12-12,0,-0.030000000000000027,0.37283767819784674,4
NVDA,2023-12-08,2023-12-11,2023-12-11,0,-0.030000000000000027,0.29859257226107416,4
QCOM,2023-12-08,2023-12-11,2023-12-14,1,0.04999999999999982,0.2013529824011663,4
SEI,2023-12-08,2023-12-11,2023-12-12,0,-0.030000000000000027,0.4355404618975496,4
STX,2023-12-08,2023-12-11,2023-12-13,1,0.050000000000000044,0.2696110387080299,4
AAPL,2023-12-11,2023-12-12,2023-12-26,0,-0.00015515947670918795,0.27612305430266515,4
AXTI,2023-12-11,2023-12-12,2023-12-12,0,-0.030000000000000027,0.4716808066676216,4
DSX,2023-12-11,2023-12-12,2023-12-18,1,0.050000000000000044,0.4222388975472189,4
KODK,2023-12-11,2023-12-12,2023-12-13,0,-0.030000000000000027,0.5059557243795082,4
MRVL,2023-12-11,2023-12-12,2023-12-13,1,0.050000000000000044,0.24150568766362374,4
MSFT,2023-12-11,2023-12-12,2023-12-26,0,0.010273754389216183,0.33109008743695084,4
NVAX,2023-12-11,2023-12-12,2023-12-12,0,-0.029999999999999916,0.3882961256122844,4
NVDA,2023-12-11,2023-12-12,2023-12-13,1,0.050000000000000044,0.3637879313422531,4
QCOM,2023-12-11,2023-12-12,2023-12-15,1,0.050000000000000044,0.4741358619525792,4
SEI,2023-12-11,2023-12-12,2023-12-14,1,0.050000000000000044,0.45367467135367695,4
STX,2023-12-11,2023-12-12,2023-12-14,1,0.054722746190700944,0.24113499919525205,4
AAPL,2023-12-12,2023-12-13,2023-12-27,0,-0.0099438946297431,0.3107138932051596,4
AXTI,2023-12-12,2023-12-13,2023-12-13,0,-0.030000000000000027,0.44733649822042654,4
DSX,2023-12-12,2023-12-13,2023-12-18,1,0.05244747933298122,0.40573568233142715,4
KODK,2023-12-12,2023-12-13,2023-12-13,0,-0.030000000000000027,0.46483048757631446,4
MRVL,2023-12-12,2023-12-13,2023-12-13,1,0.050000000000000044,0.22283220658389644,4
MSFT,2023-12-12,2023-12-13,2023-12-14,0,-0.030000000000000027,0.32067363479579003,4
NVAX,2023-12-12,2023-12-13,2023-12-14,1,0.07101725198656217,0.35789720688834803,4
NVDA,2023-12-12,2023-12-13,2023-12-18,1,0.050000000000000044,0.29509440612575044,4
QCOM,2023-12-12,2023-12-13,2023-12-15,1,0.050000000000000044,0.49812200057804906,4
SEI,2023-12-12,2023-12-13,2023-12-14,1,0.050000000000000044,0.5057545816332272,4
STX,2023-12-12,2023-12-13,2023-12-14,1,0.05215799905013263,0.2414414434699533,4
AAPL,2023-12-13,2023-12-14,2023-12-27,0,-0.030000000000000027,0.2906002876358601,4
AXTI,2023-12-13,2023-12-14,2023-12-14,1,0.050000000000000044,0.4255125700758505,4
DSX,2023-12-13,2023-12-14,2023-12-18,1,0.050000000000000044,0.42553634371808674,4
KODK,2023-12-13,2023-12-14,2023-12-14,1,0.050000000000000044,0.4069854741110239,4
MRVL,2023-12-13,2023-12-14,2023-12-26,1,0.050000000000000044,0.3493380209697724,4
MSFT,2023-12-13,2023-12-14,2023-12-28,0,0.005276788001993049,0.30045947437032744,4
NVAX,2023-12-13,2023-12-14,2023-12-14,1,0.050000000000000044,0.41369221997899935,4
NVDA,2023-12-13,2023-12-14,2023-12-28,0,0.023393257446752358,0.3078634347855635,4
QCOM,2023-12-13,2023-12-14,2023-12-28,1,0.050000000000000044,0.4677785983387692,4
SEI,2023-12-13,2023-12-14,2023-12-27,0,-0.030000000000000027,0.4379602362576214,4
STX,2023-12-13,2023-12-14,2023-12-18,0,-0.030000000000000027,0.2632896000926915,4
AAPL,2023-12-14,2023-12-15,2023-12-27,0,-0.030000000000000027,0.27118809270402394,4
AXTI,2023-12-14,2023-12-15,2023-12-18,0,-0.030000000000000027,0.45333743261987763,4
DSX,2023-12-14,2023-12-15,2023-12-29,0,0.0033783640172984075,0.42039410751474277,4
KODK,2023-12-14,2023-12-15,2023-12-15,0,-0.030000000000000027,0.39037389083087326,4
MRVL,2023-12-14,2023-12-15,2023-12-20,0,-0.030000000000000027,0.3899833465774505,4
MSFT,2023-12-14,2023-12-15,2023-12-29,0,0.025051029967066096,0.2548635597048024,4
NVAX,2023-12-14,2023-12-15,2023-12-15,0,-0.030000000000000027,0.32948805737296233,4
NVDA,2023-12-14,2023-12-15,2023-12-29,0,0.02755534458208264,0.340759138811223,4
QCOM,2023-12-14,2023-12-15,2023-12-29,0,0.01816267483032319,0.5211109509463164,4
SEI,2023-12-14,2023-12-15,2023-12-27,0,-0.030000000000000027,0.49256937149482877,4
STX,2023-12-14,2023-12-15,2023-12-29,0,0.014713307585349833,0.2759611310104856,4
AAPL,2023-12-15,2023-12-18,2024-01-02,0,-0.04559131977246733,0.34086078143226367,4
AXTI,2023-12-15,2023-12-18,2023-12-18,0,-0.030000000000000027,0.4599158504350266,4
DSX,2023-12-15,2023-12-18,2024-01-02,0,-0.019933658442298885,0.43723170607402634,4
KODK,2023-12-15,2023-12-18,2023-12-20,1,0.050000000000000044,0.4225758273574904,4
MRVL,2023-12-15,2023-12-18,2023-12-20,0,-0.030000000000000027,0.37346448130732446,4
MSFT,2023-12-15,2023-12-18,2024-01-02,0,0.003843574140791395,0.25106972982174985,4
NVAX,2023-12-15,2023-12-18,2023-12-18,0,-0.030000000000000027,0.4010384734021306,4
NVDA,2023-12-15,2023-12-18,2024-01-02,0,-0.030000000000000027,0.3402533596674336,4
QCOM,2023-12-15,2023-12-18,2024-01-02,0,-0.015998982860860878,0.48713994354814927,4
SEI,2023-12-15,2023-12-18,2023-12-27,0,-0.030000000000000027,0.48296479860592306,4
STX,2023-12-15,2023-12-18,2024-01-02,0,-0.011080049843913309,0.20565696031545874,4
AAPL,2023-12-18,2023-12-19,2024-01-02,0,-0.045931775394008945,0.25028257633022377,4
AXTI,2023-12-18,2023-12-19,2023-12-19,0,-0.030000000000000138,0.4259887536007761,4
DSX,2023-12-18,2023-12-19,2024-01-03,0,0.03020139714892478,0.5211738947966408,4
KODK,2023-12-18,2023-12-19,2023-12-20,1,0.050000000000000044,0.3991794010153212,4
MRVL,2023-12-18,2023-12-19,2023-12-20,0,-0.030000000000000027,0.3758917744828901,4
MSFT,2023-12-18,2023-12-19,2024-01-03,0,-0.00239595847382168,0.3000999778129217,4
NVAX,2023-12-18,2023-12-19,2023-12-20,0,-0.030000000000000027,0.37030162720190263,4
NVDA,2023-12-18,2023-12-19,2024-01-02,0,-0.030000000000000027,0.4965139743204518,4
QCOM,2023-12-18,2023-12-19,2024-01-03,0,-0.030000000000000027,0.33742411960103263,4
SEI,2023-12-18,2023-12-19,2023-12-27,0,-0.030000000000000027,0.419971287651784,4
STX,2023-12-18,2023-12-19,2024-01-03,0,-0.030000000000000138,0.2123940011811072,4
AAPL,2023-12-19,2023-12-20,2024-01-02,0,-0.04951746515642175,0.2826595027804389,4
AXTI,2023-12-19,2023-12-20,2023-12-20,0,-0.030000000000000027,0.4528917346962368,4
DSX,2023-12-19,2023-12-20,2024-01-04,1,0.050000000000000044,0.5180577083958198,4
KODK,2023-12-19,2023-12-20,2023-12-20,0,-0.030000000000000027,0.4115836603783821,4
MRVL,2023-12-19,2023-12-20,2023-12-20,0,-0.030000000000000027,0.36844696229414264,4
MSFT,2023-12-19,2023-12-20,2024-01-04,0,-0.01882671018774751,0.2866056939249761,4
NVAX,2023-12-19,2023-12-20,2023-12-20,0,-0.030000000000000027,0.3819770743730788,4
NVDA,2023-12-19,2023-12-20,2023-12-20,0,-0.029999999999999916,0.4279372020327779,4
QCOM,2023-12-19,2023-12-20,2024-01-03,0,-0.029999999999999916,0.33742411960103263,4
SEI,2023-12-19,2023-12-20,2023-12-20,0,-0.030000000000000027,0.3527270321916345,4
STX,2023-12-19,2023-12-20,2024-01-03,0,-0.030000000000000027,0.19932676738562777,4
AAPL,2023-12-20,2023-12-21,2024-01-02,0,-0.04563995103803831,0.27366877137457857,4
AXTI,2023-12-20,2023-12-21,2023-12-22,1,0.050000000000000044,0.591870883319428,4
DSX,2023-12-20,2023-12-21,2024-01-04,1,0.050000000000000044,0.49453827157713504,4
KODK,2023-12-20,2023-12-21,2023-12-22,1,0.050000000000000044,0.4350358725820882,4
MRVL,2023-12-20,2023-12-21,2024-01-03,0,-0.03780587137187785,0.3322372399539369,4
MSFT,2023-12-20,2023-12-21,2024-01-05,0,-0.0129103953935511,0.2571042001892628,4
NVAX,2023-12-20,2023-12-21,2023-12-28,0,-0.030000000000000027,0.3990969762546301,4
NVDA,2023-12-20,2023-12-21,2024-01-03,0,-0.030000000000000027,0.35986335550974674,4
QCOM,2023-12-20,2023-12-21,2024-01-03,0,-0.030000000000000027,0.3029237588438699,4
SEI,2023-12-20,2023-12-21,2023-12-27,0,-0.030000000000000027,0.40552225014738535,4
STX,2023-12-20,2023-12-21,2024-01-03,0,-0.030000000000000138,0.34255751376946775,4
AAPL,2023-12-21,2023-12-22,2024-01-02,0,-0.041141377171921345,0.27366877137457857,4
AXTI,2023-12-21,2023-12-22,2023-12-28,0,-0.030000000000000027,0.5587923546927304,4
DSX,2023-12-21,2023-12-22,2024-01-03,1,0.050000000000000044,0.4975146862181473,4
KODK,2023-12-21,2023-12-22,2023-12-26,1,0.050000000000000044,0.37089461727361883,4
MRVL,2023-12-21,2023-12-22,2024-01-02,0,-0.030000000000000027,0.36021599622889994,4
MSFT,2023-12-21,2023-12-22,2024-01-08,0,0.0027029864103760293,0.3363524007036378,4
NVAX,2023-12-21,2023-12-22,2023-12-26,1,0.050000000000000044,0.36634275237636243,4
NVDA,2023-12-21,2023-12-22,2024-01-02,0,-0.030000000000000027,0.4002251077908976,4
QCOM,2023-12-21,2023-12-22,2024-01-02,0,-0.030000000000000027,0.31273924461321223,4
SEI,2023-12-21,2023-12-22,2023-12-27,0,-0.030000000000000027,0.4588330496904388,4
STX,2023-12-21,2023-12-22,2024-01-02,0,-0.030000000000000027,0.22848666970190418,4
AAPL,2023-12-22,2023-12-26,2024-01-02,0,-0.03336601543959583,0.3227702490135012,4
AXTI,2023-12-22,2023-12-26,2023-12-28,0,-0.030000000000000027,0.584040214282287,4
DSX,2023-12-22,2023-12-26,2023-12-29,0,-0.030000000000000138,0.3780794814471685,4
KODK,2023-12-22,2023-12-26,2023-12-26,1,0.050000000000000044,0.37205777834282067,4
MRVL,2023-12-22,2023-12-26,2024-01-02,0,-0.030000000000000027,0.33502854351654393,4
MSFT,2023-12-22,2023-12-26,2024-01-09,0,0.0021066873433892574,0.3251825045964896,4
NVAX,2023-12-22,2023-12-26,2023-12-27,0,-0.030000000000000027,0.38186062186836617,4
NVDA,2023-12-22,2023-12-26,2024-01-03,0,-0.03028500602770845,0.28996797443647765,4
QCOM,2023-12-22,2023-12-26,2024-01-02,0,-0.030000000000000027,0.25441299278850793,4
SEI,2023-12-22,2023-12-26,2023-12-27,0,-0.030000000000000027,0.48595714733807316,4
STX,2023-12-22,2023-12-26,2024-01-02,0,-0.030000000000000027,0.17852925828184266,4
AAPL,2023-12-26,2023-12-27,2024-01-02,0,-0.030000000000000138,0.33135497954099735,4
AXTI,2023-12-26,2023-12-27,2023-12-27,0,-0.030000000000000027,0.5749738275230204,4
DSX,2023-12-26,2023-12-27,2023-12-29,0,-0.030000000000000027,0.5052155568064635,4
KODK,2023-12-26,2023-12-27,2023-12-27,1,0.050000000000000044,0.4131504014585235,4
MRVL,2023-12-26,2023-12-27,2024-01-02,0,-0.0331706365317187,0.41610762343975305,4
MSFT,2023-12-26,2023-12-27,2024-01-10,0,0.02429833807261006,0.3251825045964896,4
NVAX,2023-12-26,2023-12-27,2023-12-28,0,-0.030000000000000027,0.38186062186836617,4
NVDA,2023-12-26,2023-12-27,2024-01-02,0,-0.030000000000000027,0.30481894337558774,4
QCOM,2023-12-26,2023-12-27,2024-01-02,0,-0.030000000000000027,0.2581772355521298,4
SEI,2023-12-26,2023-12-27,2023-12-27,0,-0.030000000000000027,0.4948138707669637,4
STX,2023-12-26,2023-12-27,2024-01-02,0,-0.030000000000000027,0.22944171637169672,4
AAPL,2023-12-27,2023-12-28,2024-01-02,0,-0.036004937091426825,0.3336140549418705,4
AXTI,2023-12-27,2023-12-28,2023-12-28,0,-0.029999999999999916,0.5146094146851445,4
DSX,2023-12-27,2023-12-28,2023-12-29,0,-0.030000000000000027,0.5402801030795575,4
KODK,2023-12-27,2023-12-28,2023-12-28,0,-0.030000000000000138,0.3542850915652871,4
MRVL,2023-12-27,2023-12-28,2024-01-02,0,-0.031438244891533906,0.32975043945565397,4
MSFT,2023-12-27,2023-12-28,2024-01-11,0,0.024669280022909135,0.27087482611357816,4
NVAX,2023-12-27,2023-12-28,2023-12-29,0,-0.030000000000000027,0.37852401259618845,4
NVDA,2023-12-27,2023-12-28,2024-01-02,0,-0.030000000000000027,0.29999927408257876,4
QCOM,2023-12-27,2023-12-28,2024-01-02,0,-0.030000000000000027,0.25027623526505255,4
SEI,2023-12-27,2023-12-28,2023-12-28,0,-0.030000000000000027,0.4340442217170156,4
STX,2023-12-27,2023-12-28,2024-01-02,0,-0.030000000000000027,0.2032252697705345,4
AAPL,2023-12-28,2023-12-29,2024-01-02,0,-0.034811658901344855,0.3191685021630712,4
AXTI,2023-12-28,2023-12-29,2024-01-02,1,0.050000000000000044,0.5416103764718121,4
DSX,2023-12-28,2023-12-29,2024-01-04,1,0.050000000000000044,0.5580715157492806,4
KODK,2023-12-28,2023-12-29,2023-12-29,0,-0.030000000000000027,0.3503128512941541,4
MRVL,2023-12-28,2023-12-29,2024-01-02,0,-0.03143832670319158,0.3519459161264828,4
MSFT,2023-12-28,2023-12-29,2024-01-12,0,0.033165121114649976,0.3251825045964896,4
NVAX,2023-12-28,2023-12-29,2024-01-02,1,0.050000000000000044,0.3698009430328365,4
NVDA,2023-12-28,2023-12-29,2024-01-02,0,-0.030000000000000027,0.3147275378547678,4
QCOM,2023-12-28,2023-12-29,2024-01-02,0,-0.030000000000000027,0.25027623526505255,4
SEI,2023-12-28,2023-12-29,2024-01-03,0,-0.030000000000000138,0.4538946009246521,4
STX,2023-12-28,2023-12-29,2024-01-02,0,-0.030000000000000027,0.2337384174093341,4
AAPL,2023-12-29,2024-01-02,2024-01-04,0,-0.030000000000000027,0.3470841791779044,4
AXTI,2023-12-29,2024-01-02,2024-01-08,1,0.050000000000000044,0.4895467984119624,4
DSX,2023-12-29,2024-01-02,2024-01-03,1,0.050000000000000044,0.539192972591707,4
KODK,2023-12-29,2024-01-02,2024-01-03,0,-0.030000000000000027,0.36754925695936763,4
MRVL,2023-12-29,2024-01-02,2024-01-02,0,-0.029999999999999916,0.30003890512059006,4
MSFT,2023-12-29,2024-01-02,2024-01-16,1,0.052961022101524424,0.2850012924376667,4
NVAX,2023-12-29,2024-01-02,2024-01-02,1,0.050000000000000044,0.3852017529639414,4
NVDA,2023-12-29,2024-01-02,2024-01-02,0,-0.030000000000000138,0.3023881073164579,4
QCOM,2023-12-29,2024-01-02,2024-01-03,0,-0.030000000000000027,0.2765350069976629,4
SEI,2023-12-29,2024-01-02,2024-01-03,0,-0.030000000000000027,0.4538946009246521,4
STX,2023-12-29,2024-01-02,2024-01-03,0,-0.04002389299573539,0.2122263458433512,4
AAPL,2024-01-02,2024-01-03,2024-01-17,0,-0.00835964265661815,0.29837211156610133,4
AXTI,2024-01-02,2024-01-03,2024-01-03,0,-0.030000000000000027,0.5372180185348521,4
DSX,2024-01-02,2024-01-03,2024-01-03,1,0.050000000000000044,0.5374177333713621,4
KODK,2024-01-02,2024-01-03,2024-01-03,0,-0.030000000000000027,0.35888284383479824,4
MRVL,2024-01-02,2024-01-03,2024-01-05,1,0.050000000000000044,0.27195957011090055,4
MSFT,2024-01-02,2024-01-03,2024-01-11,1,0.050000000000000044,0.3132831990844717,4
NVAX,2024-01-02,2024-01-03,2024-01-03,0,-0.030000000000000027,0.4170311261453607,4
NVDA,2024-01-02,2024-01-03,2024-01-08,1,0.050000000000000044,0.25780620952415784,4
QCOM,2024-01-02,2024-01-03,2024-01-17,0,0.0030961128342714694,0.31541880042189674,4
SEI,2024-01-02,2024-01-03,2024-01-04,0,-0.030000000000000027,0.4538946009246521,4
STX,2024-01-02,2024-01-03,2024-01-17,0,0.02484346094445611,0.25220029339920264,4
AAPL,2024-01-03,2024-01-04,2024-01-18,0,0.035575096239286896,0.2800927488691226,4
AXTI,2024-01-03,2024-01-04,2024-01-08,1,0.050000000000000044,0.4457508548149811,4
DSX,2024-01-03,2024-01-04,2024-01-10,0,-0.030000000000000027,0.5074175284413418,4
KODK,2024-01-03,2024-01-04,2024-01-09,0,-0.030000000000000027,0.38108595191866007,4
MRVL,2024-01-03,2024-01-04,2024-01-04,1,0.050000000000000044,0.24155838709086416,4
MSFT,2024-01-03,2024-01-04,2024-01-11,1,0.050000000000000044,0.30945697171551517,4
NVAX,2024-01-03,2024-01-04,2024-01-04,1,0.050000000000000044,0.425385079818943,4
NVDA,2024-01-03,2024-01-04,2024-01-08,1,0.050000000000000044,0.2929783096633568,4
QCOM,2024-01-03,2024-01-04,2024-01-12,1,0.050000000000000044,0.2739339099812351,4
SEI,2024-01-03,2024-01-04,2024-01-08,0,-0.03168571005049259,0.4546069272754776,4
STX,2024-01-03,2024-01-04,2024-01-16,1,0.050000000000000044,0.3466509894565334,4
AAPL,2024-01-04,2024-01-05,2024-01-19,1,0.050000000000000044,0.2301811567343281,4
AXTI,2024-01-04,2024-01-05,2024-01-09,1,0.050000000000000044,0.4380802122522056,4
DSX,2024-01-04,2024-01-05,2024-01-09,0,-0.030000000000000027,0.4765048731315349,4
KODK,2024-01-04,2024-01-05,2024-01-10,0,-0.030000000000000138,0.3563568089344559,4
MRVL,2024-01-04,2024-01-05,2024-01-08,1,0.050000000000000044,0.2527076262069773,4
MSFT,2024-01-04,2024-01-05,2024-01-11,1,0.050000000000000044,0.27467899586922656,4
NVAX,2024-01-04,2024-01-05,2024-01-05,0,-0.030000000000000027,0.3518702861674504,4
NVDA,2024-01-04,2024-01-05,2024-01-08,1,0.050000000000000044,0.28181807573457673,4
QCOM,2024-01-04,2024-01-05,2024-01-18,1,0.051336316300163665,0.3387252114695091,4
SEI,2024-01-04,2024-01-05,2024-01-08,0,-0.030000000000000027,0.3978594591403676,4
STX,2024-01-04,2024-01-05,2024-01-16,1,0.050000000000000044,0.21360261820155188,4
AAPL,2024-01-05,2024-01-08,2024-01-19,1,0.050000000000000044,0.2657544360632724,4
AXTI,2024-01-05,2024-01-08,2024-01-11,1,0.050000000000000044,0.5817243032761231,4
DSX,2024-01-05,2024-01-08,2024-01-08,0,-0.030000000000000027,0.41695254028004414,4
KODK,2024-01-05,2024-01-08,2024-01-10,0,-0.030000000000000138,0.39958450181786304,4
MRVL,2024-01-05,2024-01-08,2024-01-08,1,0.050000000000000044,0.24760778523542804,4
MSFT,2024-01-05,2024-01-08,2024-01-11,1,0.050000000000000044,0.28340269102395316,4
NVAX,2024-01-05,2024-01-08,2024-01-09,0,-0.030000000000000027,0.3761937035398492,4
NVDA,2024-01-05,2024-01-08,2024-01-08,1,0.050000000000000044,0.3158589065832337,4
QCOM,2024-01-05,2024-01-08,2024-01-18,1,0.050000000000000044,0.34332065021709524,4
SEI,2024-01-05,2024-01-08,2024-01-08,0,-0.030000000000000027,0.43524433866820056,4
STX,2024-01-05,2024-01-08,2024-01-16,1,0.050000000000000044,0.26450751090686997,4
AAPL,2024-01-08,2024-01-09,2024-01-22,1,0.050000000000000044,0.2849369389885664,4
AXTI,2024-01-08,2024-01-09,2024-01-12,1,0.050000000000000044,0.5464198263192129,4
DSX,2024-01-08,2024-01-09,2024-01-11,0,-0.030000000000000138,0.4797244650427048,4
KODK,2024-01-08,2024-01-09,2024-01-10,0,-0.030000000000000027,0.38750433564420944,4
MRVL,2024-01-08,2024-01-09,2024-01-12,1,0.050000000000000044,0.40382143951906796,4
MSFT,2024-01-08,2024-01-09,2024-01-11,1,0.050000000000000044,0.3189153132438959,4
NVAX,2024-01-08,2024-01-09,2024-01-09,0,-0.030000000000000027,0.3221174301082391,4
NVDA,2024-01-08,2024-01-09,2024-01-11,1,0.050000000000000044,0.2909243670290616,4
QCOM,2024-01-08,2024-01-09,2024-01-18,1,0.050000000000000044,0.37532552786390744,4
SEI,2024-01-08,2024-01-09,2024-01-09,0,-0.030000000000000027,0.4536287510053217,4
STX,2024-01-08,2024-01-09,2024-01-16,1,0.050000000000000044,0.2624928654316618,4
AAPL,2024-01-09,2024-01-10,2024-01-22,1,0.050000000000000044,0.29333803003070347,4
AXTI,2024-01-09,2024-01-10,2024-01-16,1,0.050000000000000044,0.6064145195082424,4
DSX,2024-01-09,2024-01-10,2024-01-17,0,-0.029999999999999916,0.40500780123701297,4
KODK,2024-01-09,2024-01-10,2024-01-16,0,-0.030000000000000027,0.43273738031504355,4
MRVL,2024-01-09,2024-01-10,2024-01-18,1,0.051866921937298915,0.3482875475353383,4
MSFT,2024-01-09,2024-01-10,2024-01-19,1,0.05151835872951405,0.29667976264283474,4
NVAX,2024-01-09,2024-01-10,2024-01-10,0,-0.030000000000000027,0.3304811855197488,4
NVDA,2024-01-09,2024-01-10,2024-01-16,1,0.050000000000000044,0.4205381247691599,4
QCOM,2024-01-09,2024-01-10,2024-01-19,1,0.052684406624716074,0.3566909621869562,4
SEI,2024-01-09,2024-01-10,2024-01-11,0,-0.030000000000000027,0.447208647725336,4
STX,2024-01-09,2024-01-10,2024-01-16,1,0.050000000000000044,0.29183874646988284,4
AAPL,2024-01-10,2024-01-11,2024-01-16,0,-0.030000000000000027,0.2775809874438135,4
AXTI,2024-01-10,2024-01-11,2024-01-16,1,0.050000000000000044,0.6244340209794637,4
DSX,2024-01-10,2024-01-11,2024-01-25,0,-3.296797213003799e-08,0.4362730449733755,4
KODK,2024-01-10,2024-01-11,2024-01-16,0,-0.030000000000000027,0.45967049170221747,4
MRVL,2024-01-10,2024-01-11,2024-01-12,1,0.050000000000000044,0.39252378353951434,4
MSFT,2024-01-10,2024-01-11,2024-01-24,1,0.050000000000000044,0.33182467201882493,4
NVAX,2024-01-10,2024-01-11,2024-01-11,0,-0.030000000000000027,0.3374460241143617,4
NVDA,2024-01-10,2024-01-11,2024-01-19,1,0.054364679960156925,0.5155529148278447,4
QCOM,2024-01-10,2024-01-11,2024-01-19,1,0.05942459057011695,0.3546205132743921,4
SEI,2024-01-10,2024-01-11,2024-01-12,0,-0.030000000000000027,0.5089615804076922,4
STX,2024-01-10,2024-01-11,2024-01-18,1,0.050000000000000044,0.23989678492758654,4
AAPL,2024-01-11,2024-01-12,2024-01-17,0,-0.029999999999999916,0.2637747388186953,4
AXTI,2024-01-11,2024-01-12,2024-01-17,0,-0.030000000000000138,0.6232867881005371,4
DSX,2024-01-11,2024-01-12,2024-01-26,0,0.01980196458091199,0.5633613399246347,4
KODK,2024-01-11,2024-01-12,2024-01-12,0,-0.030000000000000027,0.47456144636810926,4
MRVL,2024-01-11,2024-01-12,2024-01-17,0,-0.030000000000000027,0.6361959042548421,4
MSFT,2024-01-11,2024-01-12,2024-01-24,1,0.050000000000000044,0.3484669640831496,4
NVAX,2024-01-11,2024-01-12,2024-01-16,0,-0.030000000000000027,0.3901861897152836,4
NVDA,2024-01-11,2024-01-12,2024-01-18,1,0.050000000000000044,0.4858673958310184,4
QCOM,2024-01-11,2024-01-12,2024-01-17,0,-0.030000000000000138,0.34502606070356706,4
SEI,2024-01-11,2024-01-12,2024-01-16,0,-0.030000000000000027,0.5842058428421779,4
STX,2024-01-11,2024-01-12,2024-01-22,1,0.05557555004053372,0.350051094732907,4
AAPL,2024-01-12,2024-01-16,2024-01-19,1,0.050000000000000044,0.25932025718252594,4
AXTI,2024-01-12,2024-01-16,2024-01-16,1,0.050000000000000044,0.5849434138334573,4
DSX,2024-01-12,2024-01-16,2024-01-29,0,0.003289415822526287,0.4938697549253928,4
KODK,2024-01-12,2024-01-16,2024-01-17,0,-0.030000000000000027,0.5108746681306211,4
MRVL,2024-01-12,2024-01-16,2024-01-17,0,-0.030000000000000027,0.5056748709516978,4
MSFT,2024-01-12,2024-01-16,2024-01-29,0,0.040796692445923766,0.34668993042660134,4
NVAX,2024-01-12,2024-01-16,2024-01-16,0,-0.030000000000000027,0.40882935807709514,4
NVDA,2024-01-12,2024-01-16,2024-01-19,1,0.05400047969781063,0.48545399357530267,4
QCOM,2024-01-12,2024-01-16,2024-01-19,1,0.051857113219982987,0.23200752526327756,4
SEI,2024-01-12,2024-01-16,2024-01-16,0,-0.030000000000000027,0.4845413304261077,4
STX,2024-01-12,2024-01-16,2024-01-22,1,0.050000000000000044,0.213479880742471,4
AAPL,2024-01-16,2024-01-17,2024-01-19,1,0.050000000000000044,0.27057381505419675,4
AXTI,2024-01-16,2024-01-17,2024-01-17,0,-0.030000000000000027,0.4963563011159489,4
DSX,2024-01-16,2024-01-17,2024-01-30,0,0.01672244915684251,0.5290850429873021,4
KODK,2024-01-16,2024-01-17,2024-01-22,1,0.050000000000000044,0.4750679749825967,4
MRVL,2024-01-16,2024-01-17,2024-01-18,1,0.050000000000000044,0.4512156614965131,4
MSFT,2024-01-16,2024-01-17,2024-01-29,1,0.050000000000000044,0.3390361136796724,4
NVAX,2024-01-16,2024-01-17,2024-01-18,0,-0.029999999999999916,0.4036576156603237,4
NVDA,2024-01-16,2024-01-17,2024-01-19,1,0.050000000000000044,0.42171693933652143,4
QCOM,2024-01-16,2024-01-17,2024-01-19,1,0.054719963095422264,0.24467873852824937,4
SEI,2024-01-16,2024-01-17,2024-01-22,1,0.050000000000000044,0.42702393590794663,4
STX,2024-01-16,2024-01-17,2024-01-23,1,0.050000000000000044,0.25138753831285676,4
AAPL,2024-01-17,2024-01-18,2024-01-23,1,0.050000000000000044,0.25836471710593045,4
AXTI,2024-01-17,2024-01-18,2024-01-18,0,-0.030000000000000027,0.5661254076548302,4
DSX,2024-01-17,2024-01-18,2024-01-31,0,-0.00986853276248112,0.5080458899844947,4
KODK,2024-01-17,2024-01-18,2024-01-22,1,0.050000000000000044,0.47846804704858836,4
MRVL,2024-01-17,2024-01-18,2024-01-19,1,0.050000000000000044,0.4186290006097731,4
MSFT,2024-01-17,2024-01-18,2024-01-30,1,0.05243553354196728,0.31975213271974334,4
NVAX,2024-01-17,2024-01-18,2024-01-23,1,0.051094898132619804,0.43139395395042596,4
NVDA,2024-01-17,2024-01-18,2024-01-22,1,0.050000000000000044,0.5295807033525101,4
QCOM,2024-01-17,2024-01-18,2024-01-19,1,0.050000000000000044,0.2563985991068453,4
SEI,2024-01-17,2024-01-18,2024-01-22,1,0.050000000000000044,0.4516771193767282,4
STX,2024-01-17,2024-01-18,2024-01-23,1,0.050000000000000044,0.25782780601454147,4
AAPL,2024-01-18,2024-01-19,2024-02-01,0,-0.013046171355047043,0.25519549962956095,4
AXTI,2024-01-18,2024-01-19,2024-01-22,1,0.050000000000000044,0.5676187471153219,4
DSX,2024-01-18,2024-01-19,2024-02-01,0,-0.030000000000000027,0.5242034691331419,4
KODK,2024-01-18,2024-01-19,2024-01-22,1,0.050000000000000044,0.47846804704858836,4
MRVL,2024-01-18,2024-01-19,2024-01-22,1,0.050000000000000044,0.42099335035109436,4
MSFT,2024-01-18,2024-01-19,2024-02-01,0,0.02026493576875743,0.25953040226405427,4
NVAX,2024-01-18,2024-01-19,2024-01-23,1,0.051094898132619804,0.41809025137526645,4
NVDA,2024-01-18,2024-01-19,2024-01-24,1,0.050000000000000044,0.525599067764184,4
QCOM,2024-01-18,2024-01-19,2024-01-24,1,0.051134019226401595,0.3169243700323316,4
SEI,2024-01-18,2024-01-19,2024-01-22,1,0.050000000000000044,0.41879367419604735,4
STX,2024-01-18,2024-01-19,2024-01-23,1,0.050000000000000044,0.32864913673385077,4
AAPL,2024-01-19,2024-01-22,2024-01-31,0,-0.030000000000000027,0.2784200854895266,4
AXTI,2024-01-19,2024-01-22,2024-01-22,1,0.050000000000000044,0.5029182129110626,4
DSX,2024-01-19,2024-01-22,2024-02-01,0,-0.030000000000000027,0.48337968400163595,4
KODK,2024-01-19,2024-01-22,2024-02-02,0,-0.030000000000000027,0.5300486230006237,4
MRVL,2024-01-19,2024-01-22,2024-01-22,0,-0.030000000000000138,0.33012603739402363,4
MSFT,2024-01-19,2024-01-22,2024-02-02,0,0.027998654119111732,0.3186492068063605,4
NVAX,2024-01-19,2024-01-22,2024-01-22,1,0.050000000000000044,0.41809025137526645,4
NVDA,2024-01-19,2024-01-22,2024-01-30,1,0.050000000000000044,0.40615621335707625,4
QCOM,2024-01-19,2024-01-22,2024-01-30,0,-0.03109668225870399,0.46571452493939236,4
SEI,2024-01-19,2024-01-22,2024-01-23,1,0.050000000000000044,0.43303616898174224,4
STX,2024-01-19,2024-01-22,2024-01-26,1,0.050000000000000044,0.21555956058093823,4
AAPL,2024-01-22,2024-01-23,2024-01-30,0,-0.029999999999999916,0.3078269393612277,4
AXTI,2024-01-22,2024-01-23,2024-01-25,0,-0.030000000000000027,0.4549331082828012,4
DSX,2024-01-22,2024-01-23,2024-02-01,0,-0.030000000000000027,0.4472334538547595,4
KODK,2024-01-22,2024-01-23,2024-01-23,0,-0.030000000000000027,0.45943467176626795,4
MRVL,2024-01-22,2024-01-23,2024-01-26,0,-0.030000000000000027,0.42603664860567847,4
MSFT,2024-01-22,2024-01-23,2024-02-05,0,0.025015798468184913,0.20212896711215067,4
NVAX,2024-01-22,2024-01-23,2024-01-23,0,-0.030000000000000027,0.368677192222808,4
NVDA,2024-01-22,2024-01-23,2024-01-24,1,0.050000000000000044,0.3331424606157321,4
QCOM,2024-01-22,2024-01-23,2024-01-30,0,-0.03185708278392796,0.40459495642031423,4
SEI,2024-01-22,2024-01-23,2024-01-24,1,0.050000000000000044,0.34780801213962026,4
STX,2024-01-22,2024-01-23,2024-01-26,1,0.050000000000000044,0.25679481113546904,4
AAPL,2024-01-23,2024-01-24,2024-01-30,0,-0.030000000000000027,0.38432347295914815,4
AXTI,2024-01-23,2024-01-24,2024-01-24,0,-0.030000000000000027,0.43331368915022583,4
DSX,2024-01-23,2024-01-24,2024-02-01,0,-0.030000000000000138,0.4659860199531973,4
KODK,2024-01-23,2024-01-24,2024-01-24,0,-0.030000000000000027,0.41895523010611574,4
MRVL,2024-01-23,2024-01-24,2024-01-26,0,-0.04250873290246637,0.3911335214414975,4
MSFT,2024-01-23,2024-01-24,2024-02-06,0,0.009837068585010211,0.1509542217218907,4
NVAX,2024-01-23,2024-01-24,2024-01-24,0,-0.030000000000000027,0.36314192730922196,4
NVDA,2024-01-23,2024-01-24,2024-01-30,1,0.050000000000000044,0.33157865849349816,4
QCOM,2024-01-23,2024-01-24,2024-01-29,0,-0.030000000000000027,0.2842964515724249,4
SEI,2024-01-23,2024-01-24,2024-01-26,1,0.052069413305885215,0.48361771913477986,4
STX,2024-01-23,2024-01-24,2024-01-25,0,-0.030000000000000027,0.23856681077067576,4
AAPL,2024-01-24,2024-01-25,2024-01-30,0,-0.029999999999999916,0.3692754817631299,4
AXTI,2024-01-24,2024-01-25,2024-01-25,0,-0.030000000000000027,0.41808140861406945,4
DSX,2024-01-24,2024-01-25,2024-02-01,0,-0.030000000000000138,0.5489487745066813,4
KODK,2024-01-24,2024-01-25,2024-02-02,0,-0.030000000000000027,0.52872911606018,4
MRVL,2024-01-24,2024-01-25,2024-01-25,0,-0.030000000000000027,0.2613356745859477,4
MSFT,2024-01-24,2024-01-25,2024-02-07,0,0.024065099192003503,0.2166583698466898,4
NVAX,2024-01-24,2024-01-25,2024-02-02,0,-0.030000000000000027,0.4150280171540198,4
NVDA,2024-01-24,2024-01-25,2024-02-02,1,0.050000000000000044,0.26799232652977356,4
QCOM,2024-01-24,2024-01-25,2024-01-26,0,-0.034200448297899366,0.3027327488682377,4
SEI,2024-01-24,2024-01-25,2024-02-01,0,-0.030000000000000027,0.55030669156669,4
STX,2024-01-24,2024-01-25,2024-01-25,0,-0.030000000000000027,0.2742012736553355,4
AAPL,2024-01-25,2024-01-26,2024-01-30,0,-0.030000000000000027,0.30234324185915873,4
AXTI,2024-01-25,2024-01-26,2024-01-26,0,-0.030000000000000027,0.4871678931913633,4
DSX,2024-01-25,2024-01-26,2024-02-01,0,-0.029999999999999916,0.5389919824791283,4
KODK,2024-01-25,2024-01-26,2024-01-26,0,-0.030000000000000027,0.4827262904523747,4
MRVL,2024-01-25,2024-01-26,2024-02-01,0,-0.029999999999999916,0.39792470982995787,4
MSFT,2024-01-25,2024-01-26,2024-02-08,0,0.02408702873316093,0.19283681630063926,4
NVAX,2024-01-25,2024-01-26,2024-01-26,0,-0.030000000000000027,0.37385613339736695,4
NVDA,2024-01-25,2024-01-26,2024-02-02,1,0.050000000000000044,0.1746744095683849,4
QCOM,2024-01-25,2024-01-26,2024-01-30,0,-0.029999999999999916,0.25764668381563,4
SEI,2024-01-25,2024-01-26,2024-01-29,0,-0.030000000000000027,0.45633858100056557,4
STX,2024-01-25,2024-01-26,2024-01-30,0,-0.030000000000000027,0.16397586161588107,4
AAPL,2024-01-26,2024-01-29,2024-01-31,0,-0.030000000000000027,0.2911131888283564,4
AXTI,2024-01-26,2024-01-29,2024-01-30,0,-0.030000000000000027,0.4569233914889927,4
DSX,2024-01-26,2024-01-29,2024-02-01,0,-0.030000000000000027,0.44872238361850775,4
KODK,2024-01-26,2024-01-29,2024-01-30,0,-0.030000000000000027,0.474138004303083,4
MRVL,2024-01-26,2024-01-29,2024-02-01,0,-0.030000000000000027,0.4666219522334467,4
MSFT,2024-01-26,2024-01-29,2024-02-09,0,0.035684263287889983,0.12922743264894462,4
NVAX,2024-01-26,2024-01-29,2024-02-02,0,-0.030000000000000027,0.3904971619334185,4
NVDA,2024-01-26,2024-01-29,2024-02-02,1,0.050000000000000044,0.3058826533616761,4
QCOM,2024-01-26,2024-01-29,2024-01-30,0,-0.030000000000000027,0.3783536511910589,4
SEI,2024-01-26,2024-01-29,2024-01-30,0,-0.030000000000000027,0.39927514284110055,4
STX,2024-01-26,2024-01-29,2024-01-30,0,-0.030000000000000027,0.2670559459050549,4
AAPL,2024-01-29,2024-01-30,2024-01-31,0,-0.030000000000000138,0.22024577601837034,4
AXTI,2024-01-29,2024-01-30,2024-01-30,0,-0.030000000000000138,0.4611277176133063,4
DSX,2024-01-29,2024-01-30,2024-02-01,0,-0.030000000000000027,0.5459669323654874,4
KODK,2024-01-29,2024-01-30,2024-01-30,0,-0.030000000000000027,0.500767534799165,4
MRVL,2024-01-29,2024-01-30,2024-01-31,0,-0.03699997431239099,0.3391563383959273,4
MSFT,2024-01-29,2024-01-30,2024-01-31,0,-0.030000000000000027,0.11758394762165564,4
NVAX,2024-01-29,2024-01-30,2024-01-30,0,-0.029999999999999916,0.4038135844402747,4
NVDA,2024-01-29,2024-01-30,2024-01-31,0,-0.030000000000000027,0.14877602743105883,4
QCOM,2024-01-29,2024-01-30,2024-02-01,0,-0.048175903210823434,0.4261230718870188,4
SEI,2024-01-29,2024-01-30,2024-02-01,0,-0.029999999999999916,0.34980130550528427,4
STX,2024-01-29,2024-01-30,2024-01-31,0,-0.029999999999999916,0.2613626151251503,4
AAPL,2024-01-30,2024-01-31,2024-02-02,0,-0.038387505703754043,0.2741343393432166,4
AXTI,2024-01-30,2024-01-31,2024-02-06,0,-0.030000000000000027,0.4318349308020816,4
DSX,2024-01-30,2024-01-31,2024-02-01,0,-0.030000000000000027,0.47160841629697386,4
KODK,2024-01-30,2024-01-31,2024-02-05,0,-0.030000000000000027,0.4457774668668761,4
MRVL,2024-01-30,2024-01-31,2024-02-08,1,0.050000000000000044,0.48335409587023553,4
MSFT,2024-01-30,2024-01-31,2024-02-13,0,-0.0015724981928960657,0.152782303162858,4
NVAX,2024-01-30,2024-01-31,2024-01-31,1,0.050000000000000044,0.39910656428088703,4
NVDA,2024-01-30,2024-01-31,2024-02-02,1,0.050000000000000044,0.13209659755330946,4
QCOM,2024-01-30,2024-01-31,2024-02-01,0,-0.030755456999877917,0.3673050759479801,4
SEI,2024-01-30,2024-01-31,2024-01-31,0,-0.030000000000000027,0.39280484298081647,4
STX,2024-01-30,2024-01-31,2024-02-13,0,-0.00217502426789562,0.47137316006095575,4
AAPL,2024-01-31,2024-02-01,2024-02-14,0,0.002146654453933694,0.265712785746918,4
AXTI,2024-01-31,2024-02-01,2024-02-05,0,-0.030000000000000027,0.4385070965518551,4
DSX,2024-01-31,2024-02-01,2024-02-01,0,-0.030000000000000027,0.5505139922668945,4
KODK,2024-01-31,2024-02-01,2024-02-05,0,-0.030000000000000027,0.45391998225299646,4
MRVL,2024-01-31,2024-02-01,2024-02-01,0,-0.030000000000000027,0.4698499965554261,4
MSFT,2024-01-31,2024-02-01,2024-02-14,0,0.02094722518207126,0.1589936860604223,4
NVAX,2024-01-31,2024-02-01,2024-02-02,0,-0.030000000000000027,0.3759181556627131,4
NVDA,2024-01-31,2024-02-01,2024-02-02,1,0.050000000000000044,0.2839126681720585,4
QCOM,2024-01-31,2024-02-01,2024-02-08,1,0.050000000000000044,0.4584679088278479,4
SEI,2024-01-31,2024-02-01,2024-02-02,0,-0.04227213668850327,0.3666962990699567,4
STX,2024-01-31,2024-02-01,2024-02-12,1,0.050000000000000044,0.3961068690164385,4
AAPL,2024-02-01,2024-02-02,2024-02-05,1,0.050000000000000044,0.27289910968446557,4
AXTI,2024-02-01,2024-02-02,2024-02-05,0,-0.030000000000000027,0.468932679277412,4
DSX,2024-02-01,2024-02-02,2024-02-05,0,-0.030000000000000138,0.5012033335330507,4
KODK,2024-02-01,2024-02-02,2024-02-05,0,-0.030000000000000027,0.41966438384937577,4
MRVL,2024-02-01,2024-02-02,2024-02-08,1,0.050000000000000044,0.4288703836764387,4
MSFT,2024-02-01,2024-02-02,2024-02-15,0,0.008671991312989125,0.14910293776255576,4
NVAX,2024-02-01,2024-02-02,2024-02-02,0,-0.030000000000000027,0.39181893089422837,4
NVDA,2024-02-01,2024-02-02,2024-02-05,1,0.06644893063847923,0.15137055230352361,4
QCOM,2024-02-01,2024-02-02,2024-02-08,1,0.050000000000000044,0.3824073732343805,4
SEI,2024-02-01,2024-02-02,2024-02-12,1,0.050000000000000044,0.34886042910902065,4
STX,2024-02-01,2024-02-02,2024-02-15,0,0.017426279718441462,0.3867004237693309,4
AAPL,2024-02-02,2024-02-05,2024-02-15,0,-0.030000000000000027,0.2289463108993752,4
AXTI,2024-02-02,2024-02-05,2024-02-05,0,-0.030000000000000027,0.47277147273197634,4
DSX,2024-02-02,2024-02-05,2024-02-05,0,-0.030000000000000138,0.5072561966694004,4
KODK,2024-02-02,2024-02-05,2024-02-12,1,0.050000000000000044,0.4765855812581663,4
MRVL,2024-02-02,2024-02-05,2024-02-08,1,0.050000000000000044,0.46359811042218435,4
MSFT,2024-02-02,2024-02-05,2024-02-16,0,-0.012424447338652,0.10576517342217388,4
NVAX,2024-02-02,2024-02-05,2024-02-05,0,-0.030000000000000027,0.38298489043406864,4
NVDA,2024-02-02,2024-02-05,2024-02-09,1,0.050000000000000044,0.16996829150894066,4
QCOM,2024-02-02,2024-02-05,2024-02-09,1,0.05033136677526451,0.3474999309596975,4
SEI,2024-02-02,2024-02-05,2024-02-06,1,0.050000000000000044,0.49178839658522183,4
STX,2024-02-02,2024-02-05,2024-02-16,0,0.004015223719822103,0.36089550131555925,4
AAPL,2024-02-05,2024-02-06,2024-02-20,0,-0.030000000000000027,0.2513441216890972,4
AXTI,2024-02-05,2024-02-06,2024-02-13,0,-0.030000000000000027,0.4663352991963183,4
DSX,2024-02-05,2024-02-06,2024-02-14,0,-0.030000000000000027,0.4821881508175241,4
KODK,2024-02-05,2024-02-06,2024-02-09,1,0.050000000000000044,0.44821908569114,4
MRVL,2024-02-05,2024-02-06,2024-02-08,1,0.050000000000000044,0.43363763801142036,4
MSFT,2024-02-05,2024-02-06,2024-02-20,0,-0.0057778819659752845,0.14956252892374003,4
NVAX,2024-02-05,2024-02-06,2024-02-08,0,-0.030000000000000027,0.40359118963090856,4
NVDA,2024-02-05,2024-02-06,2024-02-06,0,-0.030000000000000027,0.2790976489310571,4
QCOM,2024-02-05,2024-02-06,2024-02-09,1,0.050000000000000044,0.37505354058998375,4
SEI,2024-02-05,2024-02-06,2024-02-12,1,0.050000000000000044,0.5206901403476581,4
STX,2024-02-05,2024-02-06,2024-02-12,1,0.050000000000000044,0.3036134129161093,4
AAPL,2024-02-06,2024-02-07,2024-02-13,0,-0.030000000000000027,0.29233647225629195,4
AXTI,2024-02-06,2024-02-07,2024-02-07,0,-0.030000000000000027,0.503075400542753,4
DSX,2024-02-06,2024-02-07,2024-02-13,0,-0.030000000000000027,0.540762238589405,4
KODK,2024-02-06,2024-02-07,2024-02-12,1,0.050000000000000044,0.48785930660894467,4
MRVL,2024-02-06,2024-02-07,2024-02-08,1,0.050000000000000044,0.4838134969795304,4
MSFT,2024-02-06,2024-02-07,2024-02-21,0,-0.011084546302488896,0.1278076340395582,4
NVAX,2024-02-06,2024-02-07,2024-02-07,0,-0.030000000000000027,0.41838305527708325,4
NVDA,2024-02-06,2024-02-07,2024-02-09,1,0.050000000000000044,0.13094334427382906,4
QCOM,2024-02-06,2024-02-07,2024-02-09,1,0.050000000000000044,0.35685629727501217,4
SEI,2024-02-06,2024-02-07,2024-02-07,0,-0.030000000000000027,0.4893865010518426,4
STX,2024-02-06,2024-02-07,2024-02-21,0,-0.018383662204506823,0.3174467719602949,4
AAPL,2024-02-07,2024-02-08,2024-02-14,0,-0.029999999999999916,0.20121836566778542,4
AXTI,2024-02-07,2024-02-08,2024-02-08,1,0.050000000000000044,0.5274982700317185,4
DSX,2024-02-07,2024-02-08,2024-02-22,0,0.01038063418395696,0.5678853164907456,4
KODK,2024-02-07,2024-02-08,2024-02-09,1,0.050000000000000044,0.49446049197282577,4
MRVL,2024-02-07,2024-02-08,2024-02-09,0,-0.030000000000000027,0.4831748549949763,4
MSFT,2024-02-07,2024-02-08,2024-02-20,0,-0.030000000000000027,0.14669374530030313,4
NVAX,2024-02-07,2024-02-08,2024-02-09,1,0.050000000000000044,0.38298489043406864,4
NVDA,2024-02-07,2024-02-08,2024-02-12,1,0.050000000000000044,0.24122539646242153,4
QCOM,2024-02-07,2024-02-08,2024-02-12,1,0.050000000000000044,0.3383582562029367,4
SEI,2024-02-07,2024-02-08,2024-02-12,1,0.050000000000000044,0.49517230828142783,4
STX,2024-02-07,2024-02-08,2024-02-21,0,-0.030000000000000027,0.32954525811118096,4
AAPL,2024-02-08,2024-02-09,2024-02-14,0,-0.030000000000000027,0.29271754513515846,4
AXTI,2024-02-08,2024-02-09,2024-02-13,0,-0.03212848329303353,0.488557206546897,4
DSX,2024-02-08,2024-02-09,2024-02-13,0,-0.030000000000000027,0.550764735341214,4
KODK,2024-02-08,2024-02-09,2024-02-12,1,0.050000000000000044,0.39745657367515363,4
MRVL,2024-02-08,2024-02-09,2024-02-12,1,0.050000000000000044,0.3517009198703606,4
MSFT,2024-02-08,2024-02-09,2024-02-20,0,-0.030000000000000027,0.1516180402192181,4
NVAX,2024-02-08,2024-02-09,2024-02-09,1,0.050000000000000044,0.39020698517519037,4
NVDA,2024-02-08,2024-02-09,2024-02-12,1,0.050000000000000044,0.09798301998685215,4
QCOM,2024-02-08,2024-02-09,2024-02-15,1,0.050000000000000044,0.325337389635645,4
SEI,2024-02-08,2024-02-09,2024-02-13,0,-0.030000000000000027,0.5133084714140148,4
STX,2024-02-08,2024-02-09,2024-02-21,0,-0.030000000000000027,0.3313210025257159,4
AAPL,2024-02-09,2024-02-12,2024-02-14,0,-0.030000000000000027,0.30783335274162643,4
AXTI,2024-02-09,2024-02-12,2024-02-13,0,-0.04743078534232714,0.45588129455267395,4
DSX,2024-02-09,2024-02-12,2024-02-14,0,-0.029999999999999916,0.544420009767493,4
KODK,2024-02-09,2024-02-12,2024-02-12,1,0.050000000000000044,0.4132973969120457,4
MRVL,2024-02-09,2024-02-12,2024-02-12,1,0.050000000000000044,0.4302878882548112,4
MSFT,2024-02-09,2024-02-12,2024-02-13,0,-0.03714074384313926,0.12967628168809914,4
NVAX,2024-02-09,2024-02-12,2024-02-12,1,0.050000000000000044,0.3931845559663761,4
NVDA,2024-02-09,2024-02-12,2024-02-13,0,-0.03030283026204128,0.2409178816578661,4
QCOM,2024-02-09,2024-02-12,2024-02-26,0,0.0442210494517743,0.374888054554232,4
SEI,2024-02-09,2024-02-12,2024-02-13,0,-0.030000000000000027,0.3768384136025035,4
STX,2024-02-09,2024-02-12,2024-02-13,0,-0.030000000000000027,0.2325243107024502,4
AAPL,2024-02-12,2024-02-13,2024-02-20,0,-0.030000000000000027,0.3023383238555547,4
AXTI,2024-02-12,2024-02-13,2024-02-13,0,-0.029999999999999916,0.5151974837844312,4
DSX,2024-02-12,2024-02-13,2024-02-13,0,-0.030000000000000138,0.5126723792009639,4
KODK,2024-02-12,2024-02-13,2024-02-13,0,-0.030000000000000027,0.4968058752555192,4
MRVL,2024-02-12,2024-02-13,2024-02-20,0,-0.030000000000000027,0.4815785532152665,4
MSFT,2024-02-12,2024-02-13,2024-02-27,0,0.008133241603826447,0.2012582372370325,4
NVAX,2024-02-12,2024-02-13,2024-02-13,0,-0.030000000000000027,0.46112247886043545,4
NVDA,2024-02-12,2024-02-13,2024-02-14,1,0.050000000000000044,0.11594724275923922,4
QCOM,2024-02-12,2024-02-13,2024-02-16,1,0.050000000000000044,0.31478618838769085,4
SEI,2024-02-12,2024-02-13,2024-02-13,0,-0.030000000000000027,0.4749761083016431,4
STX,2024-02-12,2024-02-13,2024-02-21,0,-0.029999999999999916,0.22271839436320032,4
AAPL,2024-02-13,2024-02-14,2024-02-27,0,-0.029999999999999916,0.26537810886681434,4
AXTI,2024-02-13,2024-02-14,2024-02-16,1,0.050000000000000044,0.5085325882410682,4
DSX,2024-02-13,2024-02-14,2024-02-27,1,0.050000000000000044,0.5025718791801744,4
KODK,2024-02-13,2024-02-14,2024-02-15,1,0.050000000000000044,0.4681271695564652,4
MRVL,2024-02-13,2024-02-14,2024-02-15,0,-0.030000000000000138,0.44892312894133407,4
MSFT,2024-02-13,2024-02-14,2024-02-28,0,-0.0008576579680105167,0.16502200847582452,4
NVAX,2024-02-13,2024-02-14,2024-02-15,1,0.050000000000000044,0.3992690831181041,4
NVDA,2024-02-13,2024-02-14,2024-02-20,0,-0.030000000000000138,0.10687340968106705,4
QCOM,2024-02-13,2024-02-14,2024-02-27,1,0.050000000000000044,0.46715948360731097,4
SEI,2024-02-13,2024-02-14,2024-02-15,1,0.050000000000000044,0.49251420475668956,4
STX,2024-02-13,2024-02-14,2024-02-21,0,-0.030000000000000027,0.3027807690783878,4
AAPL,2024-02-14,2024-02-15,2024-02-29,0,-0.015254881346000837,0.2726093213367898,4
AXTI,2024-02-14,2024-02-15,2024-02-16,1,0.050000000000000044,0.4482515076889294,4
DSX,2024-02-14,2024-02-15,2024-02-27,1,0.050000000000000044,0.513047208955518,4
KODK,2024-02-14,2024-02-15,2024-02-20,0,-0.030000000000000027,0.4508486276705191,4
MRVL,2024-02-14,2024-02-15,2024-02-16,0,-0.030000000000000138,0.5103640016628329,4
MSFT,2024-02-14,2024-02-15,2024-02-29,0,0.013475633658800668,0.16314549662853323,4
NVAX,2024-02-14,2024-02-15,2024-02-15,1,0.050000000000000044,0.30490405186526337,4
NVDA,2024-02-14,2024-02-15,2024-02-20,0,-0.030000000000000138,0.11133179470349967,4
QCOM,2024-02-14,2024-02-15,2024-02-20,0,-0.029999999999999916,0.3185945960249084,4
SEI,2024-02-14,2024-02-15,2024-02-15,1,0.050000000000000044,0.519137215640279,4
STX,2024-02-14,2024-02-15,2024-02-21,0,-0.029999999999999916,0.34562901091563547,4
AAPL,2024-02-15,2024-02-16,2024-03-01,0,-0.030000000000000027,0.2726093213367898,4
AXTI,2024-02-15,2024-02-16,2024-02-20,0,-0.029999999999999916,0.45803431959726526,4
DSX,2024-02-15,2024-02-16,2024-02-23,0,-0.030000000000000138,0.5265356304136631,4
KODK,2024-02-15,2024-02-16,2024-02-20,0,-0.030000000000000027,0.5117864590592934,4
MRVL,2024-02-15,2024-02-16,2024-02-20,0,-0.030000000000000027,0.3730178729459256,4
MSFT,2024-02-15,2024-02-16,2024-03-01,0,0.018482136936257998,0.20302058344224877,4
NVAX,2024-02-15,2024-02-16,2024-02-20,0,-0.029999999999999916,0.39185525663879894,4
NVDA,2024-02-15,2024-02-16,2024-02-20,0,-0.030000000000000027,0.13146145741868095,4
QCOM,2024-02-15,2024-02-16,2024-02-16,0,-0.030000000000000027,0.3007895141570239,4
SEI,2024-02-15,2024-02-16,2024-02-20,0,-0.030000000000000027,0.546805625760642,4
STX,2024-02-15,2024-02-16,2024-02-20,0,-0.030000000000000027,0.25153215056469946,4
AAPL,2024-02-16,2024-02-20,2024-03-04,0,-0.031024853119538065,0.25836471710593045,4
AXTI,2024-02-16,2024-02-20,2024-02-20,0,-0.030000000000000027,0.4486580395651645,4
DSX,2024-02-16,2024-02-20,2024-02-27,1,0.050000000000000044,0.5400402654465396,4
KODK,2024-02-16,2024-02-20,2024-02-29,1,0.050000000000000044,0.3955124302273664,4
MRVL,2024-02-16,2024-02-20,2024-02-20,0,-0.030000000000000027,0.39654084998426964,4
MSFT,2024-02-16,2024-02-20,2024-03-04,0,0.028965324305105122,0.248090469482966,4
NVAX,2024-02-16,2024-02-20,2024-02-21,0,-0.030000000000000027,0.299733044229839,4
NVDA,2024-02-16,2024-02-20,2024-02-20,0,-0.029999999999999916,0.14404389672956802,4
QCOM,2024-02-16,2024-02-20,2024-03-01,1,0.054707894970219995,0.42109958227634753,4
SEI,2024-02-16,2024-02-20,2024-02-27,1,0.050000000000000044,0.4746090266349375,4
STX,2024-02-16,2024-02-20,2024-02-21,0,-0.030000000000000027,0.22034517425450756,4
AAPL,2024-02-20,2024-02-21,2024-03-04,0,-0.03182361798703459,0.25365109164359945,4
AXTI,2024-02-20,2024-02-21,2024-02-21,0,-0.029999999999999916,0.4776985110212289,4
DSX,2024-02-20,2024-02-21,2024-02-27,1,0.050000000000000044,0.5255828713786075,4
KODK,2024-02-20,2024-02-21,2024-02-29,1,0.050000000000000044,0.4371667183907088,4
MRVL,2024-02-20,2024-02-21,2024-02-22,1,0.06759686249946628,0.3558812335950429,4
MSFT,2024-02-20,2024-02-21,2024-03-05,0,0.006197319669166035,0.21436493067376225,4
NVAX,2024-02-20,2024-02-21,2024-02-21,0,-0.030000000000000027,0.19283539303457123,4
NVDA,2024-02-20,2024-02-21,2024-02-22,1,0.10321142149273443,0.3047024388233774,4
QCOM,2024-02-20,2024-02-21,2024-02-26,1,0.050000000000000044,0.42626700647363436,4
SEI,2024-02-20,2024-02-21,2024-02-23,0,-0.030000000000000027,0.47696747747042684,4
STX,2024-02-20,2024-02-21,2024-02-27,1,0.05644795594870877,0.26688832552232217,4
AAPL,2024-02-21,2024-02-22,2024-03-01,0,-0.030000000000000138,0.3065256039459607,5
AXTI,2024-02-21,2024-02-22,2024-02-23,1,0.41071431802547687,0.5035779827961246,5
DSX,2024-02-21,2024-02-22,2024-02-23,0,-0.030000000000000027,0.40590130854777673,5
KODK,2024-02-21,2024-02-22,2024-02-29,1,0.050000000000000044,0.44571238727305335,5
MRVL,2024-02-21,2024-02-22,2024-03-01,1,0.07449898477072381,0.35803217797379727,5
MSFT,2024-02-21,2024-02-22,2024-03-06,0,-0.019747016590466737,0.354726590542802,5
NVAX,2024-02-21,2024-02-22,2024-02-22,1,0.050000000000000044,0.32775523194213685,5
NVDA,2024-02-21,2024-02-22,2024-02-23,1,0.07684111518670611,0.20884744230535937,5
QCOM,2024-02-21,2024-02-22,2024-03-01,1,0.050000000000000044,0.3790554511458364,5
SEI,2024-02-21,2024-02-22,2024-02-23,0,-0.030000000000000027,0.40732494966535765,5
STX,2024-02-21,2024-02-22,2024-02-27,1,0.05167422077687811,0.3769216268725063,5
AAPL,2024-02-22,2024-02-23,2024-03-01,0,-0.030000000000000027,0.24444083433830213,5
AXTI,2024-02-22,2024-02-23,2024-02-23,1,0.050000000000000044,0.5457167426226697,5
DSX,2024-02-22,2024-02-23,2024-02-27,1,0.050000000000000044,0.43392737298051937,5
KODK,2024-02-22,2024-02-23,2024-02-27,1,0.050000000000000044,0.43167865143027745,5
MRVL,2024-02-22,2024-02-23,2024-02-23,0,-0.030000000000000138,0.45832170312225495,5
MSFT,2024-02-22,2024-02-23,2024-03-05,0,-0.030000000000000027,0.3362098113346594,5
NVAX,2024-02-22,2024-02-23,2024-02-23,1,0.050000000000000044,0.24681661233808935,5
NVDA,2024-02-22,2024-02-23,2024-02-23,0,-0.030000000000000138,0.2576453965100208,5
QCOM,2024-02-22,2024-02-23,2024-03-01,1,0.050000000000000044,0.33903331623787025,5
SEI,2024-02-22,2024-02-23,2024-02-27,1,0.050000000000000044,0.3881918254019044,5
STX,2024-02-22,2024-02-23,2024-02-27,1,0.050000000000000044,0.32961427704011576,5
AAPL,2024-02-23,2024-02-26,2024-03-04,0,-0.03341735888320574,0.33662087304867333,5
AXTI,2024-02-23,2024-02-26,2024-02-26,0,-0.030000000000000027,0.3655473816106373,5
DSX,2024-02-23,2024-02-26,2024-02-28,1,0.050000000000000044,0.23698264920639642,5
KODK,2024-02-23,2024-02-26,2024-02-27,1,0.050000000000000044,0.5143844936486176,5
MRVL,2024-02-23,2024-02-26,2024-02-29,1,0.050000000000000044,0.32719948359663753,5
MSFT,2024-02-23,2024-02-26,2024-03-06,0,-0.030000000000000138,0.3480283952961639,5
NVAX,2024-02-23,2024-02-26,2024-02-26,1,0.050000000000000044,0.24265283006209845,5
NVDA,2024-02-23,2024-02-26,2024-02-27,0,-0.029999999999999916,0.15439078153654703,5
QCOM,2024-02-23,2024-02-26,2024-03-01,1,0.050000000000000044,0.3406673129331277,5
SEI,2024-02-23,2024-02-26,2024-02-27,0,-0.03603615241784364,0.30152897447148863,5
STX,2024-02-23,2024-02-26,2024-02-27,1,0.050000000000000044,0.24364374303451078,5
AAPL,2024-02-26,2024-02-27,2024-03-04,0,-0.030000000000000027,0.30042088080258544,5
AXTI,2024-02-26,2024-02-27,2024-02-27,1,0.050000000000000044,0.3743497098215407,5
DSX,2024-02-26,2024-02-27,2024-02-28,1,0.050000000000000044,0.43887163890192615,5
KODK,2024-02-26,2024-02-27,2024-02-29,1,0.050000000000000044,0.4363823201406187,5
MRVL,2024-02-26,2024-02-27,2024-02-28,0,-0.030000000000000027,0.3928082276534935,5
MSFT,2024-02-26,2024-02-27,2024-03-11,0,-0.00850509786169762,0.3365446646787165,5
NVAX,2024-02-26,2024-02-27,2024-02-27,1,0.050000000000000044,0.33652970189967774,5
NVDA,2024-02-26,2024-02-27,2024-03-04,1,0.05982530627214433,0.29387969570007083,5
QCOM,2024-02-26,2024-02-27,2024-03-04,1,0.05203621126038982,0.3252806652404464,5
SEI,2024-02-26,2024-02-27,2024-02-27,1,0.050000000000000044,0.33060148329205424,5
STX,2024-02-26,2024-02-27,2024-03-01,1,0.050000000000000044,0.26315584750383564,5
AAPL,2024-02-27,2024-02-28,2024-03-04,0,-0.034847378901004866,0.20196218246583367,5
AXTI,2024-02-27,2024-02-28,2024-02-28,0,-0.029999999999999916,0.41351328512094276,5
DSX,2024-02-27,2024-02-28,2024-03-04,0,-0.030000000000000027,0.4276314482813341,5
KODK,2024-02-27,2024-02-28,2024-02-29,1,0.050000000000000044,0.4837574555395719,5
MRVL,2024-02-27,2024-02-28,2024-02-29,1,0.050000000000000044,0.4107417933182962,5
MSFT,2024-02-27,2024-02-28,2024-03-12,0,0.01739418950232463,0.32392745047374105,5
NVAX,2024-02-27,2024-02-28,2024-02-28,0,-0.030000000000000027,0.4323778995038338,5
NVDA,2024-02-27,2024-02-28,2024-03-01,1,0.050000000000000044,0.2508414831723722,5
QCOM,2024-02-27,2024-02-28,2024-03-01,1,0.050000000000000044,0.30753913347378115,5
SEI,2024-02-27,2024-02-28,2024-03-01,1,0.050000000000000044,0.4688608971577362,5
STX,2024-02-27,2024-02-28,2024-03-01,1,0.05426688786861078,0.29868411733108696,5
AAPL,2024-02-28,2024-02-29,2024-03-04,0,-0.030000000000000027,0.2997050725525296,5
AXTI,2024-02-28,2024-02-29,2024-02-29,0,-0.029999999999999916,0.37027624905843237,5
DSX,2024-02-28,2024-02-29,2024-03-04,0,-0.030000000000000027,0.4944443017133085,5
KODK,2024-02-28,2024-02-29,2024-02-29,1,0.050000000000000044,0.3559222155111585,5
MRVL,2024-02-28,2024-02-29,2024-03-01,1,0.0757488696170594,0.33754388363673427,5
MSFT,2024-02-28,2024-02-29,2024-03-13,0,0.015808618723800905,0.3103146182940575,5
NVAX,2024-02-28,2024-02-29,2024-02-29,1,0.050000000000000044,0.43025362176551285,5
NVDA,2024-02-28,2024-02-29,2024-03-04,1,0.0636708425199135,0.42397104983491973,5
QCOM,2024-02-28,2024-02-29,2024-03-04,1,0.05259137137942571,0.2919860333679602,5
SEI,2024-02-28,2024-02-29,2024-03-01,1,0.050000000000000044,0.40443872496415856,5
STX,2024-02-28,2024-02-29,2024-03-01,1,0.050000000000000044,0.34494151851417054,5
AAPL,2024-02-29,2024-03-01,2024-03-04,0,-0.030000000000000027,0.3044760333392892,5
AXTI,2024-02-29,2024-03-01,2024-03-01,0,-0.030000000000000027,0.3222327120246985,5
DSX,2024-02-29,2024-03-01,2024-03-05,0,-0.030000000000000138,0.508969833480407,5
KODK,2024-02-29,2024-03-01,2024-03-01,0,-0.030000000000000027,0.4608982330388354,5
MRVL,2024-02-29,2024-03-01,2024-03-01,1,0.050000000000000044,0.4509716197979151,5
MSFT,2024-02-29,2024-03-01,2024-03-06,0,-0.030000000000000027,0.2984364670734016,5
NVAX,2024-02-29,2024-03-01,2024-03-01,0,-0.030000000000000138,0.4851105563771785,5
NVDA,2024-02-29,2024-03-01,2024-03-04,1,0.051624825592246903,0.25192107258524854,5
QCOM,2024-02-29,2024-03-01,2024-03-04,1,0.050000000000000044,0.32064329852925993,5
SEI,2024-02-29,2024-03-01,2024-03-04,0,-0.030000000000000027,0.44346799153658034,5
STX,2024-02-29,2024-03-01,2024-03-04,1,0.050000000000000044,0.32985355991227006,5
AAPL,2024-03-01,2024-03-04,2024-03-05,0,-0.030598883487835904,0.3090347579635114,5
AXTI,2024-03-01,2024-03-04,2024-03-04,0,-0.029999999999999916,0.378917025935852,5
DSX,2024-03-01,2024-03-04,2024-03-04,0,-0.030000000000000027,0.47088301469198407,5
KODK,2024-03-01,2024-03-04,2024-03-04,0,-0.029999999999999916,0.5307807170235028,5
MRVL,2024-03-01,2024-03-04,2024-03-07,1,0.050000000000000044,0.4284265702189513,5
MSFT,2024-03-01,2024-03-04,2024-03-05,0,-0.029999999999999916,0.3054663644728712,5
NVAX,2024-03-01,2024-03-04,2024-03-04,0,-0.030000000000000027,0.4073868383804514,5
NVDA,2024-03-01,2024-03-04,2024-03-06,1,0.050000000000000044,0.2797312217727781,5
QCOM,2024-03-01,2024-03-04,2024-03-07,1,0.050000000000000044,0.19561021211230176,5
SEI,2024-03-01,2024-03-04,2024-03-04,0,-0.030000000000000027,0.4957212926378971,5
STX,2024-03-01,2024-03-04,2024-03-06,0,-0.030000000000000027,0.2985795345472514,5
AAPL,2024-03-04,2024-03-05,2024-03-18,0,0.017334335187882077,0.30398149622377946,5
AXTI,2024-03-04,2024-03-05,2024-03-05,1,0.050000000000000044,0.3545572120600618,5
DSX,2024-03-04,2024-03-05,2024-03-12,1,0.050000000000000044,0.5498065170875589,5
KODK,2024-03-04,2024-03-05,2024-03-05,1,0.050000000000000044,0.42266036891137526,5
MRVL,2024-03-04,2024-03-05,2024-03-06,1,0.050000000000000044,0.28789105521666025,5
MSFT,2024-03-04,2024-03-05,2024-03-05,0,-0.030000000000000027,0.3094928475245255,5
NVAX,2024-03-04,2024-03-05,2024-03-05,1,0.050000000000000044,0.3233521269896587,5
NVDA,2024-03-04,2024-03-05,2024-03-06,1,0.050000000000000044,0.2651731353237705,5
QCOM,2024-03-04,2024-03-05,2024-03-07,1,0.050000000000000044,0.2732336087550732,5
SEI,2024-03-04,2024-03-05,2024-03-11,1,0.050000000000000044,0.40628525641423857,5
STX,2024-03-04,2024-03-05,2024-03-06,0,-0.030000000000000027,0.29229773130083503,5
AAPL,2024-03-05,2024-03-06,2024-03-19,0,0.029346359934287358,0.3503065033227769,5
AXTI,2024-03-05,2024-03-06,2024-03-06,1,0.050000000000000044,0.3486628324551365,5
DSX,2024-03-05,2024-03-06,2024-03-12,1,0.050000000000000044,0.496079530484235,5
KODK,2024-03-05,2024-03-06,2024-03-06,1,0.050000000000000044,0.424272680896882,5
MRVL,2024-03-05,2024-03-06,2024-03-07,1,0.050000000000000044,0.36806645792430465,5
MSFT,2024-03-05,2024-03-06,2024-03-14,1,0.050000000000000044,0.34067377079784317,5
NVAX,2024-03-05,2024-03-06,2024-03-06,0,-0.029999999999999916,0.3045802071030368,5
NVDA,2024-03-05,2024-03-06,2024-03-07,1,0.050000000000000044,0.27254775670604375,5
QCOM,2024-03-05,2024-03-06,2024-03-07,1,0.050000000000000044,0.24883507466303467,5
SEI,2024-03-05,2024-03-06,2024-03-12,1,0.050000000000000044,0.316335859126911,5
STX,2024-03-05,2024-03-06,2024-03-06,0,-0.030000000000000027,0.42857979217153275,5
AAPL,2024-03-06,2024-03-07,2024-03-18,1,0.050000000000000044,0.4346019570793748,5
AXTI,2024-03-06,2024-03-07,2024-03-07,0,-0.030000000000000027,0.40370110575845675,5
DSX,2024-03-06,2024-03-07,2024-03-12,1,0.050000000000000044,0.4654399784428097,5
KODK,2024-03-06,2024-03-07,2024-03-07,1,0.050000000000000044,0.4246060106602376,5
MRVL,2024-03-06,2024-03-07,2024-03-07,1,0.050000000000000044,0.4071025789680054,5
MSFT,2024-03-06,2024-03-07,2024-03-14,1,0.050000000000000044,0.41248884583971646,5
NVAX,2024-03-06,2024-03-07,2024-03-08,0,-0.030000000000000027,0.28079945704091197,5
NVDA,2024-03-06,2024-03-07,2024-03-08,1,0.055236318942228024,0.1744912814173879,5
QCOM,2024-03-06,2024-03-07,2024-03-19,0,-0.030000000000000027,0.20775007911010213,5
SEI,2024-03-06,2024-03-07,2024-03-11,1,0.050000000000000044,0.3672266376923511,5
STX,2024-03-06,2024-03-07,2024-03-07,0,-0.030000000000000027,0.4213082072608508,5
AAPL,2024-03-07,2024-03-08,2024-03-18,1,0.050000000000000044,0.4310342430961228,5
AXTI,2024-03-07,2024-03-08,2024-03-08,1,0.050000000000000044,0.3361885687673745,5
DSX,2024-03-07,2024-03-08,2024-03-21,0,-7.491229747635941e-09,0.42420378633112543,5
KODK,2024-03-07,2024-03-08,2024-03-13,1,0.050000000000000044,0.38601814572400317,5
MRVL,2024-03-07,2024-03-08,2024-03-08,0,-0.029999999999999916,0.17129054062721993,5
MSFT,2024-03-07,2024-03-08,2024-03-21,1,0.05360807220402375,0.4150329183067654,5
NVAX,2024-03-07,2024-03-08,2024-03-08,0,-0.029999999999999916,0.34955256077081653,5
NVDA,2024-03-07,2024-03-08,2024-03-08,0,-0.030000000000000027,0.1787754676135389,5
QCOM,2024-03-07,2024-03-08,2024-03-11,0,-0.033291490540466095,0.27151846894079434,5
SEI,2024-03-07,2024-03-08,2024-03-12,1,0.050000000000000044,0.30263004824447015,5
STX,2024-03-07,2024-03-08,2024-03-11,0,-0.030000000000000027,0.44742663678649863,5
AAPL,2024-03-08,2024-03-11,2024-03-22,0,-0.0038163888189275408,0.31385547641144396,5
AXTI,2024-03-08,2024-03-11,2024-03-11,0,-0.030000000000000027,0.32858965002869495,5
DSX,2024-03-08,2024-03-11,2024-03-20,0,-0.030000000000000027,0.38167652356814774,5
KODK,2024-03-08,2024-03-11,2024-03-13,1,0.050000000000000044,0.42936021119181134,5
MRVL,2024-03-08,2024-03-11,2024-03-11,0,-0.030000000000000027,0.5235246925953636,5
MSFT,2024-03-08,2024-03-11,2024-03-14,1,0.050000000000000044,0.40493942500760416,5
NVAX,2024-03-08,2024-03-11,2024-03-11,0,-0.030000000000000027,0.421636761957885,5
NVDA,2024-03-08,2024-03-11,2024-03-12,1,0.050000000000000044,0.34544436289824343,5
QCOM,2024-03-08,2024-03-11,2024-03-19,0,-0.030000000000000027,0.20364308973421882,5
SEI,2024-03-08,2024-03-11,2024-03-13,1,0.050000000000000044,0.3774788653500346,5
STX,2024-03-08,2024-03-11,2024-03-13,0,-0.030000000000000027,0.4076323280884202,5
AAPL,2024-03-11,2024-03-12,2024-03-25,0,-0.013283127270463102,0.2915971788678066,5
AXTI,2024-03-11,2024-03-12,2024-03-12,0,-0.030000000000000027,0.32847324622792107,5
DSX,2024-03-11,2024-03-12,2024-03-20,0,-0.030000000000000027,0.3199642740289825,5
KODK,2024-03-11,2024-03-12,2024-03-13,1,0.050000000000000044,0.39665694541095503,5
MRVL,2024-03-11,2024-03-12,2024-03-13,0,-0.03311427888919816,0.4084245942201964,5
MSFT,2024-03-11,2024-03-12,2024-03-21,1,0.054487134097080725,0.45681130668459763,5
NVAX,2024-03-11,2024-03-12,2024-03-12,0,-0.030000000000000138,0.5023039991978266,5
NVDA,2024-03-11,2024-03-12,2024-03-19,0,-0.029999999999999916,0.45698630309460614,5
QCOM,2024-03-11,2024-03-12,2024-03-14,0,-0.030000000000000027,0.22779699228270725,5
SEI,2024-03-11,2024-03-12,2024-03-19,1,0.050000000000000044,0.41055057983652665,5
STX,2024-03-11,2024-03-12,2024-03-13,0,-0.029999999999999916,0.39502699614908643,5
AAPL,2024-03-12,2024-03-13,2024-03-26,0,-0.017711266375186163,0.2511846368411214,5
AXTI,2024-03-12,2024-03-13,2024-03-13,0,-0.030000000000000027,0.3731719816489605,5
DSX,2024-03-12,2024-03-13,2024-03-14,0,-0.030000000000000027,0.35043774343858947,5
KODK,2024-03-12,2024-03-13,2024-03-13,1,0.050000000000000044,0.3245639660779287,5
MRVL,2024-03-12,2024-03-13,2024-03-13,0,-0.030000000000000027,0.41269632867938005,5
MSFT,2024-03-12,2024-03-13,2024-03-26,0,0.008490737314206243,0.4999188050822651,5
NVAX,2024-03-12,2024-03-13,2024-03-15,1,0.050000000000000044,0.46955439717968483,5
NVDA,2024-03-12,2024-03-13,2024-03-14,0,-0.030000000000000027,0.1815614193382676,5
QCOM,2024-03-12,2024-03-13,2024-03-15,0,-0.030000000000000027,0.201504811394349,5
SEI,2024-03-12,2024-03-13,2024-03-14,0,-0.030000000000000027,0.4229357982894153,5
STX,2024-03-12,2024-03-13,2024-03-14,0,-0.030000000000000027,0.42156419520127325,5
AAPL,2024-03-13,2024-03-14,2024-03-27,0,0.0023134934093140824,0.27151333209660117,5
AXTI,2024-03-13,2024-03-14,2024-03-14,0,-0.029999999999999916,0.3452429903072923,5
DSX,2024-03-13,2024-03-14,2024-03-20,0,-0.030000000000000027,0.34590223411895255,5
KODK,2024-03-13,2024-03-14,2024-03-14,0,-0.030000000000000027,0.2212700781389642,5
MRVL,2024-03-13,2024-03-14,2024-03-14,0,-0.030000000000000027,0.41470711824397594,5
MSFT,2024-03-13,2024-03-14,2024-03-27,0,0.0028317927036698443,0.4806002453664801,5
NVAX,2024-03-13,2024-03-14,2024-03-14,0,-0.030000000000000138,0.47225327688517077,5
NVDA,2024-03-13,2024-03-14,2024-03-14,0,-0.029999999999999916,0.27265339026731583,5
QCOM,2024-03-13,2024-03-14,2024-03-19,0,-0.030000000000000027,0.23980232150839267,5
SEI,2024-03-13,2024-03-14,2024-03-21,1,0.050000000000000044,0.3749113173191096,5
STX,2024-03-13,2024-03-14,2024-03-14,0,-0.029999999999999916,0.37752040604155934,5
AAPL,2024-03-14,2024-03-15,2024-03-28,0,0.0018109882957793033,0.245201528250123,5
AXTI,2024-03-14,2024-03-15,2024-03-15,1,0.050000000000000044,0.44087779611162026,5
DSX,2024-03-14,2024-03-15,2024-03-20,0,-0.030000000000000138,0.40897307836837316,5
KODK,2024-03-14,2024-03-15,2024-03-15,0,-0.030000000000000027,0.337288575814704,5
MRVL,2024-03-14,2024-03-15,2024-03-19,0,-0.030000000000000027,0.41086276335961475,5
MSFT,2024-03-14,2024-03-15,2024-03-28,0,0.003410514875599846,0.47775386636218675,5
NVAX,2024-03-14,2024-03-15,2024-03-15,1,0.050000000000000044,0.46490828738798456,5
NVDA,2024-03-14,2024-03-15,2024-03-18,1,0.050000000000000044,0.41872929111756746,5
QCOM,2024-03-14,2024-03-15,2024-03-28,0,0.013165708092746309,0.26771598209439035,5
SEI,2024-03-14,2024-03-15,2024-03-19,1,0.050000000000000044,0.3912968948774374,5
STX,2024-03-14,2024-03-15,2024-03-21,1,0.08435959487526312,0.36961874813337975,5
AAPL,2024-03-15,2024-03-18,2024-03-22,0,-0.029999999999999916,0.245201528250123,5
AXTI,2024-03-15,2024-03-18,2024-03-18,0,-0.030000000000000027,0.3981302811452583,5
DSX,2024-03-15,2024-03-18,2024-03-25,0,-0.030000000000000027,0.3260956046143501,5
KODK,2024-03-15,2024-03-18,2024-03-20,0,-0.030000000000000027,0.34988315084828353,5
MRVL,2024-03-15,2024-03-18,2024-03-19,0,-0.041721911061618266,0.3688483383081599,5
MSFT,2024-03-15,2024-03-18,2024-04-01,0,0.024912631089559767,0.4012702223753271,5
NVAX,2024-03-15,2024-03-18,2024-03-19,0,-0.032442673069146166,0.4960650538046257,5
NVDA,2024-03-15,2024-03-18,2024-03-18,0,-0.030000000000000027,0.42438070934954025,5
QCOM,2024-03-15,2024-03-18,2024-03-19,0,-0.030000000000000138,0.25580693682503985,5
SEI,2024-03-15,2024-03-18,2024-04-01,0,0.021102109882878972,0.4288699741663659,5
STX,2024-03-15,2024-03-18,2024-03-21,1,0.06271259797700712,0.3590455541162372,5
AAPL,2024-03-18,2024-03-19,2024-04-02,0,-0.030170889988085814,0.29537764835615615,5
AXTI,2024-03-18,2024-03-19,2024-03-19,0,-0.029999999999999916,0.4011167854427162,5
DSX,2024-03-18,2024-03-19,2024-03-25,0,-0.030000000000000027,0.40813181291072503,5
KODK,2024-03-18,2024-03-19,2024-03-25,0,-0.03361351188145911,0.3028950561157526,5
MRVL,2024-03-18,2024-03-19,2024-03-21,1,0.050000000000000044,0.3574538060979053,5
MSFT,2024-03-18,2024-03-19,2024-04-02,0,0.008639898382317046,0.35611763546084946,5
NVAX,2024-03-18,2024-03-19,2024-03-20,0,-0.030000000000000027,0.47011045235083604,5
NVDA,2024-03-18,2024-03-19,2024-03-21,1,0.06459062819962935,0.3976472499997411,5
QCOM,2024-03-18,2024-03-19,2024-04-02,0,0.029802849125203368,0.23049760167569677,5
SEI,2024-03-18,2024-03-19,2024-03-21,1,0.050000000000000044,0.46368146143680194,5
STX,2024-03-18,2024-03-19,2024-03-21,1,0.08807497834655709,0.355967605737877,5
AAPL,2024-03-19,2024-03-20,2024-03-22,0,-0.029999999999999916,0.2644283390169853,5
AXTI,2024-03-19,2024-03-20,2024-03-20,1,0.050000000000000044,0.45576384172976553,5
DSX,2024-03-19,2024-03-20,2024-04-02,0,-0.029999999999999916,0.3605466073937629,5
KODK,2024-03-19,2024-03-20,2024-03-21,1,0.050000000000000044,0.30592643178776835,5
MRVL,2024-03-19,2024-03-20,2024-03-21,1,0.050000000000000044,0.3553819935765089,5
MSFT,2024-03-19,2024-03-20,2024-04-03,0,-0.003672983187919643,0.35172275866289515,5
NVAX,2024-03-19,2024-03-20,2024-03-20,0,-0.030000000000000027,0.47705369993941965,5
NVDA,2024-03-19,2024-03-20,2024-03-22,1,0.050000000000000044,0.2902768849625018,5
QCOM,2024-03-19,2024-03-20,2024-03-21,1,0.050000000000000044,0.44812734346009386,5
SEI,2024-03-19,2024-03-20,2024-03-26,0,-0.030000000000000027,0.45375133261796047,5
STX,2024-03-19,2024-03-20,2024-03-21,1,0.060729186001576174,0.3257576623395194,5
AAPL,2024-03-20,2024-03-21,2024-03-21,0,-0.030000000000000138,0.3262420345562616,5
AXTI,2024-03-20,2024-03-21,2024-03-21,1,0.050000000000000044,0.3541387624569081,5
DSX,2024-03-20,2024-03-21,2024-04-02,0,-0.030000000000000027,0.37278155331805907,5
KODK,2024-03-20,2024-03-21,2024-03-22,0,-0.030000000000000027,0.3271959172652022,5
MRVL,2024-03-20,2024-03-21,2024-03-22,0,-0.030000000000000138,0.3325352899093607,5
MSFT,2024-03-20,2024-03-21,2024-04-04,0,-0.02780165560644543,0.3441315542137559,5
NVAX,2024-03-20,2024-03-21,2024-03-21,0,-0.029999999999999916,0.46952955311452094,5
NVDA,2024-03-20,2024-03-21,2024-03-27,0,-0.029999999999999916,0.25881412973782286,5
QCOM,2024-03-20,2024-03-21,2024-04-04,0,-0.005739919608858668,0.25515773514724804,5
SEI,2024-03-20,2024-03-21,2024-03-22,0,-0.029999999999999916,0.4220243028404373,5
STX,2024-03-20,2024-03-21,2024-03-21,0,-0.030000000000000138,0.3086049412209007,5
AAPL,2024-03-21,2024-03-22,2024-04-05,0,-0.012692194882847452,0.30038474973861923,5
AXTI,2024-03-21,2024-03-22,2024-03-22,0,-0.030000000000000027,0.3134510836246506,5
DSX,2024-03-21,2024-03-22,2024-03-25,0,-0.029999999999999916,0.3613610498067808,5
KODK,2024-03-21,2024-03-22,2024-03-22,0,-0.030000000000000027,0.28952794620184874,5
MRVL,2024-03-21,2024-03-22,2024-03-27,1,0.07918544864023547,0.3366286249559835,5
MSFT,2024-03-21,2024-03-22,2024-04-05,0,-0.009727801643346523,0.25503708295278527,5
NVAX,2024-03-21,2024-03-22,2024-03-28,1,0.050000000000000044,0.4689489468606701,5
NVDA,2024-03-21,2024-03-22,2024-03-25,1,0.050000000000000044,0.25166733163998095,5
QCOM,2024-03-21,2024-03-22,2024-04-05,0,0.011677929780521401,0.25742701005852237,5
SEI,2024-03-21,2024-03-22,2024-03-22,0,-0.030000000000000027,0.3877604224126403,5
STX,2024-03-21,2024-03-22,2024-03-26,1,0.05280941850542331,0.336596267324491,5
AAPL,2024-03-22,2024-03-25,2024-04-08,0,-0.012428993477059613,0.3219675654992816,5
AXTI,2024-03-22,2024-03-25,2024-03-25,0,-0.030000000000000027,0.5428193972044553,5
DSX,2024-03-22,2024-03-25,2024-04-02,0,-0.029999999999999916,0.45954598445407285,5
KODK,2024-03-22,2024-03-25,2024-03-28,1,0.050000000000000044,0.3353974775255173,5
MRVL,2024-03-22,2024-03-25,2024-03-26,1,0.050000000000000044,0.32467786409047505,5
MSFT,2024-03-22,2024-03-25,2024-04-08,0,-0.0015284392929612034,0.22591478757571942,5
NVAX,2024-03-22,2024-03-25,2024-03-26,1,0.050000000000000044,0.4384652014001688,5
NVDA,2024-03-22,2024-03-25,2024-03-27,0,-0.030000000000000027,0.2763360272622573,5
QCOM,2024-03-22,2024-03-25,2024-04-08,0,0.03419112741037522,0.23865006195197894,5
SEI,2024-03-22,2024-03-25,2024-04-08,1,0.050000000000000044,0.35932424553649855,5
STX,2024-03-22,2024-03-25,2024-03-26,1,0.05447162013357554,0.22271403198807485,5
AAPL,2024-03-25,2024-03-26,2024-04-09,0,-0.0019413029697901152,0.281841206822066,5
AXTI,2024-03-25,2024-03-26,2024-03-26,1,0.050000000000000044,0.536068797312486,5
DSX,2024-03-25,2024-03-26,2024-04-02,0,-0.029999999999999916,0.33854859736416876,5
KODK,2024-03-25,2024-03-26,2024-03-28,1,0.050000000000000044,0.43671611675984096,5
MRVL,2024-03-25,2024-03-26,2024-03-27,1,0.06886763729559586,0.32467786409047505,5
MSFT,2024-03-25,2024-03-26,2024-04-09,0,0.0015742813656762777,0.205445302057553,5
NVAX,2024-03-25,2024-03-26,2024-03-26,0,-0.029999999999999916,0.46854415156742507,5
NVDA,2024-03-25,2024-03-26,2024-03-26,0,-0.029999999999999916,0.3157951977463438,5
QCOM,2024-03-25,2024-03-26,2024-04-09,0,0.04474871026292049,0.29530805845328706,5
SEI,2024-03-25,2024-03-26,2024-03-26,0,-0.030000000000000027,0.3084991469012334,5
STX,2024-03-25,2024-03-26,2024-04-02,0,-0.03871642212870563,0.23337491275220923,5
AAPL,2024-03-26,2024-03-27,2024-04-10,0,-0.01543341915797991,0.2632450157280806,5
AXTI,2024-03-26,2024-03-27,2024-03-28,0,-0.030000000000000138,0.5132618808331382,5
DSX,2024-03-26,2024-03-27,2024-04-02,0,-0.030000000000000138,0.34796909127169307,5
KODK,2024-03-26,2024-03-27,2024-03-28,1,0.050000000000000044,0.45376808353042575,5
MRVL,2024-03-26,2024-03-27,2024-04-03,1,0.050000000000000044,0.3116027660692434,5
MSFT,2024-03-26,2024-03-27,2024-04-10,0,-0.0027801271012263262,0.22788360219597237,5
NVAX,2024-03-26,2024-03-27,2024-04-02,0,-0.030000000000000138,0.46854415156742507,5
NVDA,2024-03-26,2024-03-27,2024-03-27,0,-0.029999999999999916,0.2939522505312,5
QCOM,2024-03-26,2024-03-27,2024-04-10,0,0.008321081734544489,0.23895442125355654,5
SEI,2024-03-26,2024-03-27,2024-04-05,1,0.050000000000000044,0.3264023130582382,5
STX,2024-03-26,2024-03-27,2024-03-28,0,-0.030000000000000027,0.4886027203066917,5
AAPL,2024-03-27,2024-03-28,2024-04-11,0,0.019155803852655584,0.2865396234660592,5
AXTI,2024-03-27,2024-03-28,2024-03-28,0,-0.029999999999999916,0.5033875824479072,5
DSX,2024-03-27,2024-03-28,2024-04-11,0,-0.006968650511353092,0.34796909127169307,5
KODK,2024-03-27,2024-03-28,2024-04-01,1,0.050000000000000044,0.45764439468375484,5
MRVL,2024-03-27,2024-03-28,2024-04-04,1,0.050000000000000044,0.37241939877622476,5
MSFT,2024-03-27,2024-03-28,2024-04-11,0,0.016557289676654596,0.22981532226625073,5
NVAX,2024-03-27,2024-03-28,2024-04-01,0,-0.030000000000000027,0.4364945879948683,5
NVDA,2024-03-27,2024-03-28,2024-04-04,0,-0.030000000000000027,0.3148412012921,5
QCOM,2024-03-27,2024-03-28,2024-04-11,0,0.03565941628888725,0.20928140064126946,5
SEI,2024-03-27,2024-03-28,2024-04-08,1,0.050000000000000044,0.32565116906345365,5
STX,2024-03-27,2024-03-28,2024-04-01,0,-0.030000000000000027,0.5098653592414637,5
AAPL,2024-03-28,2024-04-01,2024-04-12,0,0.03131014839123325,0.28403549166690845,5
AXTI,2024-03-28,2024-04-01,2024-04-01,1,0.050000000000000044,0.46425339327522586,5
DSX,2024-03-28,2024-04-01,2024-04-02,0,-0.030000000000000138,0.4244989409329571,5
KODK,2024-03-28,2024-04-01,2024-04-01,0,-0.029999999999999916,0.4811562133820382,5
MRVL,2024-03-28,2024-04-01,2024-04-03,1,0.050000000000000044,0.3571572747119313,5
MSFT,2024-03-28,2024-04-01,2024-04-12,0,-0.004835544920746893,0.3201388961188659,5
NVAX,2024-03-28,2024-04-01,2024-04-01,0,-0.029999999999999916,0.453488613111639,5
NVDA,2024-03-28,2024-04-01,2024-04-04,0,-0.030000000000000027,0.31420648630038633,5
QCOM,2024-03-28,2024-04-01,2024-04-12,0,0.017947470084293204,0.17261281492885786,5
SEI,2024-03-28,2024-04-01,2024-04-02,0,-0.029999999999999916,0.28994117835952804,5
STX,2024-03-28,2024-04-01,2024-04-02,0,-0.03510459005098199,0.3610254926574613,5
AAPL,2024-04-01,2024-04-02,2024-04-12,1,0.050000000000000044,0.32080538552767224,5
AXTI,2024-04-01,2024-04-02,2024-04-02,0,-0.030000000000000027,0.5019762126120129,5
DSX,2024-04-01,2024-04-02,2024-04-15,0,0.003484393343150982,0.4244989409329571,5
KODK,2024-04-01,2024-04-02,2024-04-03,1,0.050000000000000044,0.5032078622394852,5
MRVL,2024-04-01,2024-04-02,2024-04-04,1,0.050000000000000044,0.42759396782423753,5
MSFT,2024-04-01,2024-04-02,2024-04-15,0,-0.015400781843228906,0.376844531928052,5
NVAX,2024-04-01,2024-04-02,2024-04-02,0,-0.030000000000000138,0.42400442357516627,5
NVDA,2024-04-01,2024-04-02,2024-04-09,0,-0.030000000000000027,0.2971976674629936,5
QCOM,2024-04-01,2024-04-02,2024-04-15,0,-0.00369554793268545,0.19062984054187393,5
SEI,2024-04-01,2024-04-02,2024-04-02,0,-0.029999999999999916,0.3063201168391584,5
STX,2024-04-01,2024-04-02,2024-04-10,0,-0.030000000000000027,0.34842045907925256,5
AAPL,2024-04-02,2024-04-03,2024-04-12,1,0.050000000000000044,0.298635297389263,5
AXTI,2024-04-02,2024-04-03,2024-04-03,1,0.050000000000000044,0.5225512263410921,5
DSX,2024-04-02,2024-04-03,2024-04-04,1,0.050000000000000044,0.4043641815595917,5
KODK,2024-04-02,2024-04-03,2024-04-03,1,0.050000000000000044,0.39062410132085024,5
MRVL,2024-04-02,2024-04-03,2024-04-04,0,-0.030000000000000027,0.4312251540567586,5
MSFT,2024-04-02,2024-04-03,2024-04-16,0,-0.012269945257455617,0.35554370046491457,5
NVAX,2024-04-02,2024-04-03,2024-04-04,1,0.050000000000000044,0.4246661504204649,5
NVDA,2024-04-02,2024-04-03,2024-04-09,0,-0.030000000000000138,0.33928269681653545,5
QCOM,2024-04-02,2024-04-03,2024-04-16,0,-0.008352985949677039,0.18658900896327674,5
SEI,2024-04-02,2024-04-03,2024-04-16,0,-0.030000000000000027,0.2678714774066248,5
STX,2024-04-02,2024-04-03,2024-04-04,1,0.050000000000000044,0.30478982850092357,5
AAPL,2024-04-03,2024-04-04,2024-04-17,0,-0.01344765792612701,0.32564384346523884,5
AXTI,2024-04-03,2024-04-04,2024-04-04,0,-0.030000000000000027,0.47402754236749867,5
DSX,2024-04-03,2024-04-04,2024-04-17,0,-0.010239014050325013,0.44577724393420964,5
KODK,2024-04-03,2024-04-04,2024-04-04,1,0.050000000000000044,0.4310800224382212,5
MRVL,2024-04-03,2024-04-04,2024-04-04,0,-0.030000000000000027,0.4555116440379104,5
MSFT,2024-04-03,2024-04-04,2024-04-17,0,-0.030000000000000027,0.36684561857167136,5
NVAX,2024-04-03,2024-04-04,2024-04-05,0,-0.035164904954306464,0.4021445625696162,5
NVDA,2024-04-03,2024-04-04,2024-04-04,0,-0.030000000000000027,0.30831019609069565,5
QCOM,2024-04-03,2024-04-04,2024-04-04,0,-0.030000000000000138,0.18243238219670208,5
SEI,2024-04-03,2024-04-04,2024-04-12,0,-0.029999999999999916,0.30250755684091113,5
STX,2024-04-03,2024-04-04,2024-04-05,0,-0.030000000000000027,0.3277741860273037,5
AAPL,2024-04-04,2024-04-05,2024-04-12,1,0.050000000000000044,0.3302567144989433,5
AXTI,2024-04-04,2024-04-05,2024-04-05,0,-0.030000000000000027,0.5149779233411498,5
DSX,2024-04-04,2024-04-05,2024-04-10,0,-0.030000000000000027,0.3714472377834391,5
KODK,2024-04-04,2024-04-05,2024-04-10,0,-0.030000000000000138,0.42868913133537684,5
MRVL,2024-04-04,2024-04-05,2024-04-11,0,-0.030000000000000027,0.2847915207097197,5
MSFT,2024-04-04,2024-04-05,2024-04-18,0,-0.030000000000000027,0.46737737216739195,5
NVAX,2024-04-04,2024-04-05,2024-04-09,1,0.050000000000000044,0.40737650977359485,5
NVDA,2024-04-04,2024-04-05,2024-04-09,0,-0.030000000000000027,0.20045195473132482,5
QCOM,2024-04-04,2024-04-05,2024-04-17,0,-0.029999999999999916,0.24935983617816013,5
SEI,2024-04-04,2024-04-05,2024-04-12,0,-0.030000000000000027,0.3141098282174037,5
STX,2024-04-04,2024-04-05,2024-04-09,0,-0.030000000000000138,0.2797974248095004,5
AAPL,2024-04-05,2024-04-08,2024-04-12,1,0.050000000000000044,0.2772307644076851,5
AXTI,2024-04-05,2024-04-08,2024-04-08,1,0.050000000000000044,0.4563705827677206,5
DSX,2024-04-05,2024-04-08,2024-04-10,0,-0.030000000000000027,0.4145266567270931,5
KODK,2024-04-05,2024-04-08,2024-04-09,0,-0.030000000000000138,0.42620424727572653,5
MRVL,2024-04-05,2024-04-08,2024-04-10,0,-0.030000000000000027,0.30662302483313564,5
MSFT,2024-04-05,2024-04-08,2024-04-17,0,-0.030000000000000027,0.509566855091939,5
NVAX,2024-04-05,2024-04-08,2024-04-09,1,0.050000000000000044,0.40986035273386334,5
NVDA,2024-04-05,2024-04-08,2024-04-09,0,-0.030000000000000138,0.26790110883560386,5
QCOM,2024-04-05,2024-04-08,2024-04-16,0,-0.030000000000000027,0.20928140064126946,5
SEI,2024-04-05,2024-04-08,2024-04-12,0,-0.030000000000000027,0.33316908168073167,5
STX,2024-04-05,2024-04-08,2024-04-09,0,-0.030000000000000027,0.2968212023409502,5
AAPL,2024-04-08,2024-04-09,2024-04-12,1,0.050000000000000044,0.30742693994119097,5
AXTI,2024-04-08,2024-04-09,2024-04-11,0,-0.030000000000000027,0.3730810082742357,5
DSX,2024-04-08,2024-04-09,2024-04-22,0,-0.01706485636495514,0.35085284413310636,5
KODK,2024-04-08,2024-04-09,2024-04-09,0,-0.029999999999999916,0.40047865355004436,5
MRVL,2024-04-08,2024-04-09,2024-04-10,0,-0.030000000000000027,0.28977125196046843,5
MSFT,2024-04-08,2024-04-09,2024-04-15,0,-0.030000000000000027,0.42622521371977384,5
NVAX,2024-04-08,2024-04-09,2024-04-09,1,0.050000000000000044,0.40986035273386334,5
NVDA,2024-04-08,2024-04-09,2024-04-09,0,-0.029999999999999916,0.22408184167587814,5
QCOM,2024-04-08,2024-04-09,2024-04-15,0,-0.030000000000000027,0.214598200901004,5
SEI,2024-04-08,2024-04-09,2024-04-12,0,-0.030000000000000027,0.29383396953706314,5
STX,2024-04-08,2024-04-09,2024-04-10,0,-0.030000000000000027,0.3300381656696508,5
AAPL,2024-04-09,2024-04-10,2024-04-12,1,0.050000000000000044,0.2940095234761894,5
AXTI,2024-04-09,2024-04-10,2024-04-10,0,-0.030000000000000027,0.3287998004704072,5
DSX,2024-04-09,2024-04-10,2024-04-23,0,0.0034363258544627406,0.45610010203706663,5
KODK,2024-04-09,2024-04-10,2024-04-10,0,-0.030000000000000027,0.39832377193744956,5
MRVL,2024-04-09,2024-04-10,2024-04-11,0,-0.030000000000000138,0.34598025257953396,5
MSFT,2024-04-09,2024-04-10,2024-04-18,0,-0.029999999999999916,0.43828152344056803,5
NVAX,2024-04-09,2024-04-10,2024-04-15,0,-0.030000000000000027,0.43951289197037174,5
NVDA,2024-04-09,2024-04-10,2024-04-11,1,0.050000000000000044,0.21298889631155035,5
QCOM,2024-04-09,2024-04-10,2024-04-17,0,-0.030000000000000138,0.25671832002087447,5
SEI,2024-04-09,2024-04-10,2024-04-12,0,-0.030000000000000027,0.2816514739787318,5
STX,2024-04-09,2024-04-10,2024-04-12,0,-0.030000000000000138,0.28664988977870076,5
AAPL,2024-04-10,2024-04-11,2024-04-12,1,0.050000000000000044,0.3347415232331081,5
AXTI,2024-04-10,2024-04-11,2024-04-11,0,-0.030000000000000027,0.3676063168859474,5
DSX,2024-04-10,2024-04-11,2024-04-24,0,0.0034722347029387812,0.36697185789116565,5
KODK,2024-04-10,2024-04-11,2024-04-12,0,-0.030000000000000027,0.4133909533709626,5
MRVL,2024-04-10,2024-04-11,2024-04-11,0,-0.030000000000000027,0.2708185626306413,5
MSFT,2024-04-10,2024-04-11,2024-04-17,0,-0.030000000000000027,0.3680905028993088,5
NVAX,2024-04-10,2024-04-11,2024-04-15,0,-0.030000000000000138,0.36215962177291433,5
NVDA,2024-04-10,2024-04-11,2024-04-17,0,-0.030000000000000027,0.27683208480867527,5
QCOM,2024-04-10,2024-04-11,2024-04-17,0,-0.030000000000000027,0.2582642554846529,5
SEI,2024-04-10,2024-04-11,2024-04-12,0,-0.030000000000000027,0.2534182567633107,5
STX,2024-04-10,2024-04-11,2024-04-12,0,-0.029999999999999916,0.3247843306141585,5
AAPL,2024-04-11,2024-04-12,2024-04-16,0,-0.030000000000000027,0.3402334477225597,5
AXTI,2024-04-11,2024-04-12,2024-04-12,0,-0.030000000000000027,0.34945815413927594,5
DSX,2024-04-11,2024-04-12,2024-04-25,0,0.020978972402907248,0.4029060700726147,5
KODK,2024-04-11,2024-04-12,2024-04-15,0,-0.030000000000000027,0.41809473993003954,5
MRVL,2024-04-11,2024-04-12,2024-04-15,0,-0.030000000000000138,0.28595684976443986,5
MSFT,2024-04-11,2024-04-12,2024-04-17,0,-0.030000000000000027,0.4360114849133813,5
NVAX,2024-04-11,2024-04-12,2024-04-15,0,-0.030000000000000138,0.37976197676696954,5
NVDA,2024-04-11,2024-04-12,2024-04-15,0,-0.030000000000000027,0.2138063236678087,5
QCOM,2024-04-11,2024-04-12,2024-04-17,0,-0.029999999999999916,0.2731305361429028,5
SEI,2024-04-11,2024-04-12,2024-04-12,0,-0.030000000000000027,0.24457921749257114,5
STX,2024-04-11,2024-04-12,2024-04-15,0,-0.030000000000000027,0.3129588223620163,5
AAPL,2024-04-12,2024-04-15,2024-04-16,0,-0.029999999999999916,0.33681942688050126,5
AXTI,2024-04-12,2024-04-15,2024-04-15,0,-0.030000000000000027,0.38202457886512814,5
DSX,2024-04-12,2024-04-15,2024-04-26,0,0.020761168205760017,0.4700661555598367,5
KODK,2024-04-12,2024-04-15,2024-04-15,0,-0.030000000000000138,0.47701455210005494,5
MRVL,2024-04-12,2024-04-15,2024-04-15,0,-0.030000000000000027,0.33257806812945284,5
MSFT,2024-04-12,2024-04-15,2024-04-15,0,-0.030000000000000027,0.48113609466073387,5
NVAX,2024-04-12,2024-04-15,2024-04-15,0,-0.029999999999999916,0.37976197676696954,5
NVDA,2024-04-12,2024-04-15,2024-04-15,0,-0.030000000000000027,0.24696050821112653,5
QCOM,2024-04-12,2024-04-15,2024-04-15,0,-0.030000000000000027,0.2582642554846529,5
SEI,2024-04-12,2024-04-15,2024-04-16,0,-0.030000000000000027,0.2595942301838838,5
STX,2024-04-12,2024-04-15,2024-04-15,0,-0.030000000000000027,0.3291457726322413,5
AAPL,2024-04-15,2024-04-16,2024-04-18,0,-0.030000000000000027,0.2768244031481845,5
AXTI,2024-04-15,2024-04-16,2024-04-16,0,-0.030000000000000027,0.3599161157950901,5
DSX,2024-04-15,2024-04-16,2024-04-29,0,0.03472220387296843,0.3951283986511638,5
KODK,2024-04-15,2024-04-16,2024-04-18,1,0.050000000000000044,0.45580965542739865,5
MRVL,2024-04-15,2024-04-16,2024-04-18,0,-0.030000000000000138,0.3147215257356481,5
MSFT,2024-04-15,2024-04-16,2024-04-19,0,-0.030000000000000027,0.33681168676252826,5
NVAX,2024-04-15,2024-04-16,2024-04-17,0,-0.030000000000000027,0.39896226281033004,5
NVDA,2024-04-15,2024-04-16,2024-04-18,0,-0.030000000000000027,0.2232378197530287,5
QCOM,2024-04-15,2024-04-16,2024-04-17,0,-0.029999999999999916,0.2565498496285459,5
SEI,2024-04-15,2024-04-16,2024-04-17,0,-0.030000000000000027,0.21472056914665721,5
STX,2024-04-15,2024-04-16,2024-04-24,1,0.050000000000000044,0.30501171991324794,5
AAPL,2024-04-16,2024-04-17,2024-04-19,0,-0.029999999999999916,0.27890806491849407,5
AXTI,2024-04-16,2024-04-17,2024-04-17,0,-0.030000000000000027,0.38850722696438644,5
DSX,2024-04-16,2024-04-17,2024-04-30,0,0.024138033852305174,0.4700661555598367,5
KODK,2024-04-16,2024-04-17,2024-04-17,0,-0.030000000000000027,0.4179858220555187,5
MRVL,2024-04-16,2024-04-17,2024-04-17,0,-0.030000000000000027,0.356387650706885,5
MSFT,2024-04-16,2024-04-17,2024-04-18,0,-0.030000000000000027,0.34745134641590525,5
NVAX,2024-04-16,2024-04-17,2024-04-18,0,-0.030000000000000027,0.3764129430671262,5
NVDA,2024-04-16,2024-04-17,2024-04-17,0,-0.030000000000000027,0.25238534883125435,5
QCOM,2024-04-16,2024-04-17,2024-04-17,0,-0.030000000000000138,0.2925614110854004,5
SEI,2024-04-16,2024-04-17,2024-04-26,1,0.050000000000000044,0.2599333929984006,5
STX,2024-04-16,2024-04-17,2024-04-19,0,-0.030000000000000027,0.3160463100558484,5
AAPL,2024-04-17,2024-04-18,2024-05-01,0,0.007558316061783588,0.28600156676138977,5
AXTI,2024-04-17,2024-04-18,2024-04-18,0,-0.030000000000000027,0.29903351591122557,5
DSX,2024-04-17,2024-04-18,2024-05-01,0,0.010309165631452455,0.3841868222979278,5
KODK,2024-04-17,2024-04-18,2024-04-25,0,-0.030000000000000027,0.42276383665574985,5
MRVL,2024-04-17,2024-04-18,2024-04-19,0,-0.030000000000000027,0.3325126368149502,5
MSFT,2024-04-17,2024-04-18,2024-04-19,0,-0.030000000000000138,0.3246802841270976,5
NVAX,2024-04-17,2024-04-18,2024-04-22,1,0.050000000000000044,0.3294102005469008,5
NVDA,2024-04-17,2024-04-18,2024-04-18,0,-0.030000000000000027,0.22639320507917016,5
QCOM,2024-04-17,2024-04-18,2024-04-19,0,-0.030000000000000027,0.35193977633363643,5
SEI,2024-04-17,2024-04-18,2024-04-23,1,0.050000000000000044,0.26527711615892713,5
STX,2024-04-17,2024-04-18,2024-04-24,1,0.050000000000000044,0.2845030002245884,5
AAPL,2024-04-18,2024-04-19,2024-04-29,1,0.050000000000000044,0.29272948693684475,5
AXTI,2024-04-18,2024-04-19,2024-04-19,0,-0.030000000000000138,0.2596221103677358,5
DSX,2024-04-18,2024-04-19,2024-05-02,1,0.050000000000000044,0.47392998784957036,5
KODK,2024-04-18,2024-04-19,2024-04-25,0,-0.030000000000000027,0.37096960398396367,5
MRVL,2024-04-18,2024-04-19,2024-04-19,0,-0.030000000000000027,0.30907558469713187,5
MSFT,2024-04-18,2024-04-19,2024-04-25,0,-0.030000000000000138,0.2986206420598254,5
NVAX,2024-04-18,2024-04-19,2024-04-22,1,0.050000000000000044,0.33497399367364444,5
NVDA,2024-04-18,2024-04-19,2024-04-19,0,-0.030000000000000027,0.2504230302575274,5
QCOM,2024-04-18,2024-04-19,2024-04-19,0,-0.030000000000000027,0.35323380226666273,5
SEI,2024-04-18,2024-04-19,2024-04-26,1,0.050000000000000044,0.24064667797059408,5
STX,2024-04-18,2024-04-19,2024-04-24,1,0.050000000000000044,0.27387848107895696,5
AAPL,2024-04-19,2024-04-22,2024-04-29,1,0.050000000000000044,0.3193836804400323,5
AXTI,2024-04-19,2024-04-22,2024-04-23,1,0.050000000000000044,0.2518745305468355,5
DSX,2024-04-19,2024-04-22,2024-05-03,0,0.03448274318752609,0.4610666325991649,5
KODK,2024-04-19,2024-04-22,2024-04-22,0,-0.030000000000000138,0.3441860365901963,5
MRVL,2024-04-19,2024-04-22,2024-04-25,1,0.050000000000000044,0.27895649157372265,5
MSFT,2024-04-19,2024-04-22,2024-04-25,0,-0.030000000000000027,0.3237587479486578,5
NVAX,2024-04-19,2024-04-22,2024-04-23,1,0.050000000000000044,0.3538330433344875,5
NVDA,2024-04-19,2024-04-22,2024-04-23,1,0.050000000000000044,0.42558775566105533,5
QCOM,2024-04-19,2024-04-22,2024-04-26,1,0.050000000000000044,0.3510556242165187,5
SEI,2024-04-19,2024-04-22,2024-04-26,1,0.050000000000000044,0.25506707744152674,5
STX,2024-04-19,2024-04-22,2024-04-23,1,0.050000000000000044,0.2902784199931957,5
AAPL,2024-04-22,2024-04-23,2024-04-29,1,0.050000000000000044,0.2945430525001049,5
AXTI,2024-04-22,2024-04-23,2024-04-23,1,0.050000000000000044,0.3739100158271202,5
DSX,2024-04-22,2024-04-23,2024-05-06,0,0.03793108114823651,0.39731757134318596,5
KODK,2024-04-22,2024-04-23,2024-04-25,0,-0.030000000000000027,0.33576870355056787,5
MRVL,2024-04-22,2024-04-23,2024-04-25,1,0.050000000000000044,0.19622285560853528,5
MSFT,2024-04-22,2024-04-23,2024-04-25,0,-0.030000000000000027,0.3107914531849645,5
NVAX,2024-04-22,2024-04-23,2024-04-23,1,0.050000000000000044,0.32676692318494144,5
NVDA,2024-04-22,2024-04-23,2024-04-25,0,-0.030000000000000027,0.375053294383405,5
QCOM,2024-04-22,2024-04-23,2024-04-29,1,0.050000000000000044,0.355967605737877,5
SEI,2024-04-22,2024-04-23,2024-04-26,1,0.050000000000000044,0.28017473334995385,5
STX,2024-04-22,2024-04-23,2024-04-24,1,0.050000000000000044,0.2140483574178474,5
AAPL,2024-04-23,2024-04-24,2024-04-29,1,0.050000000000000044,0.28591594167791606,5
AXTI,2024-04-23,2024-04-24,2024-04-25,0,-0.030000000000000027,0.47931689134409533,5
DSX,2024-04-23,2024-04-24,2024-05-07,1,0.050000000000000044,0.4812843685245847,5
KODK,2024-04-23,2024-04-24,2024-04-25,0,-0.03010749755146691,0.33576870355056787,5
MRVL,2024-04-23,2024-04-24,2024-04-25,1,0.050000000000000044,0.2854232097320067,5
MSFT,2024-04-23,2024-04-24,2024-04-25,0,-0.037918627300693064,0.28215702341935894,5
NVAX,2024-04-23,2024-04-24,2024-04-24,0,-0.030000000000000138,0.3483069706299616,5
NVDA,2024-04-23,2024-04-24,2024-04-24,0,-0.030000000000000027,0.30740039082056037,5
QCOM,2024-04-23,2024-04-24,2024-05-02,1,0.07078786708559903,0.33741428665058143,5
SEI,2024-04-23,2024-04-24,2024-04-26,1,0.050000000000000044,0.2688362161325242,5
STX,2024-04-23,2024-04-24,2024-04-24,0,-0.030000000000000027,0.18677180316313707,5
AAPL,2024-04-24,2024-04-25,2024-05-03,1,0.10098514104026801,0.29085988098216875,5
AXTI,2024-04-24,2024-04-25,2024-04-29,1,0.050000000000000044,0.4278837409039229,5
DSX,2024-04-24,2024-04-25,2024-05-07,1,0.050000000000000044,0.4649213897416414,5
KODK,2024-04-24,2024-04-25,2024-04-25,0,-0.029999999999999916,0.3462546382417022,5
MRVL,2024-04-24,2024-04-25,2024-04-26,1,0.050000000000000044,0.2957849467422686,5
MSFT,2024-04-24,2024-04-25,2024-05-06,1,0.050000000000000044,0.29913391831577907,5
NVAX,2024-04-24,2024-04-25,2024-04-25,0,-0.030000000000000027,0.3235637937656135,5
NVDA,2024-04-24,2024-04-25,2024-04-25,1,0.050000000000000044,0.32817201119769335,5
QCOM,2024-04-24,2024-04-25,2024-05-02,1,0.06941748779251178,0.37314443332033964,5
SEI,2024-04-24,2024-04-25,2024-04-26,1,0.050000000000000044,0.2144092440535275,5
STX,2024-04-24,2024-04-25,2024-05-06,1,0.050000000000000044,0.2169799430031729,5
AAPL,2024-04-25,2024-04-26,2024-05-03,1,0.09871676398294871,0.2953850231964613,5
AXTI,2024-04-25,2024-04-26,2024-04-26,1,0.050000000000000044,0.4715389933732156,5
DSX,2024-04-25,2024-04-26,2024-05-07,1,0.050000000000000044,0.4102098642264018,5
KODK,2024-04-25,2024-04-26,2024-04-29,1,0.050000000000000044,0.27587189692522335,5
MRVL,2024-04-25,2024-04-26,2024-04-30,0,-0.030000000000000027,0.23774669186525588,5
MSFT,2024-04-25,2024-04-26,2024-04-29,0,-0.030000000000000027,0.3257747099565543,5
NVAX,2024-04-25,2024-04-26,2024-04-29,1,0.050000000000000044,0.35468751382682767,5
NVDA,2024-04-25,2024-04-26,2024-04-26,1,0.050000000000000044,0.30508017109305663,5
QCOM,2024-04-25,2024-04-26,2024-05-02,1,0.07716410871219215,0.3604770874790702,5
SEI,2024-04-25,2024-04-26,2024-04-26,1,0.050000000000000044,0.27910292739097087,5
STX,2024-04-25,2024-04-26,2024-05-01,0,-0.030000000000000027,0.22679795829442378,5
AAPL,2024-04-26,2024-04-29,2024-05-03,1,0.07659932877122588,0.2556850640871369,5
AXTI,2024-04-26,2024-04-29,2024-05-01,0,-0.030000000000000027,0.4092709683695005,5
DSX,2024-04-26,2024-04-29,2024-05-08,1,0.050000000000000044,0.3600803359222398,5
KODK,2024-04-26,2024-04-29,2024-05-01,0,-0.030000000000000027,0.24867630178401057,5
MRVL,2024-04-26,2024-04-29,2024-04-30,0,-0.030000000000000027,0.2507154906670327,5
MSFT,2024-04-26,2024-04-29,2024-04-30,0,-0.030000000000000027,0.3259855481057557,5
NVAX,2024-04-26,2024-04-29,2024-04-30,1,0.050000000000000044,0.36278891542536534,5
NVDA,2024-04-26,2024-04-29,2024-05-01,0,-0.030000000000000027,0.2579432849297272,5
QCOM,2024-04-26,2024-04-29,2024-05-02,1,0.06216728385024228,0.33051448709017617,5
SEI,2024-04-26,2024-04-29,2024-04-29,0,-0.030000000000000138,0.5301922674096147,5
STX,2024-04-26,2024-04-29,2024-05-06,1,0.050000000000000044,0.29193136894507976,5
AAPL,2024-04-29,2024-04-30,2024-05-03,1,0.07684767873930154,0.29296218366682886,5
AXTI,2024-04-29,2024-04-30,2024-05-01,0,-0.030000000000000027,0.3123642799766712,5
DSX,2024-04-29,2024-04-30,2024-05-08,1,0.050000000000000044,0.36854952945052183,5
KODK,2024-04-29,2024-04-30,2024-05-03,1,0.050000000000000044,0.25870945640514575,5
MRVL,2024-04-29,2024-04-30,2024-05-01,0,-0.04558237946281285,0.1923346265198298,5
MSFT,2024-04-29,2024-04-30,2024-04-30,0,-0.030000000000000027,0.2523015198908405,5
NVAX,2024-04-29,2024-04-30,2024-05-01,1,0.050000000000000044,0.41019857515182545,5
NVDA,2024-04-29,2024-04-30,2024-05-01,0,-0.030000000000000027,0.3136398567778001,5
QCOM,2024-04-29,2024-04-30,2024-05-01,0,-0.030000000000000027,0.3586742199138542,5
SEI,2024-04-29,2024-04-30,2024-04-30,0,-0.030000000000000027,0.3531357191676197,5
STX,2024-04-29,2024-04-30,2024-05-06,1,0.050000000000000044,0.28153188822279124,5
AAPL,2024-04-30,2024-05-01,2024-05-03,1,0.10066049778795683,0.2788971218771193,5
AXTI,2024-04-30,2024-05-01,2024-05-01,0,-0.030000000000000027,0.3147835915214347,5
DSX,2024-04-30,2024-05-01,2024-05-08,1,0.050000000000000044,0.3412795834328071,5
KODK,2024-04-30,2024-05-01,2024-05-03,1,0.050000000000000044,0.2634125450364999,5
MRVL,2024-04-30,2024-05-01,2024-05-03,1,0.0702434049594376,0.22752466067747007,5
MSFT,2024-04-30,2024-05-01,2024-05-06,1,0.050000000000000044,0.25935905739724335,5
NVAX,2024-04-30,2024-05-01,2024-05-01,1,0.050000000000000044,0.3886684362675807,5
NVDA,2024-04-30,2024-05-01,2024-05-01,0,-0.030000000000000138,0.3088767847394942,5
QCOM,2024-04-30,2024-05-01,2024-05-02,1,0.06662231176736788,0.3198279097454544,5
SEI,2024-04-30,2024-05-01,2024-05-07,1,0.050000000000000044,0.23523610339269313,5
STX,2024-04-30,2024-05-01,2024-05-01,0,-0.030000000000000138,0.2708024961509567,5
AAPL,2024-05-01,2024-05-02,2024-05-03,1,0.08196643205992671,0.261600847836361,5
AXTI,2024-05-01,2024-05-02,2024-05-02,1,0.050000000000000044,0.3996472100562597,5
DSX,2024-05-01,2024-05-02,2024-05-08,1,0.050000000000000044,0.3093223876794098,5
KODK,2024-05-01,2024-05-02,2024-05-03,1,0.050000000000000044,0.23134867146300447,5
MRVL,2024-05-01,2024-05-02,2024-05-03,1,0.059889256276333125,0.27942575782539214,5
MSFT,2024-05-01,2024-05-02,2024-05-13,1,0.05117451006516571,0.22341761283129888,5
NVAX,2024-05-01,2024-05-02,2024-05-03,1,0.050000000000000044,0.414717506479504,5
NVDA,2024-05-01,2024-05-02,2024-05-03,1,0.050000000000000044,0.3171932498555832,5
QCOM,2024-05-01,2024-05-02,2024-05-07,1,0.050000000000000044,0.2753846212361462,5
SEI,2024-05-01,2024-05-02,2024-05-09,1,0.050000000000000044,0.2600823062672296,5
STX,2024-05-01,2024-05-02,2024-05-09,1,0.050000000000000044,0.2781028613540614,5
AAPL,2024-05-02,2024-05-03,2024-05-06,0,-0.030000000000000027,0.2931108356542942,5
AXTI,2024-05-02,2024-05-03,2024-05-03,0,-0.030000000000000027,0.3041487347636482,5
DSX,2024-05-02,2024-05-03,2024-05-10,1,0.050000000000000044,0.4086034834980946,5
KODK,2024-05-02,2024-05-03,2024-05-10,1,0.050000000000000044,0.2706285825141906,5
MRVL,2024-05-02,2024-05-03,2024-05-16,1,0.050000000000000044,0.22644115971097825,5
MSFT,2024-05-02,2024-05-03,2024-05-15,1,0.050000000000000044,0.24532101913651633,5
NVAX,2024-05-02,2024-05-03,2024-05-03,0,-0.030000000000000027,0.36433756943244744,5
NVDA,2024-05-02,2024-05-03,2024-05-06,1,0.050000000000000044,0.2483033757140154,5
QCOM,2024-05-02,2024-05-03,2024-05-08,0,-0.030234961243428393,0.3678938754492117,5
SEI,2024-05-02,2024-05-03,2024-05-16,0,0.013215912779786176,0.3214674978159176,5
STX,2024-05-02,2024-05-03,2024-05-10,1,0.052511736135302245,0.19340693279413598,5
AAPL,2024-05-03,2024-05-06,2024-05-17,0,0.04265164541300903,0.4925549638779722,5
AXTI,2024-05-03,2024-05-06,2024-05-06,1,0.050000000000000044,0.3582607056236163,5
DSX,2024-05-03,2024-05-06,2024-05-09,1,0.050000000000000044,0.4048636265947056,5
KODK,2024-05-03,2024-05-06,2024-05-10,1,0.050000000000000044,0.25572569729577954,5
MRVL,2024-05-03,2024-05-06,2024-05-14,0,-0.030000000000000138,0.21519904321220698,5
MSFT,2024-05-03,2024-05-06,2024-05-17,0,0.02986564486721144,0.22839611999180082,5
NVAX,2024-05-03,2024-05-06,2024-05-06,0,-0.029999999999999916,0.3969549671247458,5
NVDA,2024-05-03,2024-05-06,2024-05-15,1,0.050000000000000044,0.33654309127542165,5
QCOM,2024-05-03,2024-05-06,2024-05-15,1,0.050000000000000044,0.3237491642396139,5
SEI,2024-05-03,2024-05-06,2024-05-17,0,0.007709200681855766,0.2742735692334581,5
STX,2024-05-03,2024-05-06,2024-05-10,1,0.050000000000000044,0.2493470772446465,5
AAPL,2024-05-06,2024-05-07,2024-05-20,0,0.04278611029188317,0.4040123357821191,5
AXTI,2024-05-06,2024-05-07,2024-05-07,0,-0.030000000000000027,0.44002838146844064,5
DSX,2024-05-06,2024-05-07,2024-05-10,1,0.050000000000000044,0.38722498996042387,5
KODK,2024-05-06,2024-05-07,2024-05-07,0,-0.030000000000000027,0.2604141763917599,5
MRVL,2024-05-06,2024-05-07,2024-05-08,0,-0.030000000000000138,0.22530486180684503,5
MSFT,2024-05-06,2024-05-07,2024-05-20,0,0.0276062847234948,0.20941430762498514,5
NVAX,2024-05-06,2024-05-07,2024-05-07,0,-0.030000000000000027,0.457651360985957,5
NVDA,2024-05-06,2024-05-07,2024-05-09,0,-0.029999999999999916,0.2500328476639126,5
QCOM,2024-05-06,2024-05-07,2024-05-08,0,-0.031351046478177214,0.34775411182866967,5
SEI,2024-05-06,2024-05-07,2024-05-10,1,0.050000000000000044,0.2934204783473853,5
STX,2024-05-06,2024-05-07,2024-05-14,1,0.050000000000000044,0.307262245184338,5
AAPL,2024-05-07,2024-05-08,2024-05-20,1,0.050000000000000044,0.4151821064965196,5
AXTI,2024-05-07,2024-05-08,2024-05-08,0,-0.030000000000000138,0.3963316575609235,5
DSX,2024-05-07,2024-05-08,2024-05-20,1,0.050000000000000044,0.4104599440911288,5
KODK,2024-05-07,2024-05-08,2024-05-10,1,0.050000000000000044,0.15177896477150582,5
MRVL,2024-05-07,2024-05-08,2024-05-16,1,0.050000000000000044,0.20006788049026727,5
MSFT,2024-05-07,2024-05-08,2024-05-21,1,0.050000000000000044,0.21536758102697298,5
NVAX,2024-05-07,2024-05-08,2024-05-10,1,1.2070485775233246,0.5209090184166814,5
NVDA,2024-05-07,2024-05-08,2024-05-15,1,0.050000000000000044,0.3310005475659432,5
QCOM,2024-05-07,2024-05-08,2024-05-14,1,0.050000000000000044,0.311281525855155,5
SEI,2024-05-07,2024-05-08,2024-05-10,1,0.050000000000000044,0.3393758247916578,5
STX,2024-05-07,2024-05-08,2024-05-10,1,0.050000000000000044,0.3187165123392713,5
AAPL,2024-05-08,2024-05-09,2024-05-20,1,0.050000000000000044,0.4642142421426518,5
AXTI,2024-05-08,2024-05-09,2024-05-09,0,-0.030000000000000027,0.3206616143093376,5
DSX,2024-05-08,2024-05-09,2024-05-22,0,0.0031845633570863896,0.43436329096294457,5
KODK,2024-05-08,2024-05-09,2024-05-10,0,-0.030000000000000138,0.15642113755979675,5
MRVL,2024-05-08,2024-05-09,2024-05-16,1,0.050000000000000044,0.17439214630485989,5
MSFT,2024-05-08,2024-05-09,2024-05-21,1,0.050000000000000044,0.21536758102697298,5
NVAX,2024-05-08,2024-05-09,2024-05-10,1,1.2366072355142355,0.5064440358872477,5
NVDA,2024-05-08,2024-05-09,2024-05-16,1,0.050000000000000044,0.2741694294875568,5
QCOM,2024-05-08,2024-05-09,2024-05-15,1,0.050000000000000044,0.3013652042066848,5
SEI,2024-05-08,2024-05-09,2024-05-22,0,-0.015418542624849985,0.33460104626187454,5
STX,2024-05-08,2024-05-09,2024-05-14,1,0.050000000000000044,0.31476282551080237,5
AAPL,2024-05-09,2024-05-10,2024-05-23,0,0.010708640962880711,0.4363646785688836,5
AXTI,2024-05-09,2024-05-10,2024-05-14,0,-0.030000000000000027,0.3781176650220603,5
DSX,2024-05-09,2024-05-10,2024-05-23,0,-0.012658201821040826,0.46485339266368897,5
KODK,2024-05-09,2024-05-10,2024-05-10,0,-0.030000000000000027,0.23370975923713222,5
MRVL,2024-05-09,2024-05-10,2024-05-16,1,0.050000000000000044,0.2084198072813694,5
MSFT,2024-05-09,2024-05-10,2024-05-21,1,0.050000000000000044,0.21004577160789506,5
NVAX,2024-05-09,2024-05-10,2024-05-10,0,-0.030000000000000138,0.41226391603710816,5
NVDA,2024-05-09,2024-05-10,2024-05-15,1,0.050000000000000044,0.2776419751524557,5
QCOM,2024-05-09,2024-05-10,2024-05-15,1,0.050000000000000044,0.3063714802733681,5
SEI,2024-05-09,2024-05-10,2024-05-10,0,-0.029999999999999916,0.38350112831666394,5
STX,2024-05-09,2024-05-10,2024-05-15,1,0.05238093330729243,0.32704316303884906,5
AAPL,2024-05-10,2024-05-13,2024-05-24,0,0.024482243949296878,0.35986665666218665,5
AXTI,2024-05-10,2024-05-13,2024-05-14,0,-0.030000000000000027,0.39095926884376875,5
DSX,2024-05-10,2024-05-13,2024-05-24,0,0.0063898080154451975,0.33025863687172435,5
KODK,2024-05-10,2024-05-13,2024-05-13,1,0.050000000000000044,0.23122870124290082,5
MRVL,2024-05-10,2024-05-13,2024-05-16,1,0.050000000000000044,0.2030802040889314,5
MSFT,2024-05-10,2024-05-13,2024-05-24,0,0.030922344041660832,0.24639293426705453,5
NVAX,2024-05-10,2024-05-13,2024-05-13,1,0.050000000000000044,0.4557505368633357,5
NVDA,2024-05-10,2024-05-13,2024-05-16,1,0.050000000000000044,0.26560498141930505,5
QCOM,2024-05-10,2024-05-13,2024-05-15,1,0.050000000000000044,0.2956288933758567,5
SEI,2024-05-10,2024-05-13,2024-05-23,0,-0.030000000000000027,0.3405706963504241,5
STX,2024-05-10,2024-05-13,2024-05-24,0,-0.0038076290806300372,0.44951842960188204,5
AAPL,2024-05-13,2024-05-14,2024-05-28,0,0.013226117304570462,0.4121368489924538,5
AXTI,2024-05-13,2024-05-14,2024-05-14,0,-0.030000000000000027,0.3152352144559533,5
DSX,2024-05-13,2024-05-14,2024-05-28,0,-0.030000000000000027,0.434582370609233,5
KODK,2024-05-13,2024-05-14,2024-05-14,1,0.050000000000000044,0.19162687493121625,5
MRVL,2024-05-13,2024-05-14,2024-05-16,1,0.050000000000000044,0.20792542620782511,5
MSFT,2024-05-13,2024-05-14,2024-05-21,1,0.050000000000000044,0.22958933434970294,5
NVAX,2024-05-13,2024-05-14,2024-05-14,0,-0.030000000000000027,0.48980764602845395,5
NVDA,2024-05-13,2024-05-14,2024-05-15,1,0.050000000000000044,0.25951944711321484,5
QCOM,2024-05-13,2024-05-14,2024-05-15,1,0.050000000000000044,0.25152435365401854,5
SEI,2024-05-13,2024-05-14,2024-05-28,0,-0.007743296206870864,0.33603159992392934,5
STX,2024-05-13,2024-05-14,2024-05-28,0,0.02432824462301353,0.3703575357025772,5
AAPL,2024-05-14,2024-05-15,2024-05-29,0,0.012665723413921803,0.3902503294195541,5
AXTI,2024-05-14,2024-05-15,2024-05-15,0,-0.030000000000000027,0.25209242390215914,5
DSX,2024-05-14,2024-05-15,2024-05-28,0,-0.030000000000000027,0.36880124886347204,5
KODK,2024-05-14,2024-05-15,2024-05-15,0,-0.030000000000000027,0.26515404260377007,5
MRVL,2024-05-14,2024-05-15,2024-05-16,1,0.050000000000000044,0.20290432802559802,5
MSFT,2024-05-14,2024-05-15,2024-05-29,0,0.026968135154017636,0.24927543297587265,5
NVAX,2024-05-14,2024-05-15,2024-05-15,0,-0.030000000000000027,0.39500721126542376,5
NVDA,2024-05-14,2024-05-15,2024-05-23,1,0.10333947076088168,0.2831320386318336,5
QCOM,2024-05-14,2024-05-15,2024-05-20,1,0.050000000000000044,0.25140849840501533,5
SEI,2024-05-14,2024-05-15,2024-05-15,0,-0.030000000000000027,0.40470754700776745,5
STX,2024-05-14,2024-05-15,2024-05-21,0,-0.03619921434245976,0.4557674863885493,5
AAPL,2024-05-15,2024-05-16,2024-05-30,0,0.004305120348139457,0.41857187507764193,5
AXTI,2024-05-15,2024-05-16,2024-05-16,0,-0.030000000000000027,0.2264930475075095,5
DSX,2024-05-15,2024-05-16,2024-05-28,0,-0.030000000000000027,0.3213456143020683,5
KODK,2024-05-15,2024-05-16,2024-05-21,0,-0.030000000000000027,0.3252235228110818,5
MRVL,2024-05-15,2024-05-16,2024-05-16,1,0.050000000000000044,0.34667679662169804,5
MSFT,2024-05-15,2024-05-16,2024-05-30,0,-0.01690371171538152,0.37484414987347225,5
NVAX,2024-05-15,2024-05-16,2024-05-16,1,0.050000000000000044,0.3078276898752067,5
NVDA,2024-05-15,2024-05-16,2024-05-17,0,-0.030000000000000027,0.2787931827734963,5
QCOM,2024-05-15,2024-05-16,2024-05-22,1,0.050000000000000044,0.33846085879811744,5
SEI,2024-05-15,2024-05-16,2024-05-30,0,-0.013289033739973144,0.35748013555436503,5
STX,2024-05-15,2024-05-16,2024-05-17,0,-0.030000000000000027,0.5284250154956129,5
AAPL,2024-05-16,2024-05-17,2024-05-31,0,0.014458432549117717,0.41857187507764193,5
AXTI,2024-05-16,2024-05-17,2024-05-17,0,-0.030000000000000027,0.21950070447905043,5
DSX,2024-05-16,2024-05-17,2024-05-28,0,-0.030000000000000138,0.37769281642115077,5
KODK,2024-05-16,2024-05-17,2024-05-21,0,-0.030000000000000138,0.38745173292451673,5
MRVL,2024-05-16,2024-05-17,2024-05-24,1,0.050000000000000044,0.4349416571343698,5
MSFT,2024-05-16,2024-05-17,2024-05-31,0,-0.030000000000000138,0.3200915221049469,5
NVAX,2024-05-16,2024-05-17,2024-05-17,0,-0.030000000000000027,0.29937356806403764,5
NVDA,2024-05-16,2024-05-17,2024-05-23,1,0.081160225670317,0.25019213831889214,5
QCOM,2024-05-16,2024-05-17,2024-05-22,1,0.05199566143119827,0.3203669927073453,5
SEI,2024-05-16,2024-05-17,2024-05-22,0,-0.029999999999999916,0.34489080825598073,5
STX,2024-05-16,2024-05-17,2024-05-17,0,-0.030000000000000027,0.42241745846125445,5
AAPL,2024-05-17,2024-05-20,2024-06-03,0,0.024824466361859976,0.36521304871742605,5
AXTI,2024-05-17,2024-05-20,2024-05-20,0,-0.030000000000000027,0.25576764242045735,5
DSX,2024-05-17,2024-05-20,2024-05-28,0,-0.030000000000000027,0.26519168357021206,5
KODK,2024-05-17,2024-05-20,2024-05-21,0,-0.030000000000000027,0.4267718860943215,5
MRVL,2024-05-17,2024-05-20,2024-05-23,1,0.050000000000000044,0.3403264431197155,5
MSFT,2024-05-17,2024-05-20,2024-05-31,0,-0.029999999999999916,0.3160634073833088,5
NVAX,2024-05-17,2024-05-20,2024-05-20,1,0.050000000000000044,0.31774823692398857,5
NVDA,2024-05-17,2024-05-20,2024-05-23,1,0.08829884504359131,0.25173510456458387,5
QCOM,2024-05-17,2024-05-20,2024-05-22,1,0.050000000000000044,0.2733854847459633,5
SEI,2024-05-17,2024-05-20,2024-05-22,0,-0.030000000000000138,0.3026714059223289,5
STX,2024-05-17,2024-05-20,2024-05-30,0,-0.030000000000000027,0.3000465139872805,5
AAPL,2024-05-20,2024-05-21,2024-06-04,0,0.017060045619736064,0.37698828701019155,5
AXTI,2024-05-20,2024-05-21,2024-05-21,0,-0.030000000000000027,0.2792303457258592,5
DSX,2024-05-20,2024-05-21,2024-05-28,0,-0.030000000000000027,0.3412982163383906,5
KODK,2024-05-20,2024-05-21,2024-05-21,0,-0.030000000000000027,0.45088742014689026,5
MRVL,2024-05-20,2024-05-21,2024-05-24,1,0.050000000000000044,0.44951842960188204,5
MSFT,2024-05-20,2024-05-21,2024-05-31,0,-0.030000000000000027,0.3059884491711382,5
NVAX,2024-05-20,2024-05-21,2024-05-21,1,0.050000000000000044,0.3220138891404193,5
NVDA,2024-05-20,2024-05-21,2024-05-23,1,0.09005449684809896,0.24526828550864344,5
QCOM,2024-05-20,2024-05-21,2024-05-23,1,0.050354655622216304,0.403441942176342,5
SEI,2024-05-20,2024-05-21,2024-05-22,0,-0.030000000000000138,0.22362153798755138,5
STX,2024-05-20,2024-05-21,2024-05-31,0,-0.030000000000000138,0.20781176202593482,5
AAPL,2024-05-21,2024-05-22,2024-06-05,0,0.018723502995058317,0.39549963069567373,5
AXTI,2024-05-21,2024-05-22,2024-05-23,1,0.050000000000000044,0.2723178563313975,5
DSX,2024-05-21,2024-05-22,2024-05-28,0,-0.030000000000000138,0.3366640161491964,5
KODK,2024-05-21,2024-05-22,2024-05-28,1,0.050000000000000044,0.3593481216173763,5
MRVL,2024-05-21,2024-05-22,2024-05-24,1,0.050000000000000044,0.40629820769867914,5
MSFT,2024-05-21,2024-05-22,2024-05-30,0,-0.030000000000000027,0.3368222894667308,5
NVAX,2024-05-21,2024-05-22,2024-05-22,1,0.050000000000000044,0.3220138891404193,5
NVDA,2024-05-21,2024-05-22,2024-05-23,1,0.0688150325327197,0.24307138143296975,5
QCOM,2024-05-21,2024-05-22,2024-05-28,1,0.07046774964642877,0.4363771349637076,5
SEI,2024-05-21,2024-05-22,2024-05-22,0,-0.029999999999999916,0.2000543331929734,5
STX,2024-05-21,2024-05-22,2024-05-31,0,-0.030000000000000027,0.30568524307486833,5
AAPL,2024-05-22,2024-05-23,2024-06-06,0,0.01832652531414425,0.369128692592031,5
AXTI,2024-05-22,2024-05-23,2024-05-23,0,-0.030000000000000027,0.27326255382321946,5
DSX,2024-05-22,2024-05-23,2024-05-28,0,-0.030000000000000027,0.24629406761086484,5
KODK,2024-05-22,2024-05-23,2024-05-23,0,-0.030000000000000027,0.3010694846679403,5
MRVL,2024-05-22,2024-05-23,2024-05-23,0,-0.030000000000000027,0.40629820769867914,5
MSFT,2024-05-22,2024-05-23,2024-05-30,0,-0.030000000000000027,0.3949661167270655,5
NVAX,2024-05-22,2024-05-23,2024-05-23,0,-0.030000000000000027,0.3416717709871694,5
NVDA,2024-05-22,2024-05-23,2024-05-28,1,0.08052677618868365,0.24300579863375887,5
QCOM,2024-05-22,2024-05-23,2024-05-23,0,-0.030000000000000138,0.5561093204130841,5
SEI,2024-05-22,2024-05-23,2024-06-03,0,-0.030000000000000027,0.21159067235680776,5
STX,2024-05-22,2024-05-23,2024-05-23,0,-0.029999999999999916,0.2482879587149457,5
AAPL,2024-05-23,2024-05-24,2024-06-07,0,0.04273923880738861,0.3323144533290472,5
AXTI,2024-05-23,2024-05-24,2024-05-24,1,0.050000000000000044,0.27132343900720024,5
DSX,2024-05-23,2024-05-24,2024-05-28,0,-0.030000000000000027,0.34375089904734074,5
KODK,2024-05-23,2024-05-24,2024-05-24,1,0.050000000000000044,0.28681238613052756,5
MRVL,2024-05-23,2024-05-24,2024-05-31,0,-0.030000000000000027,0.43132726074459865,5
MSFT,2024-05-23,2024-05-24,2024-05-30,0,-0.029999999999999916,0.32989200473102237,5
NVAX,2024-05-23,2024-05-24,2024-05-24,0,-0.030000000000000027,0.3205103895447398,5
NVDA,2024-05-23,2024-05-24,2024-05-28,1,0.0554815870626304,0.2992868892920896,5
QCOM,2024-05-23,2024-05-24,2024-05-28,1,0.06542740467732533,0.5531125002305003,5
SEI,2024-05-23,2024-05-24,2024-06-03,0,-0.029999999999999916,0.3173608084352484,5
STX,2024-05-23,2024-05-24,2024-05-31,0,-0.030000000000000027,0.2663565687849115,5
AAPL,2024-05-24,2024-05-28,2024-06-10,0,0.00840678452678989,0.30731493146336236,5
AXTI,2024-05-24,2024-05-28,2024-05-28,1,0.050000000000000044,0.28267138178189116,5
DSX,2024-05-24,2024-05-28,2024-05-28,0,-0.030000000000000027,0.27669432469313515,5
KODK,2024-05-24,2024-05-28,2024-05-28,1,0.050000000000000044,0.4032708481032803,5
MRVL,2024-05-24,2024-05-28,2024-05-31,0,-0.030000000000000138,0.45918458015250513,5
MSFT,2024-05-24,2024-05-28,2024-05-30,0,-0.029999999999999916,0.3096681262963431,5
NVAX,2024-05-24,2024-05-28,2024-05-28,0,-0.030000000000000027,0.3205103895447398,5
NVDA,2024-05-24,2024-05-28,2024-05-30,1,0.050000000000000044,0.20771570456718833,5
QCOM,2024-05-24,2024-05-28,2024-05-29,0,-0.039497271032831405,0.5458390893963814,5
SEI,2024-05-24,2024-05-28,2024-06-03,0,-0.030000000000000027,0.3288470888636911,5
STX,2024-05-24,2024-05-28,2024-05-31,0,-0.030000000000000138,0.2500753764548422,5
AAPL,2024-05-28,2024-05-29,2024-06-11,1,0.050000000000000044,0.28476153889762473,5
AXTI,2024-05-28,2024-05-29,2024-05-29,1,0.050000000000000044,0.3294928886222496,5
DSX,2024-05-28,2024-05-29,2024-06-11,0,-0.030000000000000027,0.2461664403211134,5
KODK,2024-05-28,2024-05-29,2024-06-03,1,0.06213586192203513,0.4448619210247828,5
MRVL,2024-05-28,2024-05-29,2024-05-31,0,-0.030000000000000027,0.5086760141322266,5
MSFT,2024-05-28,2024-05-29,2024-05-31,0,-0.029999999999999916,0.38382672828865766,5
NVAX,2024-05-28,2024-05-29,2024-05-30,1,0.050000000000000044,0.44843224370890883,5
NVDA,2024-05-28,2024-05-29,2024-05-31,0,-0.030000000000000027,0.21348418602527783,5
QCOM,2024-05-28,2024-05-29,2024-05-31,0,-0.030000000000000027,0.58935755406076,5
SEI,2024-05-28,2024-05-29,2024-06-04,0,-0.03142545114705564,0.30416022393048414,5
STX,2024-05-28,2024-05-29,2024-05-30,0,-0.030000000000000027,0.2988688713039726,5
AAPL,2024-05-29,2024-05-30,2024-06-11,1,0.050000000000000044,0.29063557755395125,5
AXTI,2024-05-29,2024-05-30,2024-05-30,0,-0.030000000000000027,0.2987321757624684,5
DSX,2024-05-29,2024-05-30,2024-06-11,0,-0.030000000000000027,0.24452987998704986,5
KODK,2024-05-29,2024-05-30,2024-06-03,1,0.0519230751596258,0.4540384719811965,5
MRVL,2024-05-29,2024-05-30,2024-05-31,0,-0.029999999999999916,0.3056320849863297,5
MSFT,2024-05-29,2024-05-30,2024-05-31,0,-0.030000000000000027,0.3078598296944711,5
NVAX,2024-05-29,2024-05-30,2024-05-31,0,-0.030000000000000027,0.338242538797315,5
NVDA,2024-05-29,2024-05-30,2024-05-30,0,-0.030000000000000027,0.19653950543439777,5
QCOM,2024-05-29,2024-05-30,2024-05-31,0,-0.030000000000000027,0.5445353184223164,5
SEI,2024-05-29,2024-05-30,2024-06-03,1,0.050000000000000044,0.3024432879390808,5
STX,2024-05-29,2024-05-30,2024-05-31,0,-0.030000000000000027,0.23140255348301408,5
AAPL,2024-05-30,2024-05-31,2024-06-11,1,0.050000000000000044,0.29488681838595626,5
AXTI,2024-05-30,2024-05-31,2024-05-31,0,-0.030000000000000027,0.25088218058749306,5
DSX,2024-05-30,2024-05-31,2024-06-13,0,-0.00814241262637494,0.2755176110180475,5
KODK,2024-05-30,2024-05-31,2024-06-03,1,0.050000000000000044,0.48389950490693,5
MRVL,2024-05-30,2024-05-31,2024-05-31,0,-0.030000000000000027,0.36408510412933315,5
MSFT,2024-05-30,2024-05-31,2024-06-12,1,0.050000000000000044,0.3045707857604908,5
NVAX,2024-05-30,2024-05-31,2024-05-31,0,-0.030000000000000027,0.3534807390127049,5
NVDA,2024-05-30,2024-05-31,2024-05-31,0,-0.030000000000000027,0.36820404020443565,5
QCOM,2024-05-30,2024-05-31,2024-05-31,0,-0.030000000000000027,0.48617355097557874,5
SEI,2024-05-30,2024-05-31,2024-06-03,0,-0.029999999999999916,0.2927458182153894,5
STX,2024-05-30,2024-05-31,2024-05-31,0,-0.030000000000000027,0.27161353443238795,5
AAPL,2024-05-31,2024-06-03,2024-06-11,1,0.050000000000000044,0.2529449028948322,5
AXTI,2024-05-31,2024-06-03,2024-06-03,0,-0.030000000000000027,0.25776256634818834,5
DSX,2024-05-31,2024-06-03,2024-06-11,0,-0.029999999999999916,0.2626743788862573,5
KODK,2024-05-31,2024-06-03,2024-06-06,1,0.050000000000000044,0.5267924374109826,5
MRVL,2024-05-31,2024-06-03,2024-06-03,0,-0.030000000000000027,0.31754121050023465,5
MSFT,2024-05-31,2024-06-03,2024-06-12,1,0.050000000000000044,0.3212922694747271,5
NVAX,2024-05-31,2024-06-03,2024-06-03,1,0.050000000000000044,0.5548159796833082,5
NVDA,2024-05-31,2024-06-03,2024-06-05,1,0.050000000000000044,0.2333890562410844,5
QCOM,2024-05-31,2024-06-03,2024-06-03,0,-0.030000000000000027,0.2976308495359141,5
SEI,2024-05-31,2024-06-03,2024-06-03,0,-0.029999999999999916,0.4009876857580077,5
STX,2024-05-31,2024-06-03,2024-06-03,0,-0.030000000000000027,0.30014765625746115,5
AAPL,2024-06-03,2024-06-04,2024-06-11,1,0.050000000000000044,0.22822209866163323,5
AXTI,2024-06-03,2024-06-04,2024-06-04,0,-0.030000000000000027,0.2711669611978147,5
DSX,2024-06-03,2024-06-04,2024-06-10,0,-0.030000000000000027,0.24507906672998858,5
KODK,2024-06-03,2024-06-04,2024-06-05,1,0.050000000000000044,0.5112681347078096,5
MRVL,2024-06-03,2024-06-04,2024-06-12,1,0.05924057701424612,0.3165253169953781,5
MSFT,2024-06-03,2024-06-04,2024-06-12,1,0.0555005094183576,0.3213821343229919,5
NVAX,2024-06-03,2024-06-04,2024-06-04,0,-0.030000000000000027,0.3464236428683435,5
NVDA,2024-06-03,2024-06-04,2024-06-05,1,0.050000000000000044,0.22705589392387926,5
QCOM,2024-06-03,2024-06-04,2024-06-13,1,0.05075025593503879,0.2945578865152325,5
SEI,2024-06-03,2024-06-04,2024-06-14,0,-0.03393367119972335,0.3087690948849997,5
STX,2024-06-03,2024-06-04,2024-06-05,1,0.050000000000000044,0.31285431496634414,5
AAPL,2024-06-04,2024-06-05,2024-06-11,1,0.050000000000000044,0.24842706615232119,5
AXTI,2024-06-04,2024-06-05,2024-06-05,1,0.050000000000000044,0.1623172038523706,5
DSX,2024-06-04,2024-06-05,2024-06-11,0,-0.030000000000000027,0.25804568297512176,5
KODK,2024-06-04,2024-06-05,2024-06-05,1,0.050000000000000044,0.4282422994595165,5
MRVL,2024-06-04,2024-06-05,2024-06-12,1,0.0630098346519723,0.3277394623433679,5
MSFT,2024-06-04,2024-06-05,2024-06-12,1,0.050000000000000044,0.334054006031153,5
NVAX,2024-06-04,2024-06-05,2024-06-05,1,0.050000000000000044,0.2198967579622425,5
NVDA,2024-06-04,2024-06-05,2024-06-06,1,0.050000000000000044,0.2343810120933745,5
QCOM,2024-06-04,2024-06-05,2024-06-13,1,0.050000000000000044,0.3671623254126889,5
SEI,2024-06-04,2024-06-05,2024-06-14,0,-0.032813099996326645,0.31653781996640945,5
STX,2024-06-04,2024-06-05,2024-06-05,1,0.050000000000000044,0.3027378497497958,5
AAPL,2024-06-05,2024-06-06,2024-06-11,1,0.050000000000000044,0.21359428044994722,5
AXTI,2024-06-05,2024-06-06,2024-06-10,1,0.050000000000000044,0.19609849986812525,5
DSX,2024-06-05,2024-06-06,2024-06-11,0,-0.030000000000000027,0.2560768760448586,5
KODK,2024-06-05,2024-06-06,2024-06-10,1,0.050000000000000044,0.43417627659192093,5
MRVL,2024-06-05,2024-06-06,2024-06-10,0,-0.03468623043524599,0.3125581524792923,5
MSFT,2024-06-05,2024-06-06,2024-06-17,1,0.050000000000000044,0.34872132843919607,5
NVAX,2024-06-05,2024-06-06,2024-06-06,0,-0.030000000000000027,0.22658046293046627,5
NVDA,2024-06-05,2024-06-06,2024-06-06,0,-0.030000000000000027,0.16692071423227425,5
QCOM,2024-06-05,2024-06-06,2024-06-07,0,-0.030000000000000027,0.44251051506001293,5
SEI,2024-06-05,2024-06-06,2024-06-14,0,-0.030000000000000027,0.32303040083729184,5
STX,2024-06-05,2024-06-06,2024-06-11,1,0.050000000000000044,0.4066427568488934,5
AAPL,2024-06-06,2024-06-07,2024-06-11,1,0.050000000000000044,0.30602369018042264,5
AXTI,2024-06-06,2024-06-07,2024-06-10,1,0.050000000000000044,0.18933027335278313,5
DSX,2024-06-06,2024-06-07,2024-06-17,0,-0.030000000000000027,0.2932053392593973,5
KODK,2024-06-06,2024-06-07,2024-06-07,1,0.050000000000000044,0.42884296990876863,5
MRVL,2024-06-06,2024-06-07,2024-06-12,1,0.05425658965721736,0.3024934239443574,5
MSFT,2024-06-06,2024-06-07,2024-06-17,1,0.050000000000000044,0.31755254034648395,5
NVAX,2024-06-06,2024-06-07,2024-06-07,0,-0.030000000000000027,0.22282417720820977,5
NVDA,2024-06-06,2024-06-07,2024-06-12,1,0.050000000000000044,0.19746784737003797,5
QCOM,2024-06-06,2024-06-07,2024-06-17,1,0.050000000000000044,0.37181905242540914,5
SEI,2024-06-06,2024-06-07,2024-06-17,0,-0.030000000000000027,0.3101853408649642,5
STX,2024-06-06,2024-06-07,2024-06-11,1,0.050000000000000044,0.29435214661573844,5
AAPL,2024-06-07,2024-06-10,2024-06-11,1,0.050000000000000044,0.2044517416679767,5
AXTI,2024-06-07,2024-06-10,2024-06-10,1,0.050000000000000044,0.18593939877199753,5
DSX,2024-06-07,2024-06-10,2024-06-17,0,-0.030000000000000027,0.284805028913141,5
KODK,2024-06-07,2024-06-10,2024-06-10,1,0.050000000000000044,0.4030673927203848,5
MRVL,2024-06-07,2024-06-10,2024-06-11,1,0.050000000000000044,0.3024934239443574,5
MSFT,2024-06-07,2024-06-10,2024-06-17,1,0.050000000000000044,0.3311192135863638,5
NVAX,2024-06-07,2024-06-10,2024-06-10,0,-0.030000000000000027,0.36337621389946073,5
NVDA,2024-06-07,2024-06-10,2024-06-12,1,0.050000000000000044,0.35164229370170974,5
QCOM,2024-06-07,2024-06-10,2024-06-12,1,0.050000000000000044,0.3663271201877079,5
SEI,2024-06-07,2024-06-10,2024-06-17,0,-0.030000000000000027,0.28952250188652273,5
STX,2024-06-07,2024-06-10,2024-06-11,1,0.050000000000000044,0.24744894271313497,5
AAPL,2024-06-10,2024-06-11,2024-06-11,1,0.050000000000000044,0.28035307531956133,5
AXTI,2024-06-10,2024-06-11,2024-06-11,0,-0.030000000000000027,0.2593578092608979,5
DSX,2024-06-10,2024-06-11,2024-06-17,0,-0.030000000000000138,0.23899505351645434,5
KODK,2024-06-10,2024-06-11,2024-06-12,1,0.050000000000000044,0.4324641085146944,5
MRVL,2024-06-10,2024-06-11,2024-06-12,1,0.050000000000000044,0.3032554335529688,5
MSFT,2024-06-10,2024-06-11,2024-06-17,1,0.050000000000000044,0.33672678177365145,5
NVAX,2024-06-10,2024-06-11,2024-06-11,1,0.050000000000000044,0.40813544043160205,5
NVDA,2024-06-10,2024-06-11,2024-06-13,1,0.0625770679341684,0.28575040264427226,5
QCOM,2024-06-10,2024-06-11,2024-06-13,1,0.050000000000000044,0.336108093418351,5
SEI,2024-06-10,2024-06-11,2024-06-14,0,-0.030000000000000027,0.2356304387398556,5
STX,2024-06-10,2024-06-11,2024-06-12,1,0.050000000000000044,0.39496266807591085,5
AAPL,2024-06-11,2024-06-12,2024-06-12,1,0.050000000000000044,0.26201919341682495,5
AXTI,2024-06-11,2024-06-12,2024-06-13,0,-0.030000000000000027,0.13706741694127011,5
DSX,2024-06-11,2024-06-12,2024-06-18,0,-0.030000000000000138,0.2523203245553358,5
KODK,2024-06-11,2024-06-12,2024-06-13,0,-0.030000000000000138,0.36867338775270997,5
MRVL,2024-06-11,2024-06-12,2024-06-13,1,0.050000000000000044,0.2986918004570076,5
MSFT,2024-06-11,2024-06-12,2024-06-26,0,0.038684005971589164,0.31379801843092364,5
NVAX,2024-06-11,2024-06-12,2024-06-12,0,-0.029999999999999916,0.42535404526106824,5
NVDA,2024-06-11,2024-06-12,2024-06-13,1,0.05143828220772373,0.3228724749358904,5
QCOM,2024-06-11,2024-06-12,2024-06-18,1,0.06738830086544056,0.35700657888794285,5
SEI,2024-06-11,2024-06-12,2024-06-13,0,-0.030000000000000027,0.20043877136332022,5
STX,2024-06-11,2024-06-12,2024-06-26,0,0.0032309213891072996,0.4814244165333431,5
AAPL,2024-06-12,2024-06-13,2024-06-21,0,-0.030000000000000138,0.36632970102328216,5
AXTI,2024-06-12,2024-06-13,2024-06-18,1,0.050000000000000044,0.19833590809034382,5
DSX,2024-06-12,2024-06-13,2024-06-17,0,-0.030000000000000027,0.2237297484408257,5
KODK,2024-06-12,2024-06-13,2024-06-13,0,-0.030000000000000027,0.34276162323806875,5
MRVL,2024-06-12,2024-06-13,2024-06-13,0,-0.030000000000000027,0.3871617479823104,5
MSFT,2024-06-12,2024-06-13,2024-06-27,0,0.02722008077715765,0.3583583036672567,5
NVAX,2024-06-12,2024-06-13,2024-06-13,0,-0.030000000000000027,0.4195171864969459,5
NVDA,2024-06-12,2024-06-13,2024-06-18,1,0.050000000000000044,0.24179681743098877,5
QCOM,2024-06-12,2024-06-13,2024-06-18,1,0.050000000000000044,0.47823635109857926,5
SEI,2024-06-12,2024-06-13,2024-06-14,0,-0.030000000000000027,0.23154328111892225,5
STX,2024-06-12,2024-06-13,2024-06-27,0,0.01888276013378376,0.4936566350425531,5
AAPL,2024-06-13,2024-06-14,2024-06-21,0,-0.030000000000000027,0.33656892111922476,5
AXTI,2024-06-13,2024-06-14,2024-06-18,1,0.050000000000000044,0.13706741694127011,5
DSX,2024-06-13,2024-06-14,2024-06-18,0,-0.030000000000000027,0.28717758818894196,5
KODK,2024-06-13,2024-06-14,2024-06-17,1,0.050000000000000044,0.40383349088984694,5
MRVL,2024-06-13,2024-06-14,2024-06-24,0,-0.030000000000000138,0.368741999133261,5
MSFT,2024-06-13,2024-06-14,2024-06-28,0,0.019781848064896357,0.3867904508415345,5
NVAX,2024-06-13,2024-06-14,2024-06-14,0,-0.030000000000000027,0.29558402521565036,5
NVDA,2024-06-13,2024-06-14,2024-06-20,1,0.07571543967325889,0.2613331767621334,5
QCOM,2024-06-13,2024-06-14,2024-06-18,1,0.050000000000000044,0.39379866846271505,5
SEI,2024-06-13,2024-06-14,2024-06-27,1,0.050000000000000044,0.2656966963301611,5
STX,2024-06-13,2024-06-14,2024-06-28,0,0.005966359622358031,0.2762923464374343,5
AAPL,2024-06-14,2024-06-17,2024-06-24,0,-0.030000000000000027,0.4927748524388122,5
AXTI,2024-06-14,2024-06-17,2024-06-18,1,0.050000000000000044,0.17357849550899881,5
DSX,2024-06-14,2024-06-17,2024-06-24,0,-0.030000000000000027,0.26241429686181295,5
KODK,2024-06-14,2024-06-17,2024-06-21,0,-0.030000000000000027,0.3313717723811065,5
MRVL,2024-06-14,2024-06-17,2024-06-17,0,-0.030000000000000138,0.346209541189041,5
MSFT,2024-06-14,2024-06-17,2024-07-01,0,0.031948219524803534,0.4389964954204994,5
NVAX,2024-06-14,2024-06-17,2024-06-17,0,-0.030000000000000027,0.3448852570134216,5
NVDA,2024-06-14,2024-06-17,2024-06-20,1,0.0512066906763764,0.2417686985770524,5
QCOM,2024-06-14,2024-06-17,2024-06-18,1,0.050000000000000044,0.4050623181915818,5
SEI,2024-06-14,2024-06-17,2024-06-25,1,0.050000000000000044,0.2627226929017249,5
STX,2024-06-14,2024-06-17,2024-07-01,0,-0.01243952009243765,0.5079559503505842,5
AAPL,2024-06-17,2024-06-18,2024-06-20,0,-0.030000000000000027,0.5601808790538393,5
AXTI,2024-06-17,2024-06-18,2024-06-20,1,0.050000000000000044,0.20139043043742388,5
DSX,2024-06-17,2024-06-18,2024-07-02,0,0.035461018180538595,0.2865595346694623,5
KODK,2024-06-17,2024-06-18,2024-06-20,0,-0.030000000000000027,0.2884399345953385,5
MRVL,2024-06-17,2024-06-18,2024-06-24,0,-0.030000000000000027,0.23535265458974064,5
MSFT,2024-06-17,2024-06-18,2024-07-02,0,0.021280258537634378,0.4833438003557369,5
NVAX,2024-06-17,2024-06-18,2024-06-18,0,-0.030000000000000027,0.33778733243425363,5
NVDA,2024-06-17,2024-06-18,2024-06-20,1,0.06603624746270587,0.2567139989357029,5
QCOM,2024-06-17,2024-06-18,2024-06-20,0,-0.030000000000000027,0.34168679625603127,5
SEI,2024-06-17,2024-06-18,2024-06-21,0,-0.030000000000000027,0.26593608247120704,5
STX,2024-06-17,2024-06-18,2024-06-21,0,-0.030000000000000027,0.28567443086285016,5
AAPL,2024-06-18,2024-06-20,2024-06-21,0,-0.030000000000000027,0.49789141709624113,5
AXTI,2024-06-18,2024-06-20,2024-06-20,0,-0.030000000000000027,0.3684388751831368,5
DSX,2024-06-18,2024-06-20,2024-07-01,1,0.050000000000000044,0.357212811369131,5
KODK,2024-06-18,2024-06-20,2024-06-21,0,-0.030000000000000027,0.31395668145657507,5
MRVL,2024-06-18,2024-06-20,2024-06-21,0,-0.029999999999999916,0.33293083633686554,5
MSFT,2024-06-18,2024-06-20,2024-07-03,0,0.03242214674433819,0.38900208233226724,5
NVAX,2024-06-18,2024-06-20,2024-06-21,1,0.050000000000000044,0.44766069632234246,5
NVDA,2024-06-18,2024-06-20,2024-06-20,0,-0.030000000000000027,0.1639838603435505,5
QCOM,2024-06-18,2024-06-20,2024-06-20,0,-0.030000000000000027,0.32357359565990934,5
SEI,2024-06-18,2024-06-20,2024-06-27,1,0.050000000000000044,0.26593608247120704,5
STX,2024-06-18,2024-06-20,2024-06-21,0,-0.029999999999999916,0.3076540816530629,5
AAPL,2024-06-20,2024-06-21,2024-07-03,1,0.050000000000000044,0.37408113969339757,5
AXTI,2024-06-20,2024-06-21,2024-06-21,0,-0.030000000000000027,0.20833358972462773,5
DSX,2024-06-20,2024-06-21,2024-06-24,0,-0.030000000000000027,0.2657302713281424,5
KODK,2024-06-20,2024-06-21,2024-06-24,0,-0.030000000000000027,0.42809218974221097,5
MRVL,2024-06-20,2024-06-21,2024-06-24,0,-0.030000000000000138,0.30071181955303544,5
MSFT,2024-06-20,2024-06-21,2024-07-05,0,0.0451070757426717,0.4036065286187753,5
NVAX,2024-06-20,2024-06-21,2024-06-24,1,0.050000000000000044,0.5067093356631792,5
NVDA,2024-06-20,2024-06-21,2024-06-24,0,-0.030522384869342334,0.3769277052567381,5
QCOM,2024-06-20,2024-06-21,2024-06-24,0,-0.030000000000000027,0.27982343484092204,5
SEI,2024-06-20,2024-06-21,2024-06-27,1,0.050000000000000044,0.2588167467946354,5
STX,2024-06-20,2024-06-21,2024-07-05,0,-0.005554914064885397,0.33357668517600486,5
AAPL,2024-06-21,2024-06-24,2024-07-02,1,0.050000000000000044,0.45112281436610696,5
AXTI,2024-06-21,2024-06-24,2024-06-25,1,0.050000000000000044,0.3053376827635971,5
DSX,2024-06-21,2024-06-24,2024-07-03,1,0.050000000000000044,0.2731681024869823,5
KODK,2024-06-21,2024-06-24,2024-06-24,0,-0.030000000000000138,0.465634475160244,5
MRVL,2024-06-21,2024-06-24,2024-06-24,0,-0.029999999999999916,0.2896143392523723,5
MSFT,2024-06-21,2024-06-24,2024-07-08,0,0.0365495670531526,0.4673337666814731,5
NVAX,2024-06-21,2024-06-24,2024-06-24,1,0.050000000000000044,0.4542615522138384,5
NVDA,2024-06-21,2024-06-24,2024-06-24,0,-0.030000000000000027,0.4047562790333813,5
QCOM,2024-06-21,2024-06-24,2024-06-24,0,-0.030000000000000027,0.2913935560103533,5
SEI,2024-06-21,2024-06-24,2024-06-27,1,0.050000000000000044,0.26512668272084583,5
STX,2024-06-21,2024-06-24,2024-07-08,0,0.006128518863458554,0.22266550662204113,5
AAPL,2024-06-24,2024-06-25,2024-07-02,1,0.050000000000000044,0.4529588598076579,5
AXTI,2024-06-24,2024-06-25,2024-06-26,0,-0.030000000000000027,0.293729075110358,5
DSX,2024-06-24,2024-06-25,2024-07-01,1,0.050000000000000044,0.3715288351873125,5
KODK,2024-06-24,2024-06-25,2024-07-01,0,-0.030000000000000027,0.3943275063307513,5
MRVL,2024-06-24,2024-06-25,2024-06-28,1,0.050000000000000044,0.33095047330131194,5
MSFT,2024-06-24,2024-06-25,2024-07-09,0,0.025186778344018945,0.43428777680207015,5
NVAX,2024-06-24,2024-06-25,2024-06-26,0,-0.030000000000000027,0.438236353868471,5
NVDA,2024-06-24,2024-06-25,2024-06-26,1,0.050000000000000044,0.22940117864765744,5
QCOM,2024-06-24,2024-06-25,2024-06-26,0,-0.030000000000000027,0.3928078632341559,5
SEI,2024-06-24,2024-06-25,2024-07-09,0,-0.014302643252279479,0.24648079321521338,5
STX,2024-06-24,2024-06-25,2024-07-09,0,0.005782973868554864,0.20471422863728508,5
AAPL,2024-06-25,2024-06-26,2024-07-05,1,0.050000000000000044,0.424295501591285,5
AXTI,2024-06-25,2024-06-26,2024-06-27,0,-0.030000000000000027,0.2419151499355621,5
DSX,2024-06-25,2024-06-26,2024-07-01,1,0.050000000000000044,0.4251041184151763,5
KODK,2024-06-25,2024-06-26,2024-07-08,1,0.050000000000000044,0.38376635712871654,5
MRVL,2024-06-25,2024-06-26,2024-06-28,1,0.050000000000000044,0.3024934239443574,5
MSFT,2024-06-25,2024-06-26,2024-07-10,0,0.03841869823196031,0.2766524767102012,5
NVAX,2024-06-25,2024-06-26,2024-06-26,0,-0.030000000000000027,0.44380530995036993,5
NVDA,2024-06-25,2024-06-26,2024-07-01,0,-0.030000000000000027,0.2140112807608473,5
QCOM,2024-06-25,2024-06-26,2024-06-27,0,-0.030000000000000027,0.39129295973928235,5
SEI,2024-06-25,2024-06-26,2024-07-09,0,-0.030000000000000027,0.2290570967191506,5
STX,2024-06-25,2024-06-26,2024-07-10,0,0.030013470573690526,0.20955280094096249,5
AAPL,2024-06-26,2024-06-27,2024-07-05,1,0.050000000000000044,0.42922502343995234,5
AXTI,2024-06-26,2024-06-27,2024-06-28,0,-0.030000000000000138,0.2518365457459847,5
DSX,2024-06-26,2024-06-27,2024-07-11,0,0.021052778623720902,0.38287225229733374,5
KODK,2024-06-26,2024-06-27,2024-06-28,0,-0.030000000000000027,0.42544027378150495,5
MRVL,2024-06-26,2024-06-27,2024-06-28,1,0.050000000000000044,0.22584530985297918,5
MSFT,2024-06-26,2024-06-27,2024-07-11,0,0.0055730527251331985,0.2571778961130762,5
NVAX,2024-06-26,2024-06-27,2024-06-27,0,-0.030000000000000027,0.35277983451459227,5
NVDA,2024-06-26,2024-06-27,2024-07-01,0,-0.030000000000000027,0.31803336860711906,5
QCOM,2024-06-26,2024-06-27,2024-07-05,1,0.050000000000000044,0.41860504495219314,5
SEI,2024-06-26,2024-06-27,2024-07-05,0,-0.030000000000000027,0.234680890334195,5
STX,2024-06-26,2024-06-27,2024-07-11,0,0.03320345464892949,0.19644640108161357,5
AAPL,2024-06-27,2024-06-28,2024-07-08,1,0.05246320189628695,0.42922502343995234,5
AXTI,2024-06-27,2024-06-28,2024-06-28,0,-0.030000000000000027,0.2364620364692117,5
DSX,2024-06-27,2024-06-28,2024-07-12,0,-0.007067173252687686,0.3234535225899204,5
KODK,2024-06-27,2024-06-28,2024-07-01,0,-0.030000000000000027,0.3760267433131923,5
MRVL,2024-06-27,2024-06-28,2024-07-03,1,0.050000000000000044,0.23852242845224478,5
MSFT,2024-06-27,2024-06-28,2024-07-12,0,0.0010594856841092959,0.2458429082615338,5
NVAX,2024-06-27,2024-06-28,2024-06-28,0,-0.030000000000000027,0.36968588749681386,5
NVDA,2024-06-27,2024-06-28,2024-07-01,0,-0.030000000000000027,0.2785006316686062,5
QCOM,2024-06-27,2024-06-28,2024-07-05,1,0.050254988765196185,0.39024774527371364,5
SEI,2024-06-27,2024-06-28,2024-07-05,0,-0.030000000000000027,0.23841988462464525,5
STX,2024-06-27,2024-06-28,2024-07-03,0,-0.030000000000000027,0.23504035006975932,5
AAPL,2024-06-28,2024-07-01,2024-07-05,1,0.050000000000000044,0.34355299541549755,5
AXTI,2024-06-28,2024-07-01,2024-07-10,1,0.050000000000000044,0.18751131679277838,5
DSX,2024-06-28,2024-07-01,2024-07-15,0,-0.027874607688812225,0.22607063743152017,5
KODK,2024-06-28,2024-07-01,2024-07-01,0,-0.030000000000000027,0.4299433191046197,5
MRVL,2024-06-28,2024-07-01,2024-07-08,1,0.050000000000000044,0.27430316353688516,5
MSFT,2024-06-28,2024-07-01,2024-07-15,0,0.01181297319689123,0.28625093106498817,5
NVAX,2024-06-28,2024-07-01,2024-07-01,1,0.050000000000000044,0.31647443951525467,5
NVDA,2024-06-28,2024-07-01,2024-07-01,0,-0.030000000000000027,0.2935267297734276,5
QCOM,2024-06-28,2024-07-01,2024-07-08,1,0.050000000000000044,0.3769638728150489,5
SEI,2024-06-28,2024-07-01,2024-07-05,0,-0.030000000000000027,0.2504886125662049,5
STX,2024-06-28,2024-07-01,2024-07-12,1,0.050000000000000044,0.26187782690812245,5
AAPL,2024-07-01,2024-07-02,2024-07-08,1,0.05061294246758341,0.420433461798108,5
AXTI,2024-07-01,2024-07-02,2024-07-02,0,-0.030000000000000027,0.18643083280939496,5
DSX,2024-07-01,2024-07-02,2024-07-08,0,-0.030000000000000138,0.30218724149857407,5
KODK,2024-07-01,2024-07-02,2024-07-08,1,0.050000000000000044,0.36142599297233324,5
MRVL,2024-07-01,2024-07-02,2024-07-08,1,0.050000000000000044,0.15649378212783507,5
MSFT,2024-07-01,2024-07-02,2024-07-16,0,-0.008120155359507497,0.22966868297949083,5
NVAX,2024-07-01,2024-07-02,2024-07-05,0,-0.030000000000000138,0.2872300514581842,5
NVDA,2024-07-01,2024-07-02,2024-07-03,1,0.050000000000000044,0.26314207149224544,5
QCOM,2024-07-01,2024-07-02,2024-07-08,1,0.050000000000000044,0.3931345510451644,5
SEI,2024-07-01,2024-07-02,2024-07-05,0,-0.029999999999999916,0.179555887434024,5
STX,2024-07-01,2024-07-02,2024-07-12,1,0.050000000000000044,0.22867287835567077,5
AAPL,2024-07-02,2024-07-03,2024-07-10,1,0.050000000000000044,0.5333294848879645,5
AXTI,2024-07-02,2024-07-03,2024-07-10,1,0.050000000000000044,0.27095669678879897,5
DSX,2024-07-02,2024-07-03,2024-07-08,0,-0.030000000000000027,0.3037673829647464,5
KODK,2024-07-02,2024-07-03,2024-07-08,1,0.050000000000000044,0.3729315545824921,5
MRVL,2024-07-02,2024-07-03,2024-07-08,1,0.050000000000000044,0.20031982833906567,5
MSFT,2024-07-02,2024-07-03,2024-07-17,0,-0.03404699106943787,0.19342353168081458,5
NVAX,2024-07-02,2024-07-03,2024-07-03,0,-0.030000000000000027,0.35194218678896816,5
NVDA,2024-07-02,2024-07-03,2024-07-03,1,0.050000000000000044,0.27671022118835825,5
QCOM,2024-07-02,2024-07-03,2024-07-17,0,-0.030000000000000138,0.36325857707187487,5
SEI,2024-07-02,2024-07-03,2024-07-05,0,-0.030000000000000027,0.24299064502967452,5
STX,2024-07-02,2024-07-03,2024-07-12,1,0.050000000000000044,0.225479664077487,5
AAPL,2024-07-03,2024-07-05,2024-07-10,1,0.050000000000000044,0.42427432804591936,5
AXTI,2024-07-03,2024-07-05,2024-07-05,0,-0.030000000000000027,0.2705487859162539,5
DSX,2024-07-03,2024-07-05,2024-07-08,0,-0.030000000000000027,0.2959746364361589,5
KODK,2024-07-03,2024-07-05,2024-07-08,1,0.050000000000000044,0.36719339477757784,5
MRVL,2024-07-03,2024-07-05,2024-07-09,1,0.050000000000000044,0.23935634146829812,5
MSFT,2024-07-03,2024-07-05,2024-07-17,0,-0.03703135131826629,0.1687573275122231,5
NVAX,2024-07-03,2024-07-05,2024-07-05,0,-0.030000000000000027,0.31832112024412074,5
NVDA,2024-07-03,2024-07-05,2024-07-09,1,0.050000000000000044,0.2660565655224892,5
QCOM,2024-07-03,2024-07-05,2024-07-17,0,-0.030000000000000027,0.3524207604191041,5
SEI,2024-07-03,2024-07-05,2024-07-05,0,-0.030000000000000027,0.27987778475728226,5
STX,2024-07-03,2024-07-05,2024-07-10,1,0.050000000000000044,0.2471623531226968,5
